Unity Editor version:    6000.3.10f1 (e35f0c77bd8e)
Branch:                  6000.3/staging
Build type:              Release
Batch mode:              YES
macOS version:           Version 26.3.1 (Build 25D2128)
Darwin version:          25.3.0
Architecture:            arm64
Running under Rosetta:   NO
Available memory:        32768 MB
Date:                    2026-03-25T17:25:35Z
[Licensing::Module] Trying to connect to existing licensing client channel...
[Licensing::IpcConnector] Successfully connected to: "LicenseClient-fundadurupinarbabur" at "2026-03-25T17:25:35.658794Z"

COMMAND LINE ARGUMENTS:
/Applications/Unity/Hub/Editor/6000.3.10f1/Unity.app/Contents/MacOS/Unity
-adb2
-batchMode
-noUpm
-name
AssetImportWorker0
-projectPath
/Users/fundadurupinarbabur/Documents/Research/code/prompt2animation
-logFile
Logs/AssetImportWorker0.log
-srvPort
51157
-licensingIpc
LicenseClient-fundadurupinarbabur
-job-worker-count
4
-background-job-worker-count
8
-gc-helper-count
1
-name AssetImport
Successfully changed project path to: /Users/fundadurupinarbabur/Documents/Research/code/prompt2animation
/Users/fundadurupinarbabur/Documents/Research/code/prompt2animation
[UnityMemory] Configuration Parameters - Can be set up in boot.config
    "memorysetup-allocator-temp-initial-block-size-main=262144"
    "memorysetup-allocator-temp-initial-block-size-worker=262144"
    "memorysetup-temp-allocator-size-background-worker=32768"
    "memorysetup-temp-allocator-size-job-worker=262144"
    "memorysetup-temp-allocator-size-preload-manager=33554432"
    "memorysetup-temp-allocator-size-nav-mesh-worker=65536"
    "memorysetup-temp-allocator-size-audio-worker=65536"
    "memorysetup-temp-allocator-size-cloud-worker=32768"
    "memorysetup-bucket-allocator-granularity=16"
    "memorysetup-bucket-allocator-bucket-count=8"
    "memorysetup-bucket-allocator-block-size=33554432"
    "memorysetup-bucket-allocator-block-count=8"
    "memorysetup-main-allocator-block-size=16777216"
    "memorysetup-thread-allocator-block-size=16777216"
    "memorysetup-gfx-main-allocator-block-size=16777216"
    "memorysetup-gfx-thread-allocator-block-size=16777216"
    "memorysetup-cache-allocator-block-size=4194304"
    "memorysetup-typetree-allocator-block-size=2097152"
    "memorysetup-profiler-bucket-allocator-granularity=16"
    "memorysetup-profiler-bucket-allocator-bucket-count=8"
    "memorysetup-profiler-bucket-allocator-block-size=33554432"
    "memorysetup-profiler-bucket-allocator-block-count=8"
    "memorysetup-profiler-allocator-block-size=16777216"
    "memorysetup-profiler-editor-allocator-block-size=1048576"
    "memorysetup-temp-allocator-size-main=16777216"
    "memorysetup-job-temp-allocator-block-size=2097152"
    "memorysetup-job-temp-allocator-block-size-background=1048576"
    "memorysetup-job-temp-allocator-reduction-small-platforms=262144"
    "memorysetup-temp-allocator-size-gi-baking-worker=262144"
    "memorysetup-temp-allocator-size-gi-baking-worker=262144"
    "memorysetup-temp-allocator-size-gi-baking-worker=262144"
    "memorysetup-temp-allocator-size-gi-baking-worker=262144"
    "memorysetup-temp-allocator-size-gi-baking-worker=262144"
    "memorysetup-temp-allocator-size-gfx=262144"
Player connection [8333848832]  Target information:

Player connection [8333848832]  * "[IP] 172.18.20.234 [Port] 0 [Flags] 2 [Guid] 1884085946 [EditorId] 1884085946 [Version] 1048832 [Id] OSXEditor(0,Fundas-MacBook-Air.local) [Debug] 1 [PackageName] OSXEditor [ProjectName] Editor" 

Player connection [8333848832] Host joined multi-casting on [225.0.0.222:54997]...
Player connection [8333848832] Host joined alternative multi-casting on [225.0.0.222:34997]...
JobSystem: Creating JobQueue using job-worker-count value 4
Input System module state changed to: Initialized.
[Physics::Module] Initialized fallback backend.
[Physics::Module] Id: 0xdecafbad
Library Redirect Path: Library/
[Physics::Module] Selected backend.
[Physics::Module] Name: PhysX
[Physics::Module] Id: 0xf2b8ea05
[Physics::Module] SDK Version: 4.1.2
[Physics::Module] Integration Version: 1.0.0
[Physics::Module] Threading Mode: Multi-Threaded
Refreshing native plugins compatible for Editor in 8.02 ms, found 4 plugins.
Preloading 0 native plugins for Editor in 0.00 ms.
Initialize engine version: 6000.3.10f1 (e35f0c77bd8e)
[Subsystems] Discovering subsystems at path /Applications/Unity/Hub/Editor/6000.3.10f1/Unity.app/Contents/Resources/UnitySubsystems
[Subsystems] Discovering subsystems at path /Users/fundadurupinarbabur/Documents/Research/code/prompt2animation/Assets
GfxDevice: creating device client; kGfxThreadingModeNonThreaded
 preferred device: Apple M4 (high power)
Metal devices available: 1
0: Apple M4 (high power)
Using device Apple M4 (high power)
Initializing Metal device caps: Apple M4
Mac GPU Family: 2
Apple GPU Family: 9
MSL Version: 3.0
Has Float MSAA: 1
Has Float Filtering: 1
ReadWrite Texture Tier: 2
[Licensing::Client] Handshaking with LicensingClient:
  Version:                 1.17.4+4293ba1
  Session Id:              e5e41bf6192d4e44bda68a5645554bed
  Correlation Id:          70a4e7599bc9aed627fd95c3f4706b1e
  External correlation Id: 9006001291656761304
  Machine Id:              7T25LniAv8nnaufYhVam5+ddHOU=
[Licensing::Module] Successfully connected to LicensingClient on channel: "LicenseClient-fundadurupinarbabur" (connect: 0.00s, validation: 0.00s, handshake: 0.34s)
[Licensing::IpcConnector] Successfully connected to: "LicenseClient-fundadurupinarbabur-notifications" at "2026-03-25T17:25:35.998901Z"
[Licensing::Module] Licensing Background thread has ended after 0.34s
Initialize mono
Mono path[0] = '/Applications/Unity/Hub/Editor/6000.3.10f1/Unity.app/Contents/Resources/Scripting/Managed'
Mono path[1] = '/Applications/Unity/Hub/Editor/6000.3.10f1/Unity.app/Contents/Resources/Scripting/MonoBleedingEdge/lib/mono/unityjit-macos'
Mono config path = '/Applications/Unity/Hub/Editor/6000.3.10f1/Unity.app/Contents/Resources/Scripting/MonoBleedingEdge/etc'
Using monoOptions --debugger-agent=transport=dt_socket,embedding=1,server=y,suspend=n,address=127.0.0.1:56383
Begin MonoManager ReloadAssembly
Registering precompiled unity dll's ...
Register platform support module: /Applications/Unity/Hub/Editor/6000.3.10f1/Unity.app/Contents/PlaybackEngines/MacStandaloneSupport/UnityEditor.OSXStandalone.Extensions.dll
Registered in 0.000469 seconds.
- Loaded All Assemblies, in  0.196 seconds
Native extension for OSXStandalone target not found
ScheduleIndexationOnStartup MainProcess:False IndexOnStartup:True
Mono: successfully reloaded assembly
- Finished resetting the current domain, in  0.244 seconds
Domain Reload Profiling: 440ms
	BeginReloadAssembly (44ms)
		ExecutionOrderSort (0ms)
		DisableScriptedObjects (0ms)
		BackupInstance (0ms)
		ReleaseScriptingObjects (0ms)
		CreateAndSetChildDomain (0ms)
	RebuildCommonClasses (24ms)
	RebuildNativeTypeToScriptingClass (8ms)
	initialDomainReloadingComplete (23ms)
	LoadAllAssembliesAndSetupDomain (98ms)
		LoadAssemblies (44ms)
		RebuildTransferFunctionScriptingTraits (0ms)
		AnalyzeDomain (96ms)
			TypeCache.Refresh (95ms)
				TypeCache.ScanAssembly (86ms)
			BuildScriptInfoCaches (0ms)
			ResolveRequiredComponents (0ms)
	FinalizeReload (244ms)
		ReleaseScriptCaches (0ms)
		RebuildScriptCaches (0ms)
		SetupLoadedEditorAssemblies (214ms)
			LogAssemblyErrors (0ms)
			InitializePlatformSupportModulesInManaged (23ms)
			SetLoadedEditorAssemblies (3ms)
			BeforeProcessingInitializeOnLoad (49ms)
			ProcessInitializeOnLoadAttributes (84ms)
			ProcessInitializeOnLoadMethodAttributes (55ms)
			AfterProcessingInitializeOnLoad (0ms)
			EditorAssembliesLoaded (0ms)
		ExecutionOrderSort2 (0ms)
		AwakeInstancesAfterBackupRestoration (0ms)
[CoreBusinessMetrics] Unexpected thread when updating session info.
========================================================================
Worker process is ready to serve import requests
Import Worker Mode flag is 0x00
Begin MonoManager ReloadAssembly
[Licensing::Client] Successfully resolved entitlement details
[Licensing::Module] License group:
  Id: F4-F2M6-BR3P-YSAH-R4AD-XXXX
  Product: Unity Personal
  Type: ULF
  Expiration: Unlimited
[Licensing::Module] License group:
  Id: 2474338172105-UnityPersXXXX
  Product: Unity Personal
  Type: Assigned
  Expiration: Unlimited
Symbol file LoadedFromMemory is not a mono symbol file
- Loaded All Assemblies, in  0.417 seconds
Refreshing native plugins compatible for Editor in 0.64 ms, found 4 plugins.
Native extension for OSXStandalone target not found
Package Manager log level set to [2]
[Package Manager] Failed to launch server process. Reason: Unity was launched with the -noUpm command-line argument
[Package Manager] Unable to send message (not connected to server process).
[Package Manager] Cannot connect to Unity Package Manager local server
ScheduleIndexationOnStartup MainProcess:False IndexOnStartup:True
Mono: successfully reloaded assembly
- Finished resetting the current domain, in  0.569 seconds
Domain Reload Profiling: 987ms
	BeginReloadAssembly (74ms)
		ExecutionOrderSort (0ms)
		DisableScriptedObjects (3ms)
		BackupInstance (0ms)
		ReleaseScriptingObjects (0ms)
		CreateAndSetChildDomain (18ms)
	RebuildCommonClasses (22ms)
	RebuildNativeTypeToScriptingClass (8ms)
	initialDomainReloadingComplete (18ms)
	LoadAllAssembliesAndSetupDomain (295ms)
		LoadAssemblies (152ms)
		RebuildTransferFunctionScriptingTraits (0ms)
		AnalyzeDomain (172ms)
			TypeCache.Refresh (127ms)
				TypeCache.ScanAssembly (112ms)
			BuildScriptInfoCaches (37ms)
			ResolveRequiredComponents (6ms)
	FinalizeReload (570ms)
		ReleaseScriptCaches (0ms)
		RebuildScriptCaches (0ms)
		SetupLoadedEditorAssemblies (490ms)
			LogAssemblyErrors (0ms)
			InitializePlatformSupportModulesInManaged (1ms)
			SetLoadedEditorAssemblies (2ms)
			BeforeProcessingInitializeOnLoad (99ms)
			ProcessInitializeOnLoadAttributes (185ms)
			ProcessInitializeOnLoadMethodAttributes (203ms)
			AfterProcessingInitializeOnLoad (1ms)
			EditorAssembliesLoaded (0ms)
		ExecutionOrderSort2 (0ms)
		AwakeInstancesAfterBackupRestoration (2ms)
Launching external process: /Applications/Unity/Hub/Editor/6000.3.10f1/Unity.app/Contents/Helpers/UnityShaderCompiler
Launched and connected shader compiler UnityShaderCompiler after 0.02 seconds
Refreshing native plugins compatible for Editor in 3.31 ms, found 4 plugins.
Preloading 0 native plugins for Editor in 0.00 ms.
Unloading 11 Unused Serialized files (Serialized files now loaded: 0)
Unloading 7006 unused Assets / (4.8 MB). Loaded Objects now: 8104.
Memory consumption went from 227.7 MB to 222.9 MB.
Total: 7.694875 ms (FindLiveObjects: 0.606500 ms CreateObjectMapping: 0.153292 ms MarkObjects: 5.303125 ms  DeleteObjects: 1.631709 ms)

========================================================================
Received Import Request.
  Time since last request: 93575.948632 seconds.
  path: Assets/Scenes/LipSync.unity
  artifactKey: Guid(04b3c7abca7f54dbdb01c2df3ea04ec6) Importer(2089858483,b0f066a214c2f5e87bad3c948f4d605d)
Start importing Assets/Scenes/LipSync.unity using Guid(04b3c7abca7f54dbdb01c2df3ea04ec6) Importer(2089858483,b0f066a214c2f5e87bad3c948f4d605d) (ScriptedImporter) -> (artifact id: '60acbd07d2fddb1eded1344d997146b1') in 0.028590875 seconds
Number of updated asset objects reloaded before import = 0Number of asset objects unloaded after import = 1

========================================================================
Received Prepare
Refreshing native plugins compatible for Editor in 2.57 ms, found 4 plugins.
Preloading 0 native plugins for Editor in 0.00 ms.
Unloading 6 Unused Serialized files (Serialized files now loaded: 0)
Unloading 7154 unused Assets / (3.8 MB). Loaded Objects now: 8273.
Memory consumption went from 226.4 MB to 222.6 MB.
Total: 11.177042 ms (FindLiveObjects: 0.623541 ms CreateObjectMapping: 0.131042 ms MarkObjects: 9.449666 ms  DeleteObjects: 0.972542 ms)

Prepare: number of updated asset objects reloaded= 0
========================================================================
Received Import Request.
  Time since last request: 2511.589281 seconds.
  path: Packages/com.meta.xr.sdk.movement/Shared/Lightmaps/Lightmap-0_comp_light.exr
  artifactKey: Guid(5055c5d918786ac4f8e3145adebf22dd)
Start importing Packages/com.meta.xr.sdk.movement/Shared/Lightmaps/Lightmap-0_comp_light.exr using Guid(5055c5d918786ac4f8e3145adebf22dd) (TextureImporter) -> (artifact id: '441ab414ac12742f3e1295f15f7dd66d') in 0.632338041 seconds
Number of updated asset objects reloaded before import = 0Number of asset objects unloaded after import = 0

========================================================================
Received Import Request.
  Time since last request: 0.000048 seconds.
  path: Packages/com.meta.xr.sdk.movement/Editor/Native/UI/Stop.png
  artifactKey: Guid(a3dde391867617042a5c9a440dc6ae18)
Start importing Packages/com.meta.xr.sdk.movement/Editor/Native/UI/Stop.png using Guid(a3dde391867617042a5c9a440dc6ae18) (TextureImporter) -> (artifact id: 'c3b5d3c78f23430316108f60e2a1ad06') in 0.008437 seconds
Number of updated asset objects reloaded before import = 0Number of asset objects unloaded after import = 0

========================================================================
Received Import Request.
  Time since last request: 0.000032 seconds.
  path: Packages/com.meta.xr.sdk.movement/Shared/Textures/Environment/15m_tiled_Normal.png
  artifactKey: Guid(2d100d96d9356b545b0575340226a857)
Start importing Packages/com.meta.xr.sdk.movement/Shared/Textures/Environment/15m_tiled_Normal.png using Guid(2d100d96d9356b545b0575340226a857) (TextureImporter) -> (artifact id: 'd4952e163dec422d17a6a9a76c173f85') in 0.11811225 seconds
Number of updated asset objects reloaded before import = 0Number of asset objects unloaded after import = 0

========================================================================
Received Import Request.
  Time since last request: 0.000035 seconds.
  path: Packages/com.meta.xr.sdk.movement/Shared/Textures/UI/outline.png
  artifactKey: Guid(737e50576a53da943acfab4d97fc8884)
Start importing Packages/com.meta.xr.sdk.movement/Shared/Textures/UI/outline.png using Guid(737e50576a53da943acfab4d97fc8884) (TextureImporter) -> (artifact id: '87b0dfcb8df18663b694182de5e2f12c') in 0.003042542 seconds
Number of updated asset objects reloaded before import = 0Number of asset objects unloaded after import = 0

========================================================================
Received Import Request.
  Time since last request: 0.000028 seconds.
  path: Packages/com.meta.xr.sdk.movement/Editor/Native/UI/Record.png
  artifactKey: Guid(790aace0b1370e849afaa1d9f66915c0)
Start importing Packages/com.meta.xr.sdk.movement/Editor/Native/UI/Record.png using Guid(790aace0b1370e849afaa1d9f66915c0) (TextureImporter) -> (artifact id: '5003ccfcb42c40ddf20b62781a47e73a') in 0.003063292 seconds
Number of updated asset objects reloaded before import = 0Number of asset objects unloaded after import = 0

========================================================================
Received Import Request.
  Time since last request: 0.000035 seconds.
  path: Packages/com.meta.xr.sdk.movement/Shared/Lightmaps/Lightmap-0_comp_dir.png
  artifactKey: Guid(c6ecab67e2158f645848cc4e51a074fc)
Start importing Packages/com.meta.xr.sdk.movement/Shared/Lightmaps/Lightmap-0_comp_dir.png using Guid(c6ecab67e2158f645848cc4e51a074fc) (TextureImporter) -> (artifact id: '950163e6762e88a3e89609a2b915b54f') in 0.026607375 seconds
Number of updated asset objects reloaded before import = 0Number of asset objects unloaded after import = 0

========================================================================
Received Import Request.
  Time since last request: 0.000063 seconds.
  path: Packages/com.meta.xr.sdk.movement/Shared/Textures/UI/icon_mug.png
  artifactKey: Guid(7cf9dc35870a5a94993995fba2695241)
Start importing Packages/com.meta.xr.sdk.movement/Shared/Textures/UI/icon_mug.png using Guid(7cf9dc35870a5a94993995fba2695241) (TextureImporter) -> (artifact id: '96e001603c4099d4816959a4d6a4618f') in 0.003946458 seconds
Number of updated asset objects reloaded before import = 0Number of asset objects unloaded after import = 0

========================================================================
Received Import Request.
  Time since last request: 0.000034 seconds.
  path: Packages/com.meta.xr.sdk.movement/Editor/Native/Poses/Icons/Rallying.png
  artifactKey: Guid(ff11ca7c072c6be4d988f816e8851d5e)
Start importing Packages/com.meta.xr.sdk.movement/Editor/Native/Poses/Icons/Rallying.png using Guid(ff11ca7c072c6be4d988f816e8851d5e) (TextureImporter) -> (artifact id: '6634e644dcde5c9dd1731180174eccc2') in 0.006800167 seconds
Number of updated asset objects reloaded before import = 0Number of asset objects unloaded after import = 0

========================================================================
Received Import Request.
  Time since last request: 0.000033 seconds.
  path: Packages/com.meta.xr.sdk.movement/Editor/Native/Poses/Icons/Squatting.png
  artifactKey: Guid(4df6f21d55076604896446f4a7e92b13)
Start importing Packages/com.meta.xr.sdk.movement/Editor/Native/Poses/Icons/Squatting.png using Guid(4df6f21d55076604896446f4a7e92b13) (TextureImporter) -> (artifact id: 'fb8fe30e8ca4e1b814076b557306f4d5') in 0.007265209 seconds
Number of updated asset objects reloaded before import = 0Number of asset objects unloaded after import = 0

========================================================================
Received Import Request.
  Time since last request: 0.000065 seconds.
  path: Packages/com.meta.xr.sdk.movement/Shared/Textures/UI/icon_networking.png
  artifactKey: Guid(26d21f8ed2d07664c809bb1054d3f7f8)
Start importing Packages/com.meta.xr.sdk.movement/Shared/Textures/UI/icon_networking.png using Guid(26d21f8ed2d07664c809bb1054d3f7f8) (TextureImporter) -> (artifact id: '132f1200001f0b000fc0a011680bfbed') in 0.003666208 seconds
Number of updated asset objects reloaded before import = 0Number of asset objects unloaded after import = 0

========================================================================
Received Import Request.
  Time since last request: 0.000034 seconds.
  path: Packages/com.meta.xr.sdk.movement/Shared/Textures/Environment/15m_tiled_AO.png
  artifactKey: Guid(4ae3950d87b0f5447a9ec0af67190dcc)
Start importing Packages/com.meta.xr.sdk.movement/Shared/Textures/Environment/15m_tiled_AO.png using Guid(4ae3950d87b0f5447a9ec0af67190dcc) (TextureImporter) -> (artifact id: 'c062904d334dff9ec6ffb3d8c3855543') in 0.1745365 seconds
Number of updated asset objects reloaded before import = 0Number of asset objects unloaded after import = 0

========================================================================
Received Import Request.
  Time since last request: 0.000032 seconds.
  path: Packages/com.meta.xr.sdk.movement/Editor/Native/Poses/Icons/Swinging.png
  artifactKey: Guid(2ff2acd3596891048b6c0cc404e184b7)
Start importing Packages/com.meta.xr.sdk.movement/Editor/Native/Poses/Icons/Swinging.png using Guid(2ff2acd3596891048b6c0cc404e184b7) (TextureImporter) -> (artifact id: '7850171895d3c771069c8b2dae0f5957') in 0.006255791 seconds
Number of updated asset objects reloaded before import = 0Number of asset objects unloaded after import = 0

========================================================================
Received Import Request.
  Time since last request: 0.000033 seconds.
  path: Packages/com.meta.xr.sdk.movement/Shared/Textures/UI/icon_timer_rotate45.png
  artifactKey: Guid(e913e7debfd2b6c4b8b6e65f734e8847)
Start importing Packages/com.meta.xr.sdk.movement/Shared/Textures/UI/icon_timer_rotate45.png using Guid(e913e7debfd2b6c4b8b6e65f734e8847) (TextureImporter) -> (artifact id: 'ab0141af1cef8c3926bb4907e4c76f15') in 0.003320584 seconds
Number of updated asset objects reloaded before import = 0Number of asset objects unloaded after import = 0

========================================================================
Received Import Request.
  Time since last request: 0.000038 seconds.
  path: Packages/com.meta.xr.sdk.movement/Shared/Textures/UI/icon_ai_motion_synthesizer.png
  artifactKey: Guid(e98d9866b5bee59428d3d4ba066cee37)
Start importing Packages/com.meta.xr.sdk.movement/Shared/Textures/UI/icon_ai_motion_synthesizer.png using Guid(e98d9866b5bee59428d3d4ba066cee37) (TextureImporter) -> (artifact id: 'f6253255a070f673a92dcd6414555ac1') in 0.001225 seconds
Number of updated asset objects reloaded before import = 0Number of asset objects unloaded after import = 0

========================================================================
Received Import Request.
  Time since last request: 0.000036 seconds.
  path: Packages/com.meta.xr.sdk.movement/Editor/Native/Poses/Icons/Stepping.png
  artifactKey: Guid(192a1c51f3a586c45b74fba5c9cf4597)
Start importing Packages/com.meta.xr.sdk.movement/Editor/Native/Poses/Icons/Stepping.png using Guid(192a1c51f3a586c45b74fba5c9cf4597) (TextureImporter) -> (artifact id: '4af1e486e0b6d9f1ea785c9d8c1ef783') in 0.006355208 seconds
Number of updated asset objects reloaded before import = 0Number of asset objects unloaded after import = 0

========================================================================
Received Import Request.
  Time since last request: 0.000034 seconds.
  path: Packages/com.meta.xr.sdk.movement/Shared/ThirdParty/Unity/Armature_Body_AlbedoTransparency.png
  artifactKey: Guid(baf41c6c81dcab1498ecd7d2e0cc6849)
Start importing Packages/com.meta.xr.sdk.movement/Shared/ThirdParty/Unity/Armature_Body_AlbedoTransparency.png using Guid(baf41c6c81dcab1498ecd7d2e0cc6849) (TextureImporter) -> (artifact id: '3826e23378afdd8f0fe502aa8e4a8c93') in 0.036835917 seconds
Number of updated asset objects reloaded before import = 0Number of asset objects unloaded after import = 0

========================================================================
Received Import Request.
  Time since last request: 0.000045 seconds.
  path: Packages/com.meta.xr.sdk.movement/Editor/Native/Poses/Icons/Hands.png
  artifactKey: Guid(dad92930b8438cf4e8aa2da970fd679d)
Start importing Packages/com.meta.xr.sdk.movement/Editor/Native/Poses/Icons/Hands.png using Guid(dad92930b8438cf4e8aa2da970fd679d) (TextureImporter) -> (artifact id: 'a575f2977579e377f2e42f5c74384c78') in 0.021683792 seconds
Number of updated asset objects reloaded before import = 0Number of asset objects unloaded after import = 0

========================================================================
Received Import Request.
  Time since last request: 0.000031 seconds.
  path: Packages/com.meta.xr.sdk.movement/Editor/Native/UI/SkipForward.png
  artifactKey: Guid(4fb51befc5f50d645a6958f718f9571e)
Start importing Packages/com.meta.xr.sdk.movement/Editor/Native/UI/SkipForward.png using Guid(4fb51befc5f50d645a6958f718f9571e) (TextureImporter) -> (artifact id: 'aacd0102af3e2032e74e1aded457c378') in 0.00327275 seconds
Number of updated asset objects reloaded before import = 0Number of asset objects unloaded after import = 0

========================================================================
Received Import Request.
  Time since last request: 0.000040 seconds.
  path: Packages/com.meta.xr.sdk.movement/Shared/Textures/Environment/15m_tiled_Specular.png
  artifactKey: Guid(51b20b409acb5ae4a80122fbc020db78)
Start importing Packages/com.meta.xr.sdk.movement/Shared/Textures/Environment/15m_tiled_Specular.png using Guid(51b20b409acb5ae4a80122fbc020db78) (TextureImporter) -> (artifact id: 'a8fc5550c4a7f8dab05083522b2b3d41') in 0.1319145 seconds
Number of updated asset objects reloaded before import = 0Number of asset objects unloaded after import = 0

========================================================================
Received Import Request.
  Time since last request: 0.000040 seconds.
  path: Packages/com.meta.xr.sdk.movement/Shared/Textures/UI/icon_body_retarget.png
  artifactKey: Guid(76e48b4563752044ab20ba4da50f703a)
Start importing Packages/com.meta.xr.sdk.movement/Shared/Textures/UI/icon_body_retarget.png using Guid(76e48b4563752044ab20ba4da50f703a) (TextureImporter) -> (artifact id: '17d7cb173f6dfe7cd1d8bb45ab58c765') in 0.003534542 seconds
Number of updated asset objects reloaded before import = 0Number of asset objects unloaded after import = 0

========================================================================
Received Import Request.
  Time since last request: 0.013100 seconds.
  path: Packages/com.meta.xr.sdk.movement/Shared/ThirdParty/Unity/Armature.fbx
  artifactKey: Guid(f7f7cd4abe3f02e4e8b99b5a070db992)
Start importing Packages/com.meta.xr.sdk.movement/Shared/ThirdParty/Unity/Armature.fbx using Guid(f7f7cd4abe3f02e4e8b99b5a070db992) (FBXImporter) -> (artifact id: '793cddc6975eb95cd5f63a91bf2b4486') in 0.078474167 seconds
Number of updated asset objects reloaded before import = 0Number of asset objects unloaded after import = 4

========================================================================
Received Import Request.
  Time since last request: 0.007357 seconds.
  path: Packages/com.meta.xr.sdk.movement/Shared/Audio/Click0.wav
  artifactKey: Guid(1e31ea9ba2aac7840a8c02f3a0050e7d)
Start importing Packages/com.meta.xr.sdk.movement/Shared/Audio/Click0.wav using Guid(1e31ea9ba2aac7840a8c02f3a0050e7d) (AudioImporter) -> (artifact id: 'b6ccb958a4782ca7d1dd33802e2f548f') in 0.232251167 seconds
Number of updated asset objects reloaded before import = 0Number of asset objects unloaded after import = 0

========================================================================
Received Import Request.
  Time since last request: 0.000040 seconds.
  path: Packages/com.meta.xr.sdk.movement/Shared/Audio/Movement_BasicPoke_ButtonRelease.wav
  artifactKey: Guid(86dab1222b901b345a9beb6a2da97bff)
Start importing Packages/com.meta.xr.sdk.movement/Shared/Audio/Movement_BasicPoke_ButtonRelease.wav using Guid(86dab1222b901b345a9beb6a2da97bff) (AudioImporter) -> (artifact id: '3767447062e6c5996afcc2e0b01d4f3d') in 0.018369083 seconds
Number of updated asset objects reloaded before import = 0Number of asset objects unloaded after import = 0

========================================================================
Received Prepare
Begin MonoManager ReloadAssembly
[Licensing::Client] Successfully resolved entitlement details
[Licensing::Module] License group:
  Id: F4-F2M6-BR3P-YSAH-R4AD-XXXX
  Product: Unity Personal
  Type: ULF
  Expiration: Unlimited
[Licensing::Module] License group:
  Id: 2474338172105-UnityPersXXXX
  Product: Unity Personal
  Type: Assigned
  Expiration: Unlimited
Thread 0x176f1f000 may have been prematurely finalized
ADTM: Control thread waiting for realtime thread timed out, have to lock...
Symbol file LoadedFromMemory is not a mono symbol file
- Loaded All Assemblies, in  1.438 seconds
'Packages/com.meta.xr.sdk.core/Editor/BuildingBlocks/BlocksWindow.cs' contains partial class of Unity.Object, exactly 1 of the partial classes needs to be in a file with the same filename. This is to know the one that can be referenced from ie. GameObjects
'Packages/com.meta.xr.sdk.core/Editor/BuildingBlocks/BlocksWindowDetailsExtension.cs' contains partial class of Unity.Object, exactly 1 of the partial classes needs to be in a file with the same filename. This is to know the one that can be referenced from ie. GameObjects
'Packages/com.meta.xr.sdk.core/Editor/BuildingBlocks/BlocksWindowCollectionsPageExtension.cs' contains partial class of Unity.Object, exactly 1 of the partial classes needs to be in a file with the same filename. This is to know the one that can be referenced from ie. GameObjects
Refreshing native plugins compatible for Editor in 1.26 ms, found 7 plugins.
Assertion failed on expression: 'pred(*previous, *i)'
Assertion failed on expression: 'pred(*previous, *i)'
Assertion failed on expression: 'pred(*previous, *i)'
Assertion failed on expression: 'pred(*previous, *i)'
Assertion failed on expression: 'pred(*previous, *i)'
Assertion failed on expression: 'pred(*previous, *i)'
Assertion failed on expression: 'pred(*previous, *i)'
Assertion failed on expression: 'pred(*previous, *i)'
Assertion failed on expression: 'pred(*previous, *i)'
Assertion failed on expression: 'pred(*previous, *i)'
Assertion failed on expression: 'pred(*previous, *i)'
Assertion failed on expression: 'pred(*previous, *i)'
Assertion failed on expression: 'pred(*previous, *i)'
Assertion failed on expression: 'pred(*previous, *i)'
Assertion failed on expression: 'pred(*previous, *i)'
Assertion failed on expression: 'pred(*previous, *i)'
Assertion failed on expression: 'pred(*previous, *i)'
Assertion failed on expression: 'pred(*previous, *i)'
Assertion failed on expression: 'pred(*previous, *i)'
Assertion failed on expression: 'pred(*previous, *i)'
Assertion failed on expression: 'pred(*previous, *i)'
Assertion failed on expression: 'pred(*previous, *i)'
Assertion failed on expression: 'pred(*previous, *i)'
Assertion failed on expression: 'pred(*previous, *i)'
Assertion failed on expression: 'pred(*previous, *i)'
Assertion failed on expression: 'pred(*previous, *i)'
Assertion failed on expression: 'pred(*previous, *i)'
Assertion failed on expression: 'pred(*previous, *i)'
Assertion failed on expression: 'pred(*previous, *i)'
Assertion failed on expression: 'pred(*previous, *i)'
Assertion failed on expression: 'pred(*previous, *i)'
Assertion failed on expression: 'pred(*previous, *i)'
Assertion failed on expression: 'pred(*previous, *i)'
Assertion failed on expression: 'pred(*previous, *i)'
Assertion failed on expression: 'pred(*previous, *i)'
Assertion failed on expression: 'pred(*previous, *i)'
Assertion failed on expression: 'pred(*previous, *i)'
Assertion failed on expression: 'pred(*previous, *i)'
Assertion failed on expression: 'pred(*previous, *i)'
Assertion failed on expression: 'pred(*previous, *i)'
Assertion failed on expression: 'pred(*previous, *i)'
Assertion failed on expression: 'pred(*previous, *i)'
Assertion failed on expression: 'pred(*previous, *i)'
Assertion failed on expression: 'pred(*previous, *i)'
Assertion failed on expression: 'pred(*previous, *i)'
Assertion failed on expression: 'pred(*previous, *i)'
Assertion failed on expression: 'pred(*previous, *i)'
Assertion failed on expression: 'pred(*previous, *i)'
Assertion failed on expression: 'pred(*previous, *i)'
Assertion failed on expression: 'pred(*previous, *i)'
Assertion failed on expression: 'pred(*previous, *i)'
Assertion failed on expression: 'pred(*previous, *i)'
Assertion failed on expression: 'pred(*previous, *i)'
Assertion failed on expression: 'pred(*previous, *i)'
Assertion failed on expression: 'pred(*previous, *i)'
Assertion failed on expression: 'pred(*previous, *i)'
Assertion failed on expression: 'pred(*previous, *i)'
Assertion failed on expression: 'pred(*previous, *i)'
Assertion failed on expression: 'pred(*previous, *i)'
Assertion failed on expression: 'pred(*previous, *i)'
Assertion failed on expression: 'pred(*previous, *i)'
Assertion failed on expression: 'pred(*previous, *i)'
Assertion failed on expression: 'pred(*previous, *i)'
Assertion failed on expression: 'pred(*previous, *i)'
Assertion failed on expression: 'pred(*previous, *i)'
Assertion failed on expression: 'pred(*previous, *i)'
Assertion failed on expression: 'pred(*previous, *i)'
Assertion failed on expression: 'pred(*previous, *i)'
Assertion failed on expression: 'pred(*previous, *i)'
Assertion failed on expression: 'pred(*previous, *i)'
Assertion failed on expression: 'pred(*previous, *i)'
Assertion failed on expression: 'pred(*previous, *i)'
Assertion failed on expression: 'pred(*previous, *i)'
Assertion failed on expression: 'pred(*previous, *i)'
Assertion failed on expression: 'pred(*previous, *i)'
Assertion failed on expression: 'pred(*previous, *i)'
Assertion failed on expression: 'pred(*previous, *i)'
Assertion failed on expression: 'pred(*previous, *i)'
Assertion failed on expression: 'pred(*previous, *i)'
Assertion failed on expression: 'pred(*previous, *i)'
Assertion failed on expression: 'pred(*previous, *i)'
Assertion failed on expression: 'pred(*previous, *i)'
Assertion failed on expression: 'pred(*previous, *i)'
Assertion failed on expression: 'pred(*previous, *i)'
Assertion failed on expression: 'pred(*previous, *i)'
Assertion failed on expression: 'pred(*previous, *i)'
Assertion failed on expression: 'pred(*previous, *i)'
Assertion failed on expression: 'pred(*previous, *i)'
Assertion failed on expression: 'pred(*previous, *i)'
Assertion failed on expression: 'pred(*previous, *i)'
Assertion failed on expression: 'pred(*previous, *i)'
Assertion failed on expression: 'pred(*previous, *i)'
Assertion failed on expression: 'pred(*previous, *i)'
Assertion failed on expression: 'pred(*previous, *i)'
Assertion failed on expression: 'pred(*previous, *i)'
Assertion failed on expression: 'pred(*previous, *i)'
Assertion failed on expression: 'pred(*previous, *i)'
Assertion failed on expression: 'pred(*previous, *i)'
Assertion failed on expression: 'pred(*previous, *i)'
Assertion failed on expression: 'pred(*previous, *i)'
Assertion failed on expression: 'pred(*previous, *i)'
Assertion failed on expression: 'pred(*previous, *i)'
Assertion failed on expression: 'pred(*previous, *i)'
Assertion failed on expression: 'pred(*previous, *i)'
Assertion failed on expression: 'pred(*previous, *i)'
Assertion failed on expression: 'pred(*previous, *i)'
Assertion failed on expression: 'pred(*previous, *i)'
Assertion failed on expression: 'pred(*previous, *i)'
Assertion failed on expression: 'pred(*previous, *i)'
Assertion failed on expression: 'pred(*previous, *i)'
Assertion failed on expression: 'pred(*previous, *i)'
Assertion failed on expression: 'pred(*previous, *i)'
Assertion failed on expression: 'pred(*previous, *i)'
Native extension for OSXStandalone target not found
[Package Manager] Failed to launch server process. Reason: Unity was launched with the -noUpm command-line argument
[Package Manager] Unable to send message (not connected to server process).
[Package Manager] Cannot connect to Unity Package Manager local server
25/03 14:10:01.467 {DEBUG}   [AnalyticsLifeTime] Pre initialization finished.
25/03 14:10:01.467 {DEBUG}   [AnalyticsLifeTime] Post-migration initialization finished.
sh: adb: command not found
Build target directory for AndroidPlayer does not exist!
Canceling DisplayDialog: Android SDK not Found Android SDK not found. Please ensure that the path is set correctly in (Edit -> Preferences -> External Tools) or that the Untiy Android module is installed correctly.
This should not be called when not controlled by a human.
UnityEngine.Debug:ExtractStackTraceNoAlloc (byte*,int,string)
UnityEngine.StackTraceUtility:ExtractStackTrace () (at /Users/bokken/build/output/unity/unity/Runtime/Export/Scripting/StackTrace.cs:35)
UnityEditor.EditorDialog:DisplayAlertDialogNative (string,UnityEditor.DialogIconType,string,string)
UnityEditor.EditorDialog:DisplayAlertDialog (string,string,string,UnityEditor.DialogIconType) (at /Users/bokken/build/output/unity/unity/Editor/Mono/EditorDialog.cs:246)
UnityEditor.EditorUtility:DisplayDialog (string,string,string) (at /Users/bokken/build/output/unity/unity/Editor/Mono/EditorUtility.cs:202)
OVRConfig:GetAndroidSDKPathLocation (bool) (at ./Library/PackageCache/com.meta.xr.sdk.core@f8b4cfb2789f/Editor/OVRConfig.cs:104)
UnityADBToolSingleton:.cctor () (at ./Library/PackageCache/com.meta.xr.sdk.core@f8b4cfb2789f/Editor/UnityADBToolSingleton.cs:27)
OVRProjectSetupDeviceTasks:.cctor () (at ./Library/PackageCache/com.meta.xr.sdk.core@f8b4cfb2789f/Editor/OVRProjectSetup/Tasks/Implementations/OVRProjectSetupDeviceTasks.cs:42)
System.Runtime.CompilerServices.RuntimeHelpers:RunClassConstructor (System.RuntimeTypeHandle)
UnityEditor.EditorAssemblies:ProcessInitializeOnLoadAttributes (System.Type[]) (at /Users/bokken/build/output/unity/unity/Editor/Mono/EditorAssemblies.cs:124)

[/Users/bokken/build/output/unity/unity/Editor/Mono/EditorDialog.cs line 246]

[Package Manager] Failed to launch server process. Reason: Unity was launched with the -noUpm command-line argument
[Package Manager] Unable to send message (not connected to server process).
[Package Manager] Cannot connect to Unity Package Manager local server
ScheduleIndexationOnStartup MainProcess:False IndexOnStartup:True
Mono: successfully reloaded assembly
- Finished resetting the current domain, in  0.590 seconds
Domain Reload Profiling: 2030ms
	BeginReloadAssembly (1137ms)
		ExecutionOrderSort (0ms)
		DisableScriptedObjects (3ms)
		BackupInstance (0ms)
		ReleaseScriptingObjects (0ms)
		CreateAndSetChildDomain (1058ms)
	RebuildCommonClasses (18ms)
	RebuildNativeTypeToScriptingClass (7ms)
	initialDomainReloadingComplete (11ms)
	LoadAllAssembliesAndSetupDomain (268ms)
		LoadAssemblies (176ms)
		RebuildTransferFunctionScriptingTraits (0ms)
		AnalyzeDomain (126ms)
			TypeCache.Refresh (24ms)
				TypeCache.ScanAssembly (14ms)
			BuildScriptInfoCaches (92ms)
			ResolveRequiredComponents (7ms)
	FinalizeReload (590ms)
		ReleaseScriptCaches (0ms)
		RebuildScriptCaches (0ms)
		SetupLoadedEditorAssemblies (471ms)
			LogAssemblyErrors (0ms)
			InitializePlatformSupportModulesInManaged (1ms)
			SetLoadedEditorAssemblies (2ms)
			BeforeProcessingInitializeOnLoad (105ms)
			ProcessInitializeOnLoadAttributes (319ms)
			ProcessInitializeOnLoadMethodAttributes (42ms)
			AfterProcessingInitializeOnLoad (0ms)
			EditorAssembliesLoaded (0ms)
		ExecutionOrderSort2 (0ms)
		AwakeInstancesAfterBackupRestoration (7ms)
Refreshing native plugins compatible for Editor in 1.25 ms, found 7 plugins.
Preloading 0 native plugins for Editor in 0.00 ms.
Unloading 14 Unused Serialized files (Serialized files now loaded: 0)
Unloading 8017 unused Assets / (3.9 MB). Loaded Objects now: 9128.
Memory consumption went from 256.2 MB to 252.4 MB.
Total: 8.220084 ms (FindLiveObjects: 0.381792 ms CreateObjectMapping: 0.176916 ms MarkObjects: 6.015959 ms  DeleteObjects: 1.644958 ms)

Prepare: number of updated asset objects reloaded= 0
========================================================================
Received Import Request.
  Time since last request: 148.573773 seconds.
  path: Packages/com.meta.xr.sdk.core/Textures/OculusTouchForRift/touchController_albedo.png
  artifactKey: Guid(063f7a502a7e06e428090710e8286b2b)
Start importing Packages/com.meta.xr.sdk.core/Textures/OculusTouchForRift/touchController_albedo.png using Guid(063f7a502a7e06e428090710e8286b2b) (TextureImporter) -> (artifact id: '8181f84c06ecbbacb520f7909b867195') in 0.11377875 seconds
Number of updated asset objects reloaded before import = 0Number of asset objects unloaded after import = 0

========================================================================
Received Import Request.
  Time since last request: 0.000024 seconds.
  path: Packages/com.meta.xr.sdk.core/Editor/Icons/meta_icon_large.png
  artifactKey: Guid(3706497d9ade03b44b12d9c7556f5d60)
Start importing Packages/com.meta.xr.sdk.core/Editor/Icons/meta_icon_large.png using Guid(3706497d9ade03b44b12d9c7556f5d60) (TextureImporter) -> (artifact id: 'fe984e2c72d5a9788a555d065b2987ee') in 0.001673042 seconds
Number of updated asset objects reloaded before import = 0Number of asset objects unloaded after import = 0

========================================================================
Received Import Request.
  Time since last request: 0.000037 seconds.
  path: Packages/com.meta.xr.sdk.core/Editor/Icons/sdk_Icons/mono/core_icon.png
  artifactKey: Guid(3749982526f05ab4f8734115c948425d)
Start importing Packages/com.meta.xr.sdk.core/Editor/Icons/sdk_Icons/mono/core_icon.png using Guid(3749982526f05ab4f8734115c948425d) (TextureImporter) -> (artifact id: 'cfca00c8a8b1897df77b1fbb61a37f6b') in 0.001545042 seconds
Number of updated asset objects reloaded before import = 0Number of asset objects unloaded after import = 0

========================================================================
Received Import Request.
  Time since last request: 0.000036 seconds.
  path: Packages/com.meta.xr.sdk.core/Scripts/ImmersiveDebugger/UserInterface/Resources/Textures/expand_icon.png
  artifactKey: Guid(851b57887c97a574999a49d21718319f)
Start importing Packages/com.meta.xr.sdk.core/Scripts/ImmersiveDebugger/UserInterface/Resources/Textures/expand_icon.png using Guid(851b57887c97a574999a49d21718319f) (TextureImporter) -> (artifact id: '2adf571efd74e2519be36724ed74adbd') in 0.001701875 seconds
Number of updated asset objects reloaded before import = 0Number of asset objects unloaded after import = 0

========================================================================
Received Import Request.
  Time since last request: 0.000034 seconds.
  path: Packages/com.meta.xr.sdk.core/Scripts/ImmersiveDebugger/UserInterface/Resources/Textures/close_icon.png
  artifactKey: Guid(7c0e5721ea9dafd4db94a6478e5b01a2)
Start importing Packages/com.meta.xr.sdk.core/Scripts/ImmersiveDebugger/UserInterface/Resources/Textures/close_icon.png using Guid(7c0e5721ea9dafd4db94a6478e5b01a2) (TextureImporter) -> (artifact id: '09eeb792d3ec5d7baaec25a0ca4e3900') in 0.002225792 seconds
Number of updated asset objects reloaded before import = 0Number of asset objects unloaded after import = 0

========================================================================
Received Import Request.
  Time since last request: 0.000040 seconds.
  path: Packages/com.meta.xr.sdk.core/Editor/BuildingBlocks/Animations/bb_outline_05.png
  artifactKey: Guid(b62ea05aab642a84aa10dda65834bf55)
Start importing Packages/com.meta.xr.sdk.core/Editor/BuildingBlocks/Animations/bb_outline_05.png using Guid(b62ea05aab642a84aa10dda65834bf55) (TextureImporter) -> (artifact id: 'c5d3f95a0a1c36347dba7b66ccf44986') in 0.003381417 seconds
Number of updated asset objects reloaded before import = 0Number of asset objects unloaded after import = 0

========================================================================
Received Import Request.
  Time since last request: 0.000021 seconds.
  path: Packages/com.meta.xr.sdk.core/Editor/Icons/ovr_icon_pill.png
  artifactKey: Guid(27bed237a429f964088ed9cc5acfa0d8)
Start importing Packages/com.meta.xr.sdk.core/Editor/Icons/ovr_icon_pill.png using Guid(27bed237a429f964088ed9cc5acfa0d8) (TextureImporter) -> (artifact id: 'a56ba5f3edc32c330f17c58e1754dd5f') in 0.000960375 seconds
Number of updated asset objects reloaded before import = 0Number of asset objects unloaded after import = 0

========================================================================
Received Import Request.
  Time since last request: 0.000038 seconds.
  path: Packages/com.meta.xr.sdk.core/Editor/Icons/ovr_icon_meta_white.png
  artifactKey: Guid(4ad2774222eef7c418f869d5e948bd88)
Start importing Packages/com.meta.xr.sdk.core/Editor/Icons/ovr_icon_meta_white.png using Guid(4ad2774222eef7c418f869d5e948bd88) (TextureImporter) -> (artifact id: '87ba57a625f9e7f5eae949cbf4769655') in 0.001001125 seconds
Number of updated asset objects reloaded before import = 0Number of asset objects unloaded after import = 0

========================================================================
Received Import Request.
  Time since last request: 0.000037 seconds.
  path: Packages/com.meta.xr.sdk.core/Editor/OVRProjectSetup/Icons/ovr_icon_category_neutral.png
  artifactKey: Guid(a5c6b8a6ed5d33749ac1f5783e1675f2)
Start importing Packages/com.meta.xr.sdk.core/Editor/OVRProjectSetup/Icons/ovr_icon_category_neutral.png using Guid(a5c6b8a6ed5d33749ac1f5783e1675f2) (TextureImporter) -> (artifact id: '7ba43f500df0316af5c695869a4b62e7') in 0.001325333 seconds
Number of updated asset objects reloaded before import = 0Number of asset objects unloaded after import = 0

========================================================================
Received Import Request.
  Time since last request: 0.000032 seconds.
  path: Packages/com.meta.xr.sdk.core/Textures/MetaQuestTouchPro/batteryIndicatorTexture32.png
  artifactKey: Guid(4005ec4dc7a14dd408f4b8f39b8a9937)
Start importing Packages/com.meta.xr.sdk.core/Textures/MetaQuestTouchPro/batteryIndicatorTexture32.png using Guid(4005ec4dc7a14dd408f4b8f39b8a9937) (TextureImporter) -> (artifact id: 'f0e745d8c5a3f7e858e86e9f346dc876') in 0.001165791 seconds
Number of updated asset objects reloaded before import = 0Number of asset objects unloaded after import = 0

========================================================================
Received Import Request.
  Time since last request: 0.000035 seconds.
  path: Packages/com.meta.xr.sdk.core/Materials/Ray.png
  artifactKey: Guid(de5d92d1931de104793e0017792db1cb)
Start importing Packages/com.meta.xr.sdk.core/Materials/Ray.png using Guid(de5d92d1931de104793e0017792db1cb) (TextureImporter) -> (artifact id: '047e309e8da96633b32218ab1a81e929') in 0.002057416 seconds
Number of updated asset objects reloaded before import = 0Number of asset objects unloaded after import = 0

========================================================================
Received Import Request.
  Time since last request: 0.000029 seconds.
  path: Packages/com.meta.xr.sdk.core/Editor/BuildingBlocks/Icons/ovr_info_greybg.png
  artifactKey: Guid(3e9092ed0fa564e4c9ed1149474df672)
Start importing Packages/com.meta.xr.sdk.core/Editor/BuildingBlocks/Icons/ovr_info_greybg.png using Guid(3e9092ed0fa564e4c9ed1149474df672) (TextureImporter) -> (artifact id: 'cd96b986f832636b505a5f3190aa9e83') in 0.000992 seconds
Number of updated asset objects reloaded before import = 0Number of asset objects unloaded after import = 0

========================================================================
Received Import Request.
  Time since last request: 0.000037 seconds.
  path: Packages/com.meta.xr.sdk.core/Editor/Guide/Textures/ovr_develop_02.jpg
  artifactKey: Guid(7ae592bc19aae4b4baf7fdf7de5c4212)
Start importing Packages/com.meta.xr.sdk.core/Editor/Guide/Textures/ovr_develop_02.jpg using Guid(7ae592bc19aae4b4baf7fdf7de5c4212) (TextureImporter) -> (artifact id: '88113957f48ddac9a6926ff7eb187c90') in 0.001947208 seconds
Number of updated asset objects reloaded before import = 0Number of asset objects unloaded after import = 0

========================================================================
Received Import Request.
  Time since last request: 0.000034 seconds.
  path: Packages/com.meta.xr.sdk.core/Editor/Icons/ovr_icon_settings.png
  artifactKey: Guid(4d1a5448975df7842b8a595729e3c23b)
Start importing Packages/com.meta.xr.sdk.core/Editor/Icons/ovr_icon_settings.png using Guid(4d1a5448975df7842b8a595729e3c23b) (TextureImporter) -> (artifact id: '69112a59e471aed05e56e29c9bd22ee5') in 0.001040167 seconds
Number of updated asset objects reloaded before import = 0Number of asset objects unloaded after import = 0

========================================================================
Received Import Request.
  Time since last request: 0.000055 seconds.
  path: Packages/com.meta.xr.sdk.core/Editor/Icons/sdk_Icons/mono/interaction_icon.png
  artifactKey: Guid(c2dc607e6e77f704d84d3f8b19575104)
Start importing Packages/com.meta.xr.sdk.core/Editor/Icons/sdk_Icons/mono/interaction_icon.png using Guid(c2dc607e6e77f704d84d3f8b19575104) (TextureImporter) -> (artifact id: '7f2ec4177a7a19f4b7b6f1860ae51040') in 0.001455625 seconds
Number of updated asset objects reloaded before import = 0Number of asset objects unloaded after import = 0

========================================================================
Received Import Request.
  Time since last request: 0.000035 seconds.
  path: Packages/com.meta.xr.sdk.core/Editor/BuildingBlocks/Icons/ovr_bg_radius8.png
  artifactKey: Guid(6ef65e04e617e104480532604302f86b)
Start importing Packages/com.meta.xr.sdk.core/Editor/BuildingBlocks/Icons/ovr_bg_radius8.png using Guid(6ef65e04e617e104480532604302f86b) (TextureImporter) -> (artifact id: 'a68ba1460feb052630c3f6e9bf5cea6c') in 0.000819666 seconds
Number of updated asset objects reloaded before import = 0Number of asset objects unloaded after import = 0

========================================================================
Received Import Request.
  Time since last request: 0.000028 seconds.
  path: Packages/com.meta.xr.sdk.core/Textures/gaze_cursor.png
  artifactKey: Guid(077028084dceb584798dade6c58d1978)
Start importing Packages/com.meta.xr.sdk.core/Textures/gaze_cursor.png using Guid(077028084dceb584798dade6c58d1978) (TextureImporter) -> (artifact id: '4dcdea5273b400fd97f98b86ebff3933') in 0.004139875 seconds
Number of updated asset objects reloaded before import = 0Number of asset objects unloaded after import = 0

========================================================================
Received Import Request.
  Time since last request: 0.000034 seconds.
  path: Packages/com.meta.xr.sdk.core/Editor/BuildingBlocks/BlockData/EyeGaze/Textures/bb_thumb_eyegaze.jpg
  artifactKey: Guid(3aba4c4778b69ce4397e3883bbfb9c65)
Start importing Packages/com.meta.xr.sdk.core/Editor/BuildingBlocks/BlockData/EyeGaze/Textures/bb_thumb_eyegaze.jpg using Guid(3aba4c4778b69ce4397e3883bbfb9c65) (TextureImporter) -> (artifact id: 'e2a622af30e2145ebca6c4ce25cb52ae') in 0.002436 seconds
Number of updated asset objects reloaded before import = 0Number of asset objects unloaded after import = 0

========================================================================
Received Import Request.
  Time since last request: 0.000032 seconds.
  path: Packages/com.meta.xr.sdk.core/Editor/Icons/sdk_Icons/audio_icon.png
  artifactKey: Guid(4b06f2bbf51c88d44b11b2b42ad74843)
Start importing Packages/com.meta.xr.sdk.core/Editor/Icons/sdk_Icons/audio_icon.png using Guid(4b06f2bbf51c88d44b11b2b42ad74843) (TextureImporter) -> (artifact id: 'ae5fbbaec0d405be3c7e94295ef6c269') in 0.001369834 seconds
Number of updated asset objects reloaded before import = 0Number of asset objects unloaded after import = 0

========================================================================
Received Import Request.
  Time since last request: 0.000057 seconds.
  path: Packages/com.meta.xr.sdk.core/Editor/Icons/ovr_icon_home.png
  artifactKey: Guid(80983bd0b96c21e459d9b5cc8981e5a5)
Start importing Packages/com.meta.xr.sdk.core/Editor/Icons/ovr_icon_home.png using Guid(80983bd0b96c21e459d9b5cc8981e5a5) (TextureImporter) -> (artifact id: '8d7c967053e296fcf88125d192247f5b') in 0.001286417 seconds
Number of updated asset objects reloaded before import = 0Number of asset objects unloaded after import = 0

========================================================================
Received Import Request.
  Time since last request: 0.000033 seconds.
  path: Packages/com.meta.xr.sdk.core/Editor/Guide/Textures/ovr_bb.png
  artifactKey: Guid(f24915a717a7cb7439dcc628714aa175)
Start importing Packages/com.meta.xr.sdk.core/Editor/Guide/Textures/ovr_bb.png using Guid(f24915a717a7cb7439dcc628714aa175) (TextureImporter) -> (artifact id: '6ff99215c85701b5e639864095f402e1') in 0.004065625 seconds
Number of updated asset objects reloaded before import = 0Number of asset objects unloaded after import = 0

========================================================================
Received Import Request.
  Time since last request: 0.000026 seconds.
  path: Packages/com.meta.xr.sdk.core/Editor/BuildingBlocks/BlockData/MultiplayerBlocks/Shared/NetworkedCharacterRetargeter/bb_thumb_networkedretargetedcharacter.png
  artifactKey: Guid(ee98f87bb0cdea64d96df4deb46ed486)
Start importing Packages/com.meta.xr.sdk.core/Editor/BuildingBlocks/BlockData/MultiplayerBlocks/Shared/NetworkedCharacterRetargeter/bb_thumb_networkedretargetedcharacter.png using Guid(ee98f87bb0cdea64d96df4deb46ed486) (TextureImporter) -> (artifact id: 'b8f3a4ff1c903be63b67f2a8ec51b41b') in 0.012435625 seconds
Number of updated asset objects reloaded before import = 0Number of asset objects unloaded after import = 0

========================================================================
Received Import Request.
  Time since last request: 0.000036 seconds.
  path: Packages/com.meta.xr.sdk.core/Editor/BuildingBlocks/BlockData/ControllerTracking/Textures/bb_thumb_controllertracking.jpg
  artifactKey: Guid(7fb9c19c262a3bf4884528a7804f8ff9)
Start importing Packages/com.meta.xr.sdk.core/Editor/BuildingBlocks/BlockData/ControllerTracking/Textures/bb_thumb_controllertracking.jpg using Guid(7fb9c19c262a3bf4884528a7804f8ff9) (TextureImporter) -> (artifact id: '004c26b904f6bf575f7a768061761ae0') in 0.002199958 seconds
Number of updated asset objects reloaded before import = 0Number of asset objects unloaded after import = 0

========================================================================
Received Import Request.
  Time since last request: 0.000034 seconds.
  path: Packages/com.meta.xr.sdk.core/Editor/Icons/sdk_Icons/mono/multiplayer_icon.png
  artifactKey: Guid(09462aa45d244304f82cbc1fcc823715)
Start importing Packages/com.meta.xr.sdk.core/Editor/Icons/sdk_Icons/mono/multiplayer_icon.png using Guid(09462aa45d244304f82cbc1fcc823715) (TextureImporter) -> (artifact id: 'af21f5d8f0e6e18abb9e4e1d14326a9b') in 0.001383875 seconds
Number of updated asset objects reloaded before import = 0Number of asset objects unloaded after import = 0

========================================================================
Received Import Request.
  Time since last request: 0.000034 seconds.
  path: Packages/com.meta.xr.sdk.core/Editor/Textures/Spinner/Spinner_08.png
  artifactKey: Guid(a38c40289e7720f41b8c449d3f0c60f7)
Start importing Packages/com.meta.xr.sdk.core/Editor/Textures/Spinner/Spinner_08.png using Guid(a38c40289e7720f41b8c449d3f0c60f7) (TextureImporter) -> (artifact id: 'f10ed84057cca292f7aa2b06c8240961') in 0.001162542 seconds
Number of updated asset objects reloaded before import = 0Number of asset objects unloaded after import = 0

========================================================================
Received Import Request.
  Time since last request: 0.000035 seconds.
  path: Packages/com.meta.xr.sdk.core/Editor/Guide/Icons/meta_icon.png
  artifactKey: Guid(f3e4a01389254b447bad47318e36833b)
Start importing Packages/com.meta.xr.sdk.core/Editor/Guide/Icons/meta_icon.png using Guid(f3e4a01389254b447bad47318e36833b) (TextureImporter) -> (artifact id: 'dc3951f5274304820624e34f02be44e7') in 0.001303292 seconds
Number of updated asset objects reloaded before import = 0Number of asset objects unloaded after import = 0

========================================================================
Received Import Request.
  Time since last request: 0.000032 seconds.
  path: Packages/com.meta.xr.sdk.core/Editor/Icons/sdk_Icons/interaction_icon.png
  artifactKey: Guid(b8d1cef53887fa8439664091388fa24d)
Start importing Packages/com.meta.xr.sdk.core/Editor/Icons/sdk_Icons/interaction_icon.png using Guid(b8d1cef53887fa8439664091388fa24d) (TextureImporter) -> (artifact id: 'ce7ee51fd5e63c725fc74036dffeeba7') in 0.001380209 seconds
Number of updated asset objects reloaded before import = 0Number of asset objects unloaded after import = 0

========================================================================
Received Import Request.
  Time since last request: 0.000034 seconds.
  path: Packages/com.meta.xr.sdk.core/Editor/BuildingBlocks/Animations/bb_outline_06.png
  artifactKey: Guid(6c93320b42205d742a1aa9c894b1ad19)
Start importing Packages/com.meta.xr.sdk.core/Editor/BuildingBlocks/Animations/bb_outline_06.png using Guid(6c93320b42205d742a1aa9c894b1ad19) (TextureImporter) -> (artifact id: '0c86fb3314df66c9e2cf7bc8f154fdf3') in 0.003099709 seconds
Number of updated asset objects reloaded before import = 0Number of asset objects unloaded after import = 0

========================================================================
Received Import Request.
  Time since last request: 0.000033 seconds.
  path: Packages/com.meta.xr.sdk.core/Scripts/ImmersiveDebugger/UserInterface/Resources/Textures/move_icon.png
  artifactKey: Guid(d8ae9fb21d28683468f714f6353fbfb0)
Start importing Packages/com.meta.xr.sdk.core/Scripts/ImmersiveDebugger/UserInterface/Resources/Textures/move_icon.png using Guid(d8ae9fb21d28683468f714f6353fbfb0) (TextureImporter) -> (artifact id: 'd04efa95c85c63879b873ec87a39c2c7') in 0.001693041 seconds
Number of updated asset objects reloaded before import = 0Number of asset objects unloaded after import = 0

========================================================================
Received Import Request.
  Time since last request: 0.000035 seconds.
  path: Packages/com.meta.xr.sdk.core/Editor/Icons/sdk_Icons/mono/aio_icon.png
  artifactKey: Guid(2ac397fcc775f6748939b61f7dd4be6b)
Start importing Packages/com.meta.xr.sdk.core/Editor/Icons/sdk_Icons/mono/aio_icon.png using Guid(2ac397fcc775f6748939b61f7dd4be6b) (TextureImporter) -> (artifact id: '7fce4a4307969bd188903514c94b83d1') in 0.001173791 seconds
Number of updated asset objects reloaded before import = 0Number of asset objects unloaded after import = 0

========================================================================
Received Import Request.
  Time since last request: 0.000033 seconds.
  path: Packages/com.meta.xr.sdk.core/Scripts/ImmersiveDebugger/UserInterface/Resources/Textures/down_icon.png
  artifactKey: Guid(5f03374eaa65dfc4b984e0973b9c7fe1)
Start importing Packages/com.meta.xr.sdk.core/Scripts/ImmersiveDebugger/UserInterface/Resources/Textures/down_icon.png using Guid(5f03374eaa65dfc4b984e0973b9c7fe1) (TextureImporter) -> (artifact id: '8de7367ede6031151c37daf180bb95ce') in 0.001562209 seconds
Number of updated asset objects reloaded before import = 0Number of asset objects unloaded after import = 0

========================================================================
Received Import Request.
  Time since last request: 0.000026 seconds.
  path: Packages/com.meta.xr.sdk.core/Textures/MetaQuestTouchPro/controller_r_lo_Normal.png
  artifactKey: Guid(fe6dffbda2f52bb4998faa03fee04336)
Start importing Packages/com.meta.xr.sdk.core/Textures/MetaQuestTouchPro/controller_r_lo_Normal.png using Guid(fe6dffbda2f52bb4998faa03fee04336) (TextureImporter) -> (artifact id: '78ae86e39619d2b4c110b8e438d671fa') in 0.313166292 seconds
Number of updated asset objects reloaded before import = 0Number of asset objects unloaded after import = 0

========================================================================
Received Import Request.
  Time since last request: 0.000037 seconds.
  path: Packages/com.meta.xr.sdk.core/Editor/Icons/sdk_Icons/mono/scene_icon.png
  artifactKey: Guid(c991be8aefa712244b3126e3fd5ca8b6)
Start importing Packages/com.meta.xr.sdk.core/Editor/Icons/sdk_Icons/mono/scene_icon.png using Guid(c991be8aefa712244b3126e3fd5ca8b6) (TextureImporter) -> (artifact id: '37cc2102b59ca28e67ac2c14a3608315') in 0.001199584 seconds
Number of updated asset objects reloaded before import = 0Number of asset objects unloaded after import = 0

========================================================================
Received Import Request.
  Time since last request: 0.000026 seconds.
  path: Packages/com.meta.xr.sdk.core/Editor/Icons/ovr_icon_experimental.png
  artifactKey: Guid(2341668e4b51a124f9cd335ab4f496f0)
Start importing Packages/com.meta.xr.sdk.core/Editor/Icons/ovr_icon_experimental.png using Guid(2341668e4b51a124f9cd335ab4f496f0) (TextureImporter) -> (artifact id: '76c13193283b0a5dd494effbdab090c1') in 0.00088775 seconds
Number of updated asset objects reloaded before import = 0Number of asset objects unloaded after import = 0

========================================================================
Received Import Request.
  Time since last request: 0.000033 seconds.
  path: Packages/com.meta.xr.sdk.core/Editor/Icons/sdk_Icons/mono/ai_icon.png
  artifactKey: Guid(72e8ee55eb418294e8da2a9adefb5da4)
Start importing Packages/com.meta.xr.sdk.core/Editor/Icons/sdk_Icons/mono/ai_icon.png using Guid(72e8ee55eb418294e8da2a9adefb5da4) (TextureImporter) -> (artifact id: '8a593a8959479e88711da52154dd6ea0') in 0.001941459 seconds
Number of updated asset objects reloaded before import = 0Number of asset objects unloaded after import = 0

========================================================================
Received Import Request.
  Time since last request: 0.000033 seconds.
  path: Packages/com.meta.xr.sdk.core/Editor/BuildingBlocks/Icons/ovr_icon_deprecated.png
  artifactKey: Guid(02793b895384ef94ea87d06aa4a97bc2)
Start importing Packages/com.meta.xr.sdk.core/Editor/BuildingBlocks/Icons/ovr_icon_deprecated.png using Guid(02793b895384ef94ea87d06aa4a97bc2) (TextureImporter) -> (artifact id: '96eebf0022e14e09d2699dc49157695b') in 0.000922 seconds
Number of updated asset objects reloaded before import = 0Number of asset objects unloaded after import = 0

========================================================================
Received Import Request.
  Time since last request: 0.000032 seconds.
  path: Packages/com.meta.xr.sdk.core/Scripts/ImmersiveDebugger/UserInterface/Resources/Textures/opacity_icon.png
  artifactKey: Guid(1c3acb827cbbd6548afd85eca833e826)
Start importing Packages/com.meta.xr.sdk.core/Scripts/ImmersiveDebugger/UserInterface/Resources/Textures/opacity_icon.png using Guid(1c3acb827cbbd6548afd85eca833e826) (TextureImporter) -> (artifact id: '28046894c9a0c34f23f809515f275c5c') in 0.001576709 seconds
Number of updated asset objects reloaded before import = 0Number of asset objects unloaded after import = 0

========================================================================
Received Import Request.
  Time since last request: 0.000033 seconds.
  path: Packages/com.meta.xr.sdk.core/Editor/BuildingBlocks/BlockData/AIBlocks/LLM/Textures/DebugImage.png
  artifactKey: Guid(ba234129451db284baa574c1678e21ac)
Start importing Packages/com.meta.xr.sdk.core/Editor/BuildingBlocks/BlockData/AIBlocks/LLM/Textures/DebugImage.png using Guid(ba234129451db284baa574c1678e21ac) (TextureImporter) -> (artifact id: '375a9c9c418d8ac8c0504b19d09f0d48') in 0.004566166 seconds
Number of updated asset objects reloaded before import = 0Number of asset objects unloaded after import = 0

========================================================================
Received Import Request.
  Time since last request: 0.000028 seconds.
  path: Packages/com.meta.xr.sdk.core/Editor/BuildingBlocks/BlockData/Occlusion/Textures/bb_thumb_occlusion.jpg
  artifactKey: Guid(7e5f2a89b5e35214698b4b96959eee17)
Start importing Packages/com.meta.xr.sdk.core/Editor/BuildingBlocks/BlockData/Occlusion/Textures/bb_thumb_occlusion.jpg using Guid(7e5f2a89b5e35214698b4b96959eee17) (TextureImporter) -> (artifact id: '2703b8d518d5a82f7a1ffa40f7bb9c77') in 0.004839542 seconds
Number of updated asset objects reloaded before import = 0Number of asset objects unloaded after import = 0

========================================================================
Received Import Request.
  Time since last request: 0.000035 seconds.
  path: Packages/com.meta.xr.sdk.core/Editor/BuildingBlocks/Icons/ovr_icon_new.png
  artifactKey: Guid(735ae99e412d5b84580869c780c5fa0e)
Start importing Packages/com.meta.xr.sdk.core/Editor/BuildingBlocks/Icons/ovr_icon_new.png using Guid(735ae99e412d5b84580869c780c5fa0e) (TextureImporter) -> (artifact id: 'ae4a4ec26fa125e63282217e69b4fb5f') in 0.000934458 seconds
Number of updated asset objects reloaded before import = 0Number of asset objects unloaded after import = 0

========================================================================
Received Import Request.
  Time since last request: 0.000033 seconds.
  path: Packages/com.meta.xr.sdk.core/Textures/OculusTouchForQuest2/OculusTouchForQuest2_AlbedoRoughness.tga
  artifactKey: Guid(b1f40c50ae24356469c6c6d4bfb2a2d6)
Start importing Packages/com.meta.xr.sdk.core/Textures/OculusTouchForQuest2/OculusTouchForQuest2_AlbedoRoughness.tga using Guid(b1f40c50ae24356469c6c6d4bfb2a2d6) (TextureImporter) -> (artifact id: '1460dcb845c3bffdace51a3259782906') in 0.006946833 seconds
Number of updated asset objects reloaded before import = 0Number of asset objects unloaded after import = 0

========================================================================
Received Import Request.
  Time since last request: 0.000031 seconds.
  path: Packages/com.meta.xr.sdk.core/Editor/BuildingBlocks/BlockData/SpatialAudio/Textures/bb_thumbnail_spatialaudio.png
  artifactKey: Guid(ece7f22ca0181924187420a1fcc92263)
Start importing Packages/com.meta.xr.sdk.core/Editor/BuildingBlocks/BlockData/SpatialAudio/Textures/bb_thumbnail_spatialaudio.png using Guid(ece7f22ca0181924187420a1fcc92263) (TextureImporter) -> (artifact id: 'e644e6fd0acc34076b8985e72b43ebde') in 0.010209875 seconds
Number of updated asset objects reloaded before import = 0Number of asset objects unloaded after import = 0

========================================================================
Received Import Request.
  Time since last request: 0.000033 seconds.
  path: Packages/com.meta.xr.sdk.core/Editor/Icons/ovr_icon_info.png
  artifactKey: Guid(4e8211b51c2ed194ca614f7c0f36d56f)
Start importing Packages/com.meta.xr.sdk.core/Editor/Icons/ovr_icon_info.png using Guid(4e8211b51c2ed194ca614f7c0f36d56f) (TextureImporter) -> (artifact id: '418b7614bef52be88ebb4f62e02e8204') in 0.0009445 seconds
Number of updated asset objects reloaded before import = 0Number of asset objects unloaded after import = 0

========================================================================
Received Import Request.
  Time since last request: 0.000029 seconds.
  path: Packages/com.meta.xr.sdk.core/Editor/BuildingBlocks/BlockData/RoomModel/Textures/Checker.png
  artifactKey: Guid(a691417de3d6c284497171b688bac703)
Start importing Packages/com.meta.xr.sdk.core/Editor/BuildingBlocks/BlockData/RoomModel/Textures/Checker.png using Guid(a691417de3d6c284497171b688bac703) (TextureImporter) -> (artifact id: 'cea9b18cc56adb0f86ea1f0dd0e565e0') in 0.00112275 seconds
Number of updated asset objects reloaded before import = 0Number of asset objects unloaded after import = 0

========================================================================
Received Import Request.
  Time since last request: 0.000039 seconds.
  path: Packages/com.meta.xr.sdk.core/Textures/OculusTouchForQuestAndRiftS/OculusQuestTouchControllerTexture.tga
  artifactKey: Guid(a53d1d4e8207acf45b310f189c342b70)
Start importing Packages/com.meta.xr.sdk.core/Textures/OculusTouchForQuestAndRiftS/OculusQuestTouchControllerTexture.tga using Guid(a53d1d4e8207acf45b310f189c342b70) (TextureImporter) -> (artifact id: 'bd536a895ea0554b0ff12999760e4abd') in 0.008774125 seconds
Number of updated asset objects reloaded before import = 0Number of asset objects unloaded after import = 0

========================================================================
Received Import Request.
  Time since last request: 0.000031 seconds.
  path: Packages/com.meta.xr.sdk.core/Editor/Icons/ovr_radiobutton_selected.png
  artifactKey: Guid(f5981a9e55859ec45ad7bba9619d8595)
Start importing Packages/com.meta.xr.sdk.core/Editor/Icons/ovr_radiobutton_selected.png using Guid(f5981a9e55859ec45ad7bba9619d8595) (TextureImporter) -> (artifact id: '9b91354e4a84a2fd03df956e1fe67726') in 0.000850625 seconds
Number of updated asset objects reloaded before import = 0Number of asset objects unloaded after import = 0

========================================================================
Received Import Request.
  Time since last request: 0.000034 seconds.
  path: Packages/com.meta.xr.sdk.core/Editor/BuildingBlocks/BlockData/RoomModel/Textures/bb_thumb_roommodel.jpg
  artifactKey: Guid(e9e12fd1a426e804eb879518b6202ed8)
Start importing Packages/com.meta.xr.sdk.core/Editor/BuildingBlocks/BlockData/RoomModel/Textures/bb_thumb_roommodel.jpg using Guid(e9e12fd1a426e804eb879518b6202ed8) (TextureImporter) -> (artifact id: '9937cf550b1794fe1934c331d584473f') in 0.002368375 seconds
Number of updated asset objects reloaded before import = 0Number of asset objects unloaded after import = 0

========================================================================
Received Import Request.
  Time since last request: 0.000036 seconds.
  path: Packages/com.meta.xr.sdk.core/Textures/Logos/OculusLogoSplash.png
  artifactKey: Guid(3caded05dba914447a5f85650f9f4ab2)
Start importing Packages/com.meta.xr.sdk.core/Textures/Logos/OculusLogoSplash.png using Guid(3caded05dba914447a5f85650f9f4ab2) (TextureImporter) -> (artifact id: '672db8626bc50b2349d1c56e31200ff8') in 0.002490208 seconds
Number of updated asset objects reloaded before import = 0Number of asset objects unloaded after import = 0

========================================================================
Received Import Request.
  Time since last request: 0.000031 seconds.
  path: Packages/com.meta.xr.sdk.core/Textures/bar_background_semi_rounded.png
  artifactKey: Guid(5526903be7994124dae39fe89a67ebcc)
Start importing Packages/com.meta.xr.sdk.core/Textures/bar_background_semi_rounded.png using Guid(5526903be7994124dae39fe89a67ebcc) (TextureImporter) -> (artifact id: '513528636333b1603cc1557f5ca3601d') in 0.006945 seconds
Number of updated asset objects reloaded before import = 0Number of asset objects unloaded after import = 0

========================================================================
Received Import Request.
  Time since last request: 0.000032 seconds.
  path: Packages/com.meta.xr.sdk.core/Editor/Icons/sdk_Icons/mono/voice_icon.png
  artifactKey: Guid(4b8e22a58e023f742886b2c417a8eccf)
Start importing Packages/com.meta.xr.sdk.core/Editor/Icons/sdk_Icons/mono/voice_icon.png using Guid(4b8e22a58e023f742886b2c417a8eccf) (TextureImporter) -> (artifact id: '2436f46d48384d3c28639fb9c2b6f2a3') in 0.001215666 seconds
Number of updated asset objects reloaded before import = 0Number of asset objects unloaded after import = 0

========================================================================
Received Import Request.
  Time since last request: 0.000031 seconds.
  path: Packages/com.meta.xr.sdk.core/Editor/BuildingBlocks/BlockData/PassthroughCameraAccess/Textures/bb_thumb_pca.png
  artifactKey: Guid(3d78b5313ff178b429ea0d50d85486b0)
Start importing Packages/com.meta.xr.sdk.core/Editor/BuildingBlocks/BlockData/PassthroughCameraAccess/Textures/bb_thumb_pca.png using Guid(3d78b5313ff178b429ea0d50d85486b0) (TextureImporter) -> (artifact id: '153f145ab2b36607ecb068a8d302f9b4') in 0.031924667 seconds
Number of updated asset objects reloaded before import = 0Number of asset objects unloaded after import = 0

========================================================================
Received Import Request.
  Time since last request: 0.000033 seconds.
  path: Packages/com.meta.xr.sdk.core/Editor/BuildingBlocks/BlockData/Haptics/Textures/bb_thumb_haptics.jpg
  artifactKey: Guid(04042d87cf8e13c47b463f262729e2ee)
Start importing Packages/com.meta.xr.sdk.core/Editor/BuildingBlocks/BlockData/Haptics/Textures/bb_thumb_haptics.jpg using Guid(04042d87cf8e13c47b463f262729e2ee) (TextureImporter) -> (artifact id: 'b042526d105bed78d3019edab90ae014') in 0.009059292 seconds
Number of updated asset objects reloaded before import = 0Number of asset objects unloaded after import = 0

========================================================================
Received Import Request.
  Time since last request: 0.000028 seconds.
  path: Packages/com.meta.xr.sdk.core/Scripts/ImmersiveDebugger/UserInterface/Resources/Textures/icon_background_02.png
  artifactKey: Guid(36567a5bd7bff6043909dd4fef323cab)
Start importing Packages/com.meta.xr.sdk.core/Scripts/ImmersiveDebugger/UserInterface/Resources/Textures/icon_background_02.png using Guid(36567a5bd7bff6043909dd4fef323cab) (TextureImporter) -> (artifact id: '51ab0bc618a6733877337866ee124b3b') in 0.001246292 seconds
Number of updated asset objects reloaded before import = 0Number of asset objects unloaded after import = 0

========================================================================
Received Import Request.
  Time since last request: 0.000035 seconds.
  path: Packages/com.meta.xr.sdk.core/Textures/CircularGradient.png
  artifactKey: Guid(40b0edc3631a66045b06c803979bc455)
Start importing Packages/com.meta.xr.sdk.core/Textures/CircularGradient.png using Guid(40b0edc3631a66045b06c803979bc455) (TextureImporter) -> (artifact id: 'e09b3e3a95d44039a5c7ce54c3258693') in 0.002999708 seconds
Number of updated asset objects reloaded before import = 0Number of asset objects unloaded after import = 0

========================================================================
Received Import Request.
  Time since last request: 0.000034 seconds.
  path: Packages/com.meta.xr.sdk.core/Editor/BuildingBlocks/BlockData/PassthroughWindow/Textures/bb_thumb_passthroughwindow.jpg
  artifactKey: Guid(337ab3654a1281249b7a1342a0d7aa2e)
Start importing Packages/com.meta.xr.sdk.core/Editor/BuildingBlocks/BlockData/PassthroughWindow/Textures/bb_thumb_passthroughwindow.jpg using Guid(337ab3654a1281249b7a1342a0d7aa2e) (TextureImporter) -> (artifact id: 'bfb18093e55bcfd46d5bbcb1c86e1fb2') in 0.002533959 seconds
Number of updated asset objects reloaded before import = 0Number of asset objects unloaded after import = 0

========================================================================
Received Import Request.
  Time since last request: 0.000033 seconds.
  path: Packages/com.meta.xr.sdk.core/Scripts/ImmersiveDebugger/UserInterface/Resources/Textures/console_icon.png
  artifactKey: Guid(6ef46bfbed7e44344863c09a2a2c8f60)
Start importing Packages/com.meta.xr.sdk.core/Scripts/ImmersiveDebugger/UserInterface/Resources/Textures/console_icon.png using Guid(6ef46bfbed7e44344863c09a2a2c8f60) (TextureImporter) -> (artifact id: 'e675883740205e835b14d0a58d113e48') in 0.001629417 seconds
Number of updated asset objects reloaded before import = 0Number of asset objects unloaded after import = 0

========================================================================
Received Import Request.
  Time since last request: 0.000034 seconds.
  path: Packages/com.meta.xr.sdk.core/Textures/Logos/OculusLogo.png
  artifactKey: Guid(a56d69833b6471340bd0029e57449b72)
Start importing Packages/com.meta.xr.sdk.core/Textures/Logos/OculusLogo.png using Guid(a56d69833b6471340bd0029e57449b72) (TextureImporter) -> (artifact id: '9e1e870f80092a68f1b56677f9431c17') in 0.001632916 seconds
Number of updated asset objects reloaded before import = 0Number of asset objects unloaded after import = 0

========================================================================
Received Import Request.
  Time since last request: 0.000027 seconds.
  path: Packages/com.meta.xr.sdk.core/Editor/BuildingBlocks/BlockData/SampleSpatialAnchorController/Textures/bb_thumb_samplespatialanchorcontroller.jpg
  artifactKey: Guid(5a9d3959d5cc6c346bf7998612a568a6)
Start importing Packages/com.meta.xr.sdk.core/Editor/BuildingBlocks/BlockData/SampleSpatialAnchorController/Textures/bb_thumb_samplespatialanchorcontroller.jpg using Guid(5a9d3959d5cc6c346bf7998612a568a6) (TextureImporter) -> (artifact id: 'da4dc70c825f18056a5ac8def1d86900') in 0.002479416 seconds
Number of updated asset objects reloaded before import = 0Number of asset objects unloaded after import = 0

========================================================================
Received Import Request.
  Time since last request: 0.000034 seconds.
  path: Packages/com.meta.xr.sdk.core/Editor/BuildingBlocks/BlockData/AlertViewHUD/Textures/icon_error.png
  artifactKey: Guid(7a29e7d49a68af045bb7256ccad50103)
Start importing Packages/com.meta.xr.sdk.core/Editor/BuildingBlocks/BlockData/AlertViewHUD/Textures/icon_error.png using Guid(7a29e7d49a68af045bb7256ccad50103) (TextureImporter) -> (artifact id: 'a915f6664a99190001929b8130056722') in 0.001164875 seconds
Number of updated asset objects reloaded before import = 0Number of asset objects unloaded after import = 0

========================================================================
Received Import Request.
  Time since last request: 0.000032 seconds.
  path: Packages/com.meta.xr.sdk.core/Editor/BuildingBlocks/BlockData/Cube/Textures/bb_thumb_cube.jpg
  artifactKey: Guid(99a9adb7dbf96f84f8a3b5ee1042e4e0)
Start importing Packages/com.meta.xr.sdk.core/Editor/BuildingBlocks/BlockData/Cube/Textures/bb_thumb_cube.jpg using Guid(99a9adb7dbf96f84f8a3b5ee1042e4e0) (TextureImporter) -> (artifact id: 'd6cd82e59ba68e56f947ad859f6fafcf') in 0.002142625 seconds
Number of updated asset objects reloaded before import = 0Number of asset objects unloaded after import = 0

========================================================================
Received Import Request.
  Time since last request: 0.000032 seconds.
  path: Packages/com.meta.xr.sdk.core/Editor/BuildingBlocks/Icons/bb_icon_close.png
  artifactKey: Guid(76f80c1838e725a4fa7e9377d7f0dd3e)
Start importing Packages/com.meta.xr.sdk.core/Editor/BuildingBlocks/Icons/bb_icon_close.png using Guid(76f80c1838e725a4fa7e9377d7f0dd3e) (TextureImporter) -> (artifact id: '4a91805806c22009882b3bddb2b29783') in 0.00194525 seconds
Number of updated asset objects reloaded before import = 0Number of asset objects unloaded after import = 0

========================================================================
Received Import Request.
  Time since last request: 0.000037 seconds.
  path: Packages/com.meta.xr.sdk.core/Editor/Textures/Spinner/Spinner_03.png
  artifactKey: Guid(64a10c12b48400f46bd608fff44e7b05)
Start importing Packages/com.meta.xr.sdk.core/Editor/Textures/Spinner/Spinner_03.png using Guid(64a10c12b48400f46bd608fff44e7b05) (TextureImporter) -> (artifact id: '8b766d0e6fa82c4f61aa270c61754a0c') in 0.001083375 seconds
Number of updated asset objects reloaded before import = 0Number of asset objects unloaded after import = 0

========================================================================
Received Import Request.
  Time since last request: 0.000028 seconds.
  path: Packages/com.meta.xr.sdk.core/Editor/BuildingBlocks/BlockData/AlertViewHUD/Textures/icon_info.png
  artifactKey: Guid(2f4c3044cf264364496c14c84946210c)
Start importing Packages/com.meta.xr.sdk.core/Editor/BuildingBlocks/BlockData/AlertViewHUD/Textures/icon_info.png using Guid(2f4c3044cf264364496c14c84946210c) (TextureImporter) -> (artifact id: '5f250f2895d23edd9e49de77d0de66a7') in 0.001196166 seconds
Number of updated asset objects reloaded before import = 0Number of asset objects unloaded after import = 0

========================================================================
Received Import Request.
  Time since last request: 0.000033 seconds.
  path: Packages/com.meta.xr.sdk.core/Editor/BuildingBlocks/Icons/ovr_error_greybg.png
  artifactKey: Guid(d0390c3a10ac76641b718f04d77f80ae)
Start importing Packages/com.meta.xr.sdk.core/Editor/BuildingBlocks/Icons/ovr_error_greybg.png using Guid(d0390c3a10ac76641b718f04d77f80ae) (TextureImporter) -> (artifact id: '94195837b3bfa02792b16b718b35239c') in 0.000863375 seconds
Number of updated asset objects reloaded before import = 0Number of asset objects unloaded after import = 0

========================================================================
Received Import Request.
  Time since last request: 0.000033 seconds.
  path: Packages/com.meta.xr.sdk.core/Editor/BuildingBlocks/BlockData/RoomMesh/Textures/bb_thumb_roommesh.jpg
  artifactKey: Guid(406c86d69894bd74d9ec0ab20f78582d)
Start importing Packages/com.meta.xr.sdk.core/Editor/BuildingBlocks/BlockData/RoomMesh/Textures/bb_thumb_roommesh.jpg using Guid(406c86d69894bd74d9ec0ab20f78582d) (TextureImporter) -> (artifact id: 'e66cf84e1538a80f5fb9ee61a8ef2211') in 0.00344475 seconds
Number of updated asset objects reloaded before import = 0Number of asset objects unloaded after import = 0

========================================================================
Received Import Request.
  Time since last request: 0.000034 seconds.
  path: Packages/com.meta.xr.sdk.core/Editor/MetaWand/Textures/mal_banner_mini.png
  artifactKey: Guid(1340a9326d23d164083a8149418e47d8)
Start importing Packages/com.meta.xr.sdk.core/Editor/MetaWand/Textures/mal_banner_mini.png using Guid(1340a9326d23d164083a8149418e47d8) (TextureImporter) -> (artifact id: 'edaae96853be6308c5b782e465f7bc89') in 0.007124042 seconds
Number of updated asset objects reloaded before import = 0Number of asset objects unloaded after import = 0

========================================================================
Received Import Request.
  Time since last request: 0.000031 seconds.
  path: Packages/com.meta.xr.sdk.core/Editor/Icons/sdk_Icons/core_icon.png
  artifactKey: Guid(d88676e24b0c65d4abe9e1bdba77611f)
Start importing Packages/com.meta.xr.sdk.core/Editor/Icons/sdk_Icons/core_icon.png using Guid(d88676e24b0c65d4abe9e1bdba77611f) (TextureImporter) -> (artifact id: '634f78fd25563b56bd74ee97e4e73ace') in 0.001378833 seconds
Number of updated asset objects reloaded before import = 0Number of asset objects unloaded after import = 0

========================================================================
Received Import Request.
  Time since last request: 0.000027 seconds.
  path: Packages/com.meta.xr.sdk.core/Scripts/ImmersiveDebugger/UserInterface/Resources/Textures/minimize_icon.png
  artifactKey: Guid(365a3b4e508fcef42863ed4bedffd3ed)
Start importing Packages/com.meta.xr.sdk.core/Scripts/ImmersiveDebugger/UserInterface/Resources/Textures/minimize_icon.png using Guid(365a3b4e508fcef42863ed4bedffd3ed) (TextureImporter) -> (artifact id: 'fc164af81aba54450558ab0145c6aeb7') in 0.001517292 seconds
Number of updated asset objects reloaded before import = 0Number of asset objects unloaded after import = 0

========================================================================
Received Import Request.
  Time since last request: 0.000033 seconds.
  path: Packages/com.meta.xr.sdk.core/Editor/Guide/Icons/ovr_bullet.png
  artifactKey: Guid(dab18177eef03d947876924e480bc73d)
Start importing Packages/com.meta.xr.sdk.core/Editor/Guide/Icons/ovr_bullet.png using Guid(dab18177eef03d947876924e480bc73d) (TextureImporter) -> (artifact id: 'f89230d7e94db8759cb96ab1642a2c94') in 0.000889333 seconds
Number of updated asset objects reloaded before import = 0Number of asset objects unloaded after import = 0

========================================================================
Received Import Request.
  Time since last request: 0.000033 seconds.
  path: Packages/com.meta.xr.sdk.core/Editor/InputActions/Icons/ovr_icon_stylus.png
  artifactKey: Guid(b39d22d9bd629424491bc31d51b2d9a0)
Start importing Packages/com.meta.xr.sdk.core/Editor/InputActions/Icons/ovr_icon_stylus.png using Guid(b39d22d9bd629424491bc31d51b2d9a0) (TextureImporter) -> (artifact id: 'ce12d3e986e6501fd211483e1d983bc0') in 0.001004125 seconds
Number of updated asset objects reloaded before import = 0Number of asset objects unloaded after import = 0

========================================================================
Received Import Request.
  Time since last request: 0.000037 seconds.
  path: Packages/com.meta.xr.sdk.core/Editor/Icons/sdk_Icons/platform_icon.png
  artifactKey: Guid(0f9bb154939662d459639158bc5905cc)
Start importing Packages/com.meta.xr.sdk.core/Editor/Icons/sdk_Icons/platform_icon.png using Guid(0f9bb154939662d459639158bc5905cc) (TextureImporter) -> (artifact id: '96b2429aa72df16df9e995e8dcca3f4a') in 0.001309667 seconds
Number of updated asset objects reloaded before import = 0Number of asset objects unloaded after import = 0

========================================================================
Received Import Request.
  Time since last request: 0.000033 seconds.
  path: Packages/com.meta.xr.sdk.core/Editor/BuildingBlocks/BlockData/MultiplayerBlocks/PhotonFusion/PlayerVoiceChat/Textures/bb_thumb_networkedplayervoicechat.jpg
  artifactKey: Guid(d8946f5c2e9b1430e902d6a90753f7d1)
Start importing Packages/com.meta.xr.sdk.core/Editor/BuildingBlocks/BlockData/MultiplayerBlocks/PhotonFusion/PlayerVoiceChat/Textures/bb_thumb_networkedplayervoicechat.jpg using Guid(d8946f5c2e9b1430e902d6a90753f7d1) (TextureImporter) -> (artifact id: '7de5669fe3e7b21828784d49699c484e') in 0.004228 seconds
Number of updated asset objects reloaded before import = 0Number of asset objects unloaded after import = 0

========================================================================
Received Import Request.
  Time since last request: 0.000027 seconds.
  path: Packages/com.meta.xr.sdk.core/Materials/Cursor.png
  artifactKey: Guid(af2c44d9f0333b242b5c46834ae5a13a)
Start importing Packages/com.meta.xr.sdk.core/Materials/Cursor.png using Guid(af2c44d9f0333b242b5c46834ae5a13a) (TextureImporter) -> (artifact id: '9a4f5e6aea25613475d490c142f894c9') in 0.001586417 seconds
Number of updated asset objects reloaded before import = 0Number of asset objects unloaded after import = 0

========================================================================
Received Import Request.
  Time since last request: 0.000032 seconds.
  path: Packages/com.meta.xr.sdk.core/Editor/BuildingBlocks/BlockData/MultiplayerBlocks/Shared/Textures/bb_thumb_custommatchmaking.jpg
  artifactKey: Guid(57b03d0a194a60e439ec9b413a2148ad)
Start importing Packages/com.meta.xr.sdk.core/Editor/BuildingBlocks/BlockData/MultiplayerBlocks/Shared/Textures/bb_thumb_custommatchmaking.jpg using Guid(57b03d0a194a60e439ec9b413a2148ad) (TextureImporter) -> (artifact id: 'd486f6f676afb7fa1846a4b9873a598b') in 0.002389625 seconds
Number of updated asset objects reloaded before import = 0Number of asset objects unloaded after import = 0

========================================================================
Received Import Request.
  Time since last request: 0.000034 seconds.
  path: Packages/com.meta.xr.sdk.core/Editor/Guide/Textures/ovr_upst.png
  artifactKey: Guid(ebd6367872501a34ba2cd60aed06c33b)
Start importing Packages/com.meta.xr.sdk.core/Editor/Guide/Textures/ovr_upst.png using Guid(ebd6367872501a34ba2cd60aed06c33b) (TextureImporter) -> (artifact id: '1406d000de637ca991b0d014b79656b5') in 0.004073709 seconds
Number of updated asset objects reloaded before import = 0Number of asset objects unloaded after import = 0

========================================================================
Received Import Request.
  Time since last request: 0.000030 seconds.
  path: Packages/com.meta.xr.sdk.core/Editor/BuildingBlocks/Icons/ovr_icon_download.png
  artifactKey: Guid(c586018950d40664784457f6025fac43)
Start importing Packages/com.meta.xr.sdk.core/Editor/BuildingBlocks/Icons/ovr_icon_download.png using Guid(c586018950d40664784457f6025fac43) (TextureImporter) -> (artifact id: 'd8ef82d4b3c60ca58ed4f92f5a850e3f') in 0.000974834 seconds
Number of updated asset objects reloaded before import = 0Number of asset objects unloaded after import = 0

========================================================================
Received Import Request.
  Time since last request: 0.000040 seconds.
  path: Packages/com.meta.xr.sdk.core/Editor/MetaWand/Icons/asset_library.png
  artifactKey: Guid(1ee54f9087733864b951ceff2e740d6b)
Start importing Packages/com.meta.xr.sdk.core/Editor/MetaWand/Icons/asset_library.png using Guid(1ee54f9087733864b951ceff2e740d6b) (TextureImporter) -> (artifact id: '68e0593d8e46994682503fcc7a426e35') in 0.001062709 seconds
Number of updated asset objects reloaded before import = 0Number of asset objects unloaded after import = 0

========================================================================
Received Import Request.
  Time since last request: 0.000030 seconds.
  path: Packages/com.meta.xr.sdk.core/Editor/Guide/Textures/ovr_develop_01.jpg
  artifactKey: Guid(8e7a9e4954ffd2546b1e8252fa2bdd7e)
Start importing Packages/com.meta.xr.sdk.core/Editor/Guide/Textures/ovr_develop_01.jpg using Guid(8e7a9e4954ffd2546b1e8252fa2bdd7e) (TextureImporter) -> (artifact id: '3f479def57900338d503be1de91d74ec') in 0.001682583 seconds
Number of updated asset objects reloaded before import = 0Number of asset objects unloaded after import = 0

========================================================================
Received Import Request.
  Time since last request: 0.000036 seconds.
  path: Packages/com.meta.xr.sdk.core/Editor/Icons/sdk_Icons/mono/platform_icon.png
  artifactKey: Guid(7c8609ea7e8ad7143857bdcc234b4f9b)
Start importing Packages/com.meta.xr.sdk.core/Editor/Icons/sdk_Icons/mono/platform_icon.png using Guid(7c8609ea7e8ad7143857bdcc234b4f9b) (TextureImporter) -> (artifact id: '3cfbf7cc034512f05e569b9925a4eee4') in 0.001305708 seconds
Number of updated asset objects reloaded before import = 0Number of asset objects unloaded after import = 0

========================================================================
Received Import Request.
  Time since last request: 0.000034 seconds.
  path: Packages/com.meta.xr.sdk.core/Editor/BuildingBlocks/Icons/ovr_bb_sqr_back.png
  artifactKey: Guid(17dfbad93fe658c4f81fe0b8809ad59c)
Start importing Packages/com.meta.xr.sdk.core/Editor/BuildingBlocks/Icons/ovr_bb_sqr_back.png using Guid(17dfbad93fe658c4f81fe0b8809ad59c) (TextureImporter) -> (artifact id: 'd70231c513a111e2a3d8f26f7b38c1bf') in 0.000835625 seconds
Number of updated asset objects reloaded before import = 0Number of asset objects unloaded after import = 0

========================================================================
Received Import Request.
  Time since last request: 0.000033 seconds.
  path: Packages/com.meta.xr.sdk.core/Editor/BuildingBlocks/Icons/ovr_icon_cancel.png
  artifactKey: Guid(d0f57a77046afc645b8edc6af3b9c896)
Start importing Packages/com.meta.xr.sdk.core/Editor/BuildingBlocks/Icons/ovr_icon_cancel.png using Guid(d0f57a77046afc645b8edc6af3b9c896) (TextureImporter) -> (artifact id: 'c0471843cfd820db79749d66c5ea5440') in 0.000926583 seconds
Number of updated asset objects reloaded before import = 0Number of asset objects unloaded after import = 0

========================================================================
Received Import Request.
  Time since last request: 0.000034 seconds.
  path: Packages/com.meta.xr.sdk.core/Scripts/ImmersiveDebugger/UserInterface/Resources/Textures/notice_icon.png
  artifactKey: Guid(365e4cb5e6c49dc4cadcc9eb2f3057ed)
Start importing Packages/com.meta.xr.sdk.core/Scripts/ImmersiveDebugger/UserInterface/Resources/Textures/notice_icon.png using Guid(365e4cb5e6c49dc4cadcc9eb2f3057ed) (TextureImporter) -> (artifact id: '8de1ba8bac507ac4a3b16e865da1737a') in 0.001392833 seconds
Number of updated asset objects reloaded before import = 0Number of asset objects unloaded after import = 0

========================================================================
Received Import Request.
  Time since last request: 0.000028 seconds.
  path: Packages/com.meta.xr.sdk.core/Editor/Guide/Icons/ovr_icon_meta.png
  artifactKey: Guid(9ee33574b960bfd44ae1c925d1c90331)
Start importing Packages/com.meta.xr.sdk.core/Editor/Guide/Icons/ovr_icon_meta.png using Guid(9ee33574b960bfd44ae1c925d1c90331) (TextureImporter) -> (artifact id: '34daba545c78165cb9fda01208cac0fc') in 0.000974125 seconds
Number of updated asset objects reloaded before import = 0Number of asset objects unloaded after import = 0

========================================================================
Received Import Request.
  Time since last request: 0.000033 seconds.
  path: Packages/com.meta.xr.sdk.core/Textures/HandTracking/HandTracking_uvmap_2048.png
  artifactKey: Guid(c00bf1ce0c68d5646ad7ea3d26b3486d)
Start importing Packages/com.meta.xr.sdk.core/Textures/HandTracking/HandTracking_uvmap_2048.png using Guid(c00bf1ce0c68d5646ad7ea3d26b3486d) (TextureImporter) -> (artifact id: '63e56eb9e359a10a650b5da3fa9a2f42') in 0.167712625 seconds
Number of updated asset objects reloaded before import = 0Number of asset objects unloaded after import = 0

========================================================================
Received Import Request.
  Time since last request: 0.000033 seconds.
  path: Packages/com.meta.xr.sdk.core/Scripts/ImmersiveDebugger/UserInterface/Resources/Textures/panel_background.png
  artifactKey: Guid(c961697d198d60c49a13800fcf897b36)
Start importing Packages/com.meta.xr.sdk.core/Scripts/ImmersiveDebugger/UserInterface/Resources/Textures/panel_background.png using Guid(c961697d198d60c49a13800fcf897b36) (TextureImporter) -> (artifact id: '9493a9ee6041790cd017f89af0155275') in 0.002388834 seconds
Number of updated asset objects reloaded before import = 0Number of asset objects unloaded after import = 0

========================================================================
Received Import Request.
  Time since last request: 0.000024 seconds.
  path: Packages/com.meta.xr.sdk.core/Editor/BuildingBlocks/Icons/ovr_bb_icon.png
  artifactKey: Guid(6557dba7c7035a3448c0583098600c6c)
Start importing Packages/com.meta.xr.sdk.core/Editor/BuildingBlocks/Icons/ovr_bb_icon.png using Guid(6557dba7c7035a3448c0583098600c6c) (TextureImporter) -> (artifact id: 'ba0439bc87a469b81f0093e22b9febbd') in 0.001266333 seconds
Number of updated asset objects reloaded before import = 0Number of asset objects unloaded after import = 0

========================================================================
Received Import Request.
  Time since last request: 0.000034 seconds.
  path: Packages/com.meta.xr.sdk.core/Scripts/ImmersiveDebugger/UserInterface/Resources/Textures/categories_icon.png
  artifactKey: Guid(089532af84b4a104abd5ee312d1fdf32)
Start importing Packages/com.meta.xr.sdk.core/Scripts/ImmersiveDebugger/UserInterface/Resources/Textures/categories_icon.png using Guid(089532af84b4a104abd5ee312d1fdf32) (TextureImporter) -> (artifact id: 'eab39da14032729d38f77fa713a58dee') in 0.001541625 seconds
Number of updated asset objects reloaded before import = 0Number of asset objects unloaded after import = 0

========================================================================
Received Import Request.
  Time since last request: 0.000033 seconds.
  path: Packages/com.meta.xr.sdk.core/Textures/bar_background.png
  artifactKey: Guid(32480d79d7cd39b4d90c897f3f36b573)
Start importing Packages/com.meta.xr.sdk.core/Textures/bar_background.png using Guid(32480d79d7cd39b4d90c897f3f36b573) (TextureImporter) -> (artifact id: '0b11e17c377337bb261ee97a62eece74') in 0.002358875 seconds
Number of updated asset objects reloaded before import = 0Number of asset objects unloaded after import = 0

========================================================================
Received Import Request.
  Time since last request: 0.000034 seconds.
  path: Packages/com.meta.xr.sdk.core/Editor/Textures/Spinner/Spinner_06.png
  artifactKey: Guid(f41cf46779ce1e247be5d8fa0897f99b)
Start importing Packages/com.meta.xr.sdk.core/Editor/Textures/Spinner/Spinner_06.png using Guid(f41cf46779ce1e247be5d8fa0897f99b) (TextureImporter) -> (artifact id: '3577642e36bb1a60c5ec154dd4916b45') in 0.001107958 seconds
Number of updated asset objects reloaded before import = 0Number of asset objects unloaded after import = 0

========================================================================
Received Import Request.
  Time since last request: 0.000034 seconds.
  path: Packages/com.meta.xr.sdk.core/Editor/Icons/ovr_checkbox_selected.png
  artifactKey: Guid(291e0a7e7d61798499ce95bcde6b3beb)
Start importing Packages/com.meta.xr.sdk.core/Editor/Icons/ovr_checkbox_selected.png using Guid(291e0a7e7d61798499ce95bcde6b3beb) (TextureImporter) -> (artifact id: 'a94ced503983ff6258252f8f43e39556') in 0.000914917 seconds
Number of updated asset objects reloaded before import = 0Number of asset objects unloaded after import = 0

========================================================================
Received Import Request.
  Time since last request: 0.000028 seconds.
  path: Packages/com.meta.xr.sdk.core/Editor/BuildingBlocks/Icons/ovr_icon_hidden.png
  artifactKey: Guid(a787c8e4775ddb64496bcf4a995fd61a)
Start importing Packages/com.meta.xr.sdk.core/Editor/BuildingBlocks/Icons/ovr_icon_hidden.png using Guid(a787c8e4775ddb64496bcf4a995fd61a) (TextureImporter) -> (artifact id: '2f517de86627cc39c6c150a915f50fa6') in 0.001183333 seconds
Number of updated asset objects reloaded before import = 0Number of asset objects unloaded after import = 0

========================================================================
Received Import Request.
  Time since last request: 0.000041 seconds.
  path: Packages/com.meta.xr.sdk.core/Editor/Icons/ovr_icon_documentation.png
  artifactKey: Guid(2f7b9be30da388641871c88e2b9de844)
Start importing Packages/com.meta.xr.sdk.core/Editor/Icons/ovr_icon_documentation.png using Guid(2f7b9be30da388641871c88e2b9de844) (TextureImporter) -> (artifact id: '15e76c3288f7493febb55ca021973b46') in 0.001029709 seconds
Number of updated asset objects reloaded before import = 0Number of asset objects unloaded after import = 0

========================================================================
Received Import Request.
  Time since last request: 0.000037 seconds.
  path: Packages/com.meta.xr.sdk.core/Editor/Icons/download.png
  artifactKey: Guid(0565b7da5651a774fa08adfd495078f3)
Start importing Packages/com.meta.xr.sdk.core/Editor/Icons/download.png using Guid(0565b7da5651a774fa08adfd495078f3) (TextureImporter) -> (artifact id: '2493762e98212e69f3f0c7e366910aa5') in 0.001388667 seconds
Number of updated asset objects reloaded before import = 0Number of asset objects unloaded after import = 0

========================================================================
Received Import Request.
  Time since last request: 0.000039 seconds.
  path: Packages/com.meta.xr.sdk.core/Editor/BuildingBlocks/Icons/ovr_icon_meta.png
  artifactKey: Guid(cb04533a0cc196547858d7baab3d58ec)
Start importing Packages/com.meta.xr.sdk.core/Editor/BuildingBlocks/Icons/ovr_icon_meta.png using Guid(cb04533a0cc196547858d7baab3d58ec) (TextureImporter) -> (artifact id: 'da6dfcd6955d6c7d98589981cb01a71e') in 0.001184708 seconds
Number of updated asset objects reloaded before import = 0Number of asset objects unloaded after import = 0

========================================================================
Received Import Request.
  Time since last request: 0.000035 seconds.
  path: Packages/com.meta.xr.sdk.core/Textures/cube_texture.png
  artifactKey: Guid(020d1a102a7f2a14ebf6cefe7b977303)
Start importing Packages/com.meta.xr.sdk.core/Textures/cube_texture.png using Guid(020d1a102a7f2a14ebf6cefe7b977303) (TextureImporter) -> (artifact id: '33efd3a7905414a3cc1424cd809532d5') in 0.018517125 seconds
Number of updated asset objects reloaded before import = 0Number of asset objects unloaded after import = 0

========================================================================
Received Import Request.
  Time since last request: 0.000035 seconds.
  path: Packages/com.meta.xr.sdk.core/Editor/BuildingBlocks/Icons/ovr_icon_confirm.png
  artifactKey: Guid(5d90b106f1e1cf04b9e7c7ee3df2c6de)
Start importing Packages/com.meta.xr.sdk.core/Editor/BuildingBlocks/Icons/ovr_icon_confirm.png using Guid(5d90b106f1e1cf04b9e7c7ee3df2c6de) (TextureImporter) -> (artifact id: '788105f223e18a9f13a5dcc6131d0153') in 0.001306375 seconds
Number of updated asset objects reloaded before import = 0Number of asset objects unloaded after import = 0

========================================================================
Received Import Request.
  Time since last request: 0.000038 seconds.
  path: Packages/com.meta.xr.sdk.core/Editor/Guide/Textures/ovr_develop_03.jpg
  artifactKey: Guid(bde9b80e6b5a58c4e9b4588bd8edac11)
Start importing Packages/com.meta.xr.sdk.core/Editor/Guide/Textures/ovr_develop_03.jpg using Guid(bde9b80e6b5a58c4e9b4588bd8edac11) (TextureImporter) -> (artifact id: '61addfd974d21871bab0b03c1e88e97c') in 0.001698625 seconds
Number of updated asset objects reloaded before import = 0Number of asset objects unloaded after import = 0

========================================================================
Received Import Request.
  Time since last request: 0.000037 seconds.
  path: Packages/com.meta.xr.sdk.core/Textures/Black.png
  artifactKey: Guid(a025c23fceb7d4966b603419f551ce99)
Start importing Packages/com.meta.xr.sdk.core/Textures/Black.png using Guid(a025c23fceb7d4966b603419f551ce99) (TextureImporter) -> (artifact id: '193e4a203bf392a9d26c1e01ee22fe94') in 0.001213875 seconds
Number of updated asset objects reloaded before import = 0Number of asset objects unloaded after import = 0

========================================================================
Received Import Request.
  Time since last request: 0.000040 seconds.
  path: Packages/com.meta.xr.sdk.core/Editor/MetaWand/Icons/cube_filled.png
  artifactKey: Guid(ffd6a16fd3f009d42bc3ffcdae70ebb1)
Start importing Packages/com.meta.xr.sdk.core/Editor/MetaWand/Icons/cube_filled.png using Guid(ffd6a16fd3f009d42bc3ffcdae70ebb1) (TextureImporter) -> (artifact id: '533e52eccfee062d2e01f3b3249836ab') in 0.001532166 seconds
Number of updated asset objects reloaded before import = 0Number of asset objects unloaded after import = 0

========================================================================
Received Import Request.
  Time since last request: 0.000041 seconds.
  path: Packages/com.meta.xr.sdk.core/Scripts/ImmersiveDebugger/UserInterface/Resources/Textures/toggle_on.png
  artifactKey: Guid(73b14a507a5586244b105444c7487a42)
Start importing Packages/com.meta.xr.sdk.core/Scripts/ImmersiveDebugger/UserInterface/Resources/Textures/toggle_on.png using Guid(73b14a507a5586244b105444c7487a42) (TextureImporter) -> (artifact id: '1081d775c47728ea2b735529d8d4f42d') in 0.002077375 seconds
Number of updated asset objects reloaded before import = 0Number of asset objects unloaded after import = 0

========================================================================
Received Import Request.
  Time since last request: 0.000035 seconds.
  path: Packages/com.meta.xr.sdk.core/Editor/Textures/Spinner/Spinner_01.png
  artifactKey: Guid(a9b8751d2cc7a274cb089ecea60b3dd8)
Start importing Packages/com.meta.xr.sdk.core/Editor/Textures/Spinner/Spinner_01.png using Guid(a9b8751d2cc7a274cb089ecea60b3dd8) (TextureImporter) -> (artifact id: 'a6a7f03c6081fccfcdb726fe31fca4f9') in 0.001227417 seconds
Number of updated asset objects reloaded before import = 0Number of asset objects unloaded after import = 0

========================================================================
Received Import Request.
  Time since last request: 0.000034 seconds.
  path: Packages/com.meta.xr.sdk.core/Editor/BuildingBlocks/BlockData/MultiplayerBlocks/Shared/Textures/bb_thumb_automatchmaking.jpg
  artifactKey: Guid(7cb8b47d1a3124681980f3ca0ae6daec)
Start importing Packages/com.meta.xr.sdk.core/Editor/BuildingBlocks/BlockData/MultiplayerBlocks/Shared/Textures/bb_thumb_automatchmaking.jpg using Guid(7cb8b47d1a3124681980f3ca0ae6daec) (TextureImporter) -> (artifact id: '20cb254d89ec87964ba089b9d9cc397e') in 0.004414208 seconds
Number of updated asset objects reloaded before import = 0Number of asset objects unloaded after import = 0

========================================================================
Received Import Request.
  Time since last request: 0.000037 seconds.
  path: Packages/com.meta.xr.sdk.core/Editor/BuildingBlocks/Icons/ovr_icon_experimental.png
  artifactKey: Guid(6dd511e1b7109d74cb260c2800c50f63)
Start importing Packages/com.meta.xr.sdk.core/Editor/BuildingBlocks/Icons/ovr_icon_experimental.png using Guid(6dd511e1b7109d74cb260c2800c50f63) (TextureImporter) -> (artifact id: '800580f95060bbdd49e5f0aa9893d3b3') in 0.0011105 seconds
Number of updated asset objects reloaded before import = 0Number of asset objects unloaded after import = 0

========================================================================
Received Import Request.
  Time since last request: 0.000043 seconds.
  path: Packages/com.meta.xr.sdk.core/Editor/BuildingBlocks/Thumbnails/bb_thumb_default.jpg
  artifactKey: Guid(d20871ad8b4c55448881b5aaa1517f02)
Start importing Packages/com.meta.xr.sdk.core/Editor/BuildingBlocks/Thumbnails/bb_thumb_default.jpg using Guid(d20871ad8b4c55448881b5aaa1517f02) (TextureImporter) -> (artifact id: '88c4b718239761a29e966c631ff9c0b1') in 0.002313291 seconds
Number of updated asset objects reloaded before import = 0Number of asset objects unloaded after import = 0

========================================================================
Received Import Request.
  Time since last request: 0.000039 seconds.
  path: Packages/com.meta.xr.sdk.core/Editor/BuildingBlocks/Icons/ovr_success_greybg.png
  artifactKey: Guid(8295fd5efef25b34da622a30ed234bb2)
Start importing Packages/com.meta.xr.sdk.core/Editor/BuildingBlocks/Icons/ovr_success_greybg.png using Guid(8295fd5efef25b34da622a30ed234bb2) (TextureImporter) -> (artifact id: '070892bf9707efa24f4c4c0a133910e6') in 0.000985209 seconds
Number of updated asset objects reloaded before import = 0Number of asset objects unloaded after import = 0

========================================================================
Received Import Request.
  Time since last request: 0.000032 seconds.
  path: Packages/com.meta.xr.sdk.core/Editor/Utils/Notifications/textures/notifications_gradient_neutral.png
  artifactKey: Guid(08f439bb4f3532f47bcab19909b2f2fc)
Start importing Packages/com.meta.xr.sdk.core/Editor/Utils/Notifications/textures/notifications_gradient_neutral.png using Guid(08f439bb4f3532f47bcab19909b2f2fc) (TextureImporter) -> (artifact id: '23f8b2db717bba5898b9c20019aeb4a1') in 0.001162834 seconds
Number of updated asset objects reloaded before import = 0Number of asset objects unloaded after import = 0

========================================================================
Received Import Request.
  Time since last request: 0.000034 seconds.
  path: Packages/com.meta.xr.sdk.core/Editor/BuildingBlocks/BlockData/CameraRig/Textures/bb_thumb_camerarig.jpg
  artifactKey: Guid(5bbac4b39c4d6e046a86e35f184a7a26)
Start importing Packages/com.meta.xr.sdk.core/Editor/BuildingBlocks/BlockData/CameraRig/Textures/bb_thumb_camerarig.jpg using Guid(5bbac4b39c4d6e046a86e35f184a7a26) (TextureImporter) -> (artifact id: '44ee6dca20ccf2e55a38a99b7a80910a') in 0.002633417 seconds
Number of updated asset objects reloaded before import = 0Number of asset objects unloaded after import = 0

========================================================================
Received Import Request.
  Time since last request: 0.000046 seconds.
  path: Packages/com.meta.xr.sdk.core/Editor/BuildingBlocks/BlockData/Passthrough/Textures/bb_thumb_passthrough.jpg
  artifactKey: Guid(ee83bb931d724374bac6a8645b30d386)
Start importing Packages/com.meta.xr.sdk.core/Editor/BuildingBlocks/BlockData/Passthrough/Textures/bb_thumb_passthrough.jpg using Guid(ee83bb931d724374bac6a8645b30d386) (TextureImporter) -> (artifact id: 'ff296eb0d771dd733d6eab7dd45fe159') in 0.002441292 seconds
Number of updated asset objects reloaded before import = 0Number of asset objects unloaded after import = 0

========================================================================
Received Import Request.
  Time since last request: 0.000032 seconds.
  path: Packages/com.meta.xr.sdk.core/Editor/BuildingBlocks/Icons/ovr_icon_break_bb_connection.png
  artifactKey: Guid(2cc13611e3cb1f041b9d309a74761cf8)
Start importing Packages/com.meta.xr.sdk.core/Editor/BuildingBlocks/Icons/ovr_icon_break_bb_connection.png using Guid(2cc13611e3cb1f041b9d309a74761cf8) (TextureImporter)FREEIMAGE MSG : Unsupported image type: WebPCould not create asset from Packages/com.meta.xr.sdk.core/Editor/BuildingBlocks/Icons/ovr_icon_break_bb_connection.png: File could not be read
 -> (artifact id: '8d4c5fa949a2b3cb75ba5db756d11aa3') in 0.034285083 seconds
  ERROR: Import of 'Packages/com.meta.xr.sdk.core/Editor/BuildingBlocks/Icons/ovr_icon_break_bb_connection.png' had errors: Could not create asset from Packages/com.meta.xr.sdk.core/Editor/BuildingBlocks/Icons/ovr_icon_break_bb_connection.png: File could not be read
Number of updated asset objects reloaded before import = 0Number of asset objects unloaded after import = 0

========================================================================
Received Import Request.
  Time since last request: 0.000035 seconds.
  path: Packages/com.meta.xr.sdk.core/Scripts/ImmersiveDebugger/UserInterface/Resources/Textures/eye_icon.png
  artifactKey: Guid(f370e1e1d6d453944ad4eef495d46a4c)
Start importing Packages/com.meta.xr.sdk.core/Scripts/ImmersiveDebugger/UserInterface/Resources/Textures/eye_icon.png using Guid(f370e1e1d6d453944ad4eef495d46a4c) (TextureImporter) -> (artifact id: '32b7005bd3aeee9fa101ce13f1c7376e') in 0.00153775 seconds
Number of updated asset objects reloaded before import = 0Number of asset objects unloaded after import = 0

========================================================================
Received Import Request.
  Time since last request: 0.000031 seconds.
  path: Packages/com.meta.xr.sdk.core/Editor/Icons/ovr_icon_close.png
  artifactKey: Guid(5c6c6c6b024bafd4facafcf9dd7952cc)
Start importing Packages/com.meta.xr.sdk.core/Editor/Icons/ovr_icon_close.png using Guid(5c6c6c6b024bafd4facafcf9dd7952cc) (TextureImporter) -> (artifact id: '5c63daf1af0994ee0271d01ba79ccf2f') in 0.000977208 seconds
Number of updated asset objects reloaded before import = 0Number of asset objects unloaded after import = 0

========================================================================
Received Import Request.
  Time since last request: 0.000036 seconds.
  path: Packages/com.meta.xr.sdk.core/Editor/BuildingBlocks/BlockData/ControllerButtonsMapper/Textures/bb_thumb_controllerbuttonsmapper.jpg
  artifactKey: Guid(1d66a150b7116734dacf2f40c4103150)
Start importing Packages/com.meta.xr.sdk.core/Editor/BuildingBlocks/BlockData/ControllerButtonsMapper/Textures/bb_thumb_controllerbuttonsmapper.jpg using Guid(1d66a150b7116734dacf2f40c4103150) (TextureImporter) -> (artifact id: '6672d44dce5598f09a738148352fcd7c') in 0.002590916 seconds
Number of updated asset objects reloaded before import = 0Number of asset objects unloaded after import = 0

========================================================================
Received Import Request.
  Time since last request: 0.000035 seconds.
  path: Packages/com.meta.xr.sdk.core/Editor/Icons/ovr_icon_simulator.png
  artifactKey: Guid(00091c5d0e93c2e41af0edf6907f8852)
Start importing Packages/com.meta.xr.sdk.core/Editor/Icons/ovr_icon_simulator.png using Guid(00091c5d0e93c2e41af0edf6907f8852) (TextureImporter) -> (artifact id: 'cfcaf8fd2160139b9387bfe3fb3f3c03') in 0.001009833 seconds
Number of updated asset objects reloaded before import = 0Number of asset objects unloaded after import = 0

========================================================================
Received Import Request.
  Time since last request: 0.000035 seconds.
  path: Packages/com.meta.xr.sdk.core/Editor/Icons/ovr_bullet.png
  artifactKey: Guid(336d30902ce536a4aa770bc87c57e1b1)
Start importing Packages/com.meta.xr.sdk.core/Editor/Icons/ovr_bullet.png using Guid(336d30902ce536a4aa770bc87c57e1b1) (TextureImporter) -> (artifact id: 'c8654da08882316fb37a36e1d0008943') in 0.001028958 seconds
Number of updated asset objects reloaded before import = 0Number of asset objects unloaded after import = 0

========================================================================
Received Import Request.
  Time since last request: 0.000035 seconds.
  path: Packages/com.meta.xr.sdk.core/Editor/BuildingBlocks/Animations/bb_outline_08.png
  artifactKey: Guid(37b36a602d2bd604fb7a7ca6e7b4ff49)
Start importing Packages/com.meta.xr.sdk.core/Editor/BuildingBlocks/Animations/bb_outline_08.png using Guid(37b36a602d2bd604fb7a7ca6e7b4ff49) (TextureImporter) -> (artifact id: 'a68c97fb569b62b436a9f02bec9475cc') in 0.003230083 seconds
Number of updated asset objects reloaded before import = 0Number of asset objects unloaded after import = 0

========================================================================
Received Import Request.
  Time since last request: 0.000029 seconds.
  path: Packages/com.meta.xr.sdk.core/Scripts/ImmersiveDebugger/UserInterface/Resources/Textures/error_icon.png
  artifactKey: Guid(e3fd51c9b85e4e648869e165e2d055c4)
Start importing Packages/com.meta.xr.sdk.core/Scripts/ImmersiveDebugger/UserInterface/Resources/Textures/error_icon.png using Guid(e3fd51c9b85e4e648869e165e2d055c4) (TextureImporter) -> (artifact id: 'fb6cc3b9aa829b491aca0bb6a00961bb') in 0.0016035 seconds
Number of updated asset objects reloaded before import = 0Number of asset objects unloaded after import = 0

========================================================================
Received Import Request.
  Time since last request: 0.000033 seconds.
  path: Packages/com.meta.xr.sdk.core/Editor/Icons/ovr_radiobutton.png
  artifactKey: Guid(14a4819307e909b46bdab8dab538ed47)
Start importing Packages/com.meta.xr.sdk.core/Editor/Icons/ovr_radiobutton.png using Guid(14a4819307e909b46bdab8dab538ed47) (TextureImporter) -> (artifact id: '52d9a51a88d27d4b57416da71217aeed') in 0.000893083 seconds
Number of updated asset objects reloaded before import = 0Number of asset objects unloaded after import = 0

========================================================================
Received Import Request.
  Time since last request: 0.000035 seconds.
  path: Packages/com.meta.xr.sdk.core/Editor/Icons/ovr_icon_error.png
  artifactKey: Guid(e72e9eea6010f3e49bd3ce52695520b5)
Start importing Packages/com.meta.xr.sdk.core/Editor/Icons/ovr_icon_error.png using Guid(e72e9eea6010f3e49bd3ce52695520b5) (TextureImporter) -> (artifact id: '8b140b92b01d3947e34f03b38acebe93') in 0.000994625 seconds
Number of updated asset objects reloaded before import = 0Number of asset objects unloaded after import = 0

========================================================================
Received Import Request.
  Time since last request: 0.000035 seconds.
  path: Packages/com.meta.xr.sdk.core/Editor/Icons/sdk_Icons/mono/audio_icon.png
  artifactKey: Guid(34a239f301a0c9f4eb5b79d34c16bc2d)
Start importing Packages/com.meta.xr.sdk.core/Editor/Icons/sdk_Icons/mono/audio_icon.png using Guid(34a239f301a0c9f4eb5b79d34c16bc2d) (TextureImporter) -> (artifact id: 'f8f807fa464f970dd9e771a2045399c1') in 0.001446666 seconds
Number of updated asset objects reloaded before import = 0Number of asset objects unloaded after import = 0

========================================================================
Received Import Request.
  Time since last request: 0.000034 seconds.
  path: Packages/com.meta.xr.sdk.core/Editor/Icons/sdk_Icons/haptics_icon.png
  artifactKey: Guid(ed20d60744c5a9041a65590e2649c4bf)
Start importing Packages/com.meta.xr.sdk.core/Editor/Icons/sdk_Icons/haptics_icon.png using Guid(ed20d60744c5a9041a65590e2649c4bf) (TextureImporter) -> (artifact id: '55c658a410b7949dffb32a3447c5c4d7') in 0.001379792 seconds
Number of updated asset objects reloaded before import = 0Number of asset objects unloaded after import = 0

========================================================================
Received Import Request.
  Time since last request: 0.000029 seconds.
  path: Packages/com.meta.xr.sdk.core/Editor/Icons/sdk_Icons/mono/anchor_icon.png
  artifactKey: Guid(d445377271c0ee941b96143af687536c)
Start importing Packages/com.meta.xr.sdk.core/Editor/Icons/sdk_Icons/mono/anchor_icon.png using Guid(d445377271c0ee941b96143af687536c) (TextureImporter) -> (artifact id: '31e6d48f40b17fee7147edc58f9fb117') in 0.004608042 seconds
Number of updated asset objects reloaded before import = 0Number of asset objects unloaded after import = 0

========================================================================
Received Import Request.
  Time since last request: 0.000034 seconds.
  path: Packages/com.meta.xr.sdk.core/Editor/BuildingBlocks/BlockData/SurfaceProjectedPassthrough/Textures/EdgeGlow.tga
  artifactKey: Guid(aca61ad7de8ecf6418a1aff310a1a5fa)
Start importing Packages/com.meta.xr.sdk.core/Editor/BuildingBlocks/BlockData/SurfaceProjectedPassthrough/Textures/EdgeGlow.tga using Guid(aca61ad7de8ecf6418a1aff310a1a5fa) (TextureImporter) -> (artifact id: '90a3993db26a5e3376e31fa79ccc9468') in 0.00122975 seconds
Number of updated asset objects reloaded before import = 0Number of asset objects unloaded after import = 0

========================================================================
Received Import Request.
  Time since last request: 4.021646 seconds.
  path: Packages/com.meta.xr.sdk.core/Meshes/HandTracking/OpenXRLeftHand.fbx
  artifactKey: Guid(9b25be0e8101c3e4ca9937b30e2ab441)
Start importing Packages/com.meta.xr.sdk.core/Meshes/HandTracking/OpenXRLeftHand.fbx using Guid(9b25be0e8101c3e4ca9937b30e2ab441) (FBXImporter) -> (artifact id: '287956c8345f9928400c0f0aed21f4f8') in 0.017932041 seconds
Number of updated asset objects reloaded before import = 0Number of asset objects unloaded after import = 0

========================================================================
Received Import Request.
  Time since last request: 0.000037 seconds.
  path: Packages/com.meta.xr.sdk.core/Meshes/MetaQuestTouchPro/Materials/MetaQuestProLeft_Material.fbx
  artifactKey: Guid(2fadc56f841e8224ea1ff539811fc765)
Start importing Packages/com.meta.xr.sdk.core/Meshes/MetaQuestTouchPro/Materials/MetaQuestProLeft_Material.fbx using Guid(2fadc56f841e8224ea1ff539811fc765) (FBXImporter) -> (artifact id: '64c73abcfd68e97fce491567e69bfea5') in 0.057011333 seconds
Number of updated asset objects reloaded before import = 0Number of asset objects unloaded after import = 4

========================================================================
Received Import Request.
  Time since last request: 0.000036 seconds.
  path: Packages/com.meta.xr.sdk.core/Meshes/OculusTouchForRift/Materials/OculusTouchForRift_Material.fbx
  artifactKey: Guid(76f6075ec84afca46b2a5e5b3bfdf8ce)
Start importing Packages/com.meta.xr.sdk.core/Meshes/OculusTouchForRift/Materials/OculusTouchForRift_Material.fbx using Guid(76f6075ec84afca46b2a5e5b3bfdf8ce) (FBXImporter) -> (artifact id: 'ffde08e82e686c92aeb7035b22cfd35f') in 0.015326667 seconds
Number of updated asset objects reloaded before import = 0Number of asset objects unloaded after import = 2

========================================================================
Received Import Request.
  Time since last request: 0.000034 seconds.
  path: Packages/com.meta.xr.sdk.core/Meshes/OculusTouchForQuestAndRiftS/OculusTouchForQuestAndRiftS_Left.fbx
  artifactKey: Guid(32fbc8bcebb64584da5868aeeb086cda)
Start importing Packages/com.meta.xr.sdk.core/Meshes/OculusTouchForQuestAndRiftS/OculusTouchForQuestAndRiftS_Left.fbx using Guid(32fbc8bcebb64584da5868aeeb086cda) (FBXImporter)Keyframe reduction: Ratio: 7.885133%;
 -> (artifact id: '60b08256303f098701005c9090db292a') in 0.055122667 seconds
Number of updated asset objects reloaded before import = 0Number of asset objects unloaded after import = 2

========================================================================
Received Import Request.
  Time since last request: 0.000038 seconds.
  path: Packages/com.meta.xr.sdk.core/Meshes/OculusTouchForQuestAndRiftS/Materials/OculusTouchForQuestAndRiftS_Material.fbx
  artifactKey: Guid(e878dcbefebb86f478a53130d09dd0ac)
Start importing Packages/com.meta.xr.sdk.core/Meshes/OculusTouchForQuestAndRiftS/Materials/OculusTouchForQuestAndRiftS_Material.fbx using Guid(e878dcbefebb86f478a53130d09dd0ac) (FBXImporter) -> (artifact id: '52c1d3b6389ac77486c7bc2b512f5e90') in 0.01343925 seconds
Number of updated asset objects reloaded before import = 0Number of asset objects unloaded after import = 2

========================================================================
Received Import Request.
  Time since last request: 0.000036 seconds.
  path: Packages/com.meta.xr.sdk.core/Meshes/OculusTouchForQuest2/OculusTouchForQuest2_Right.fbx
  artifactKey: Guid(25b5eb0761edb6346b0b3444af76b55e)
Start importing Packages/com.meta.xr.sdk.core/Meshes/OculusTouchForQuest2/OculusTouchForQuest2_Right.fbx using Guid(25b5eb0761edb6346b0b3444af76b55e) (FBXImporter)Keyframe reduction: Ratio: 18.919256%;
 -> (artifact id: 'ccb55491b60554cdcbc8155e863d0ef6') in 0.070569833 seconds
Number of updated asset objects reloaded before import = 0Number of asset objects unloaded after import = 2

========================================================================
Received Import Request.
  Time since last request: 0.000038 seconds.
  path: Packages/com.meta.xr.sdk.core/Meshes/Cone.obj
  artifactKey: Guid(c28fa8d61f81fb742b1180a6d4516625)
Start importing Packages/com.meta.xr.sdk.core/Meshes/Cone.obj using Guid(c28fa8d61f81fb742b1180a6d4516625) (FBXImporter) -> (artifact id: '2dcdf6fced2b54903fc6598b5ec0386e') in 0.005769375 seconds
Number of updated asset objects reloaded before import = 0Number of asset objects unloaded after import = 0

========================================================================
Received Import Request.
  Time since last request: 0.000033 seconds.
  path: Packages/com.meta.xr.sdk.core/Meshes/OculusTouchForRift/left_touch_controller_model_skel.fbx
  artifactKey: Guid(c3ba18e9fa5e9104098cbdbb3e23a5b4)
Start importing Packages/com.meta.xr.sdk.core/Meshes/OculusTouchForRift/left_touch_controller_model_skel.fbx using Guid(c3ba18e9fa5e9104098cbdbb3e23a5b4) (FBXImporter)Keyframe reduction: Ratio: 10.905821%;
 -> (artifact id: '751ceddd1d856f32859893b15b65b6e2') in 0.140491583 seconds
Number of updated asset objects reloaded before import = 0Number of asset objects unloaded after import = 2

========================================================================
Received Import Request.
  Time since last request: 0.000039 seconds.
  path: Packages/com.meta.xr.sdk.core/Meshes/HandTracking/OpenXRRightHand.fbx
  artifactKey: Guid(777cc524bc5593745ab52736d58d7682)
Start importing Packages/com.meta.xr.sdk.core/Meshes/HandTracking/OpenXRRightHand.fbx using Guid(777cc524bc5593745ab52736d58d7682) (FBXImporter) -> (artifact id: 'e185d81ebdcfba45fe6c06b6cfab93d1') in 0.013838417 seconds
Number of updated asset objects reloaded before import = 0Number of asset objects unloaded after import = 0

========================================================================
Received Import Request.
  Time since last request: 0.000034 seconds.
  path: Packages/com.meta.xr.sdk.core/Meshes/MetaQuestTouchPlus/Materials/MetaQuestTouchPlusRight_Material.fbx
  artifactKey: Guid(bbb35201095f6bf499fe2cd30ef3b6c7)
Start importing Packages/com.meta.xr.sdk.core/Meshes/MetaQuestTouchPlus/Materials/MetaQuestTouchPlusRight_Material.fbx using Guid(bbb35201095f6bf499fe2cd30ef3b6c7) (FBXImporter) -> (artifact id: 'b392b3ee78d141341659f316be52fcae') in 0.017273666 seconds
Number of updated asset objects reloaded before import = 0Number of asset objects unloaded after import = 6

========================================================================
Received Import Request.
  Time since last request: 0.000027 seconds.
  path: Packages/com.meta.xr.sdk.core/Meshes/OculusTouchForQuest2/OculusTouchForQuest2_Left.fbx
  artifactKey: Guid(8b83018900d13bb4f8e0ad895cb004e5)
Start importing Packages/com.meta.xr.sdk.core/Meshes/OculusTouchForQuest2/OculusTouchForQuest2_Left.fbx using Guid(8b83018900d13bb4f8e0ad895cb004e5) (FBXImporter)Keyframe reduction: Ratio: 18.919256%;
 -> (artifact id: '65a78d27271c9197eaa4b3f998047bdf') in 0.067035 seconds
Number of updated asset objects reloaded before import = 0Number of asset objects unloaded after import = 2

========================================================================
Received Import Request.
  Time since last request: 0.000037 seconds.
  path: Packages/com.meta.xr.sdk.core/Meshes/OculusTouchForQuest2/Materials/OculusTouchForQuest2_MAT.fbx
  artifactKey: Guid(ad2069ba7fe0238489d3531897cea8cf)
Start importing Packages/com.meta.xr.sdk.core/Meshes/OculusTouchForQuest2/Materials/OculusTouchForQuest2_MAT.fbx using Guid(ad2069ba7fe0238489d3531897cea8cf) (FBXImporter) -> (artifact id: '71e577b4f5f342be616084ac81cf087f') in 0.014159042 seconds
Number of updated asset objects reloaded before import = 0Number of asset objects unloaded after import = 2

========================================================================
Received Import Request.
  Time since last request: 0.000037 seconds.
  path: Packages/com.meta.xr.sdk.core/Meshes/MetaQuestTouchPro/MetaQuestTouchPro_Left.fbx
  artifactKey: Guid(2b9768cc0be08784b91b7da60696ba29)
Start importing Packages/com.meta.xr.sdk.core/Meshes/MetaQuestTouchPro/MetaQuestTouchPro_Left.fbx using Guid(2b9768cc0be08784b91b7da60696ba29) (FBXImporter)Keyframe reduction: Ratio: 9.537779%;
 -> (artifact id: '044706dd05e20f7edd89b8fb04862dfb') in 0.550789291 seconds
Number of updated asset objects reloaded before import = 0Number of asset objects unloaded after import = 4

========================================================================
Received Prepare
Refreshing native plugins compatible for Editor in 1.02 ms, found 5 plugins.
Preloading 0 native plugins for Editor in 0.00 ms.
Unloading 14 Unused Serialized files (Serialized files now loaded: 0)
Unloading 7167 unused Assets / (5.7 MB). Loaded Objects now: 8305.
Memory consumption went from 249.9 MB to 244.2 MB.
Total: 6.845084 ms (FindLiveObjects: 0.326584 ms CreateObjectMapping: 0.132833 ms MarkObjects: 4.749708 ms  DeleteObjects: 1.635792 ms)

Prepare: number of updated asset objects reloaded= 0
========================================================================
Received Prepare
Begin MonoManager ReloadAssembly
[Licensing::Client] Successfully resolved entitlement details
[Licensing::Module] License group:
  Id: F4-F2M6-BR3P-YSAH-R4AD-XXXX
  Product: Unity Personal
  Type: ULF
  Expiration: Unlimited
[Licensing::Module] License group:
  Id: 2474338172105-UnityPersXXXX
  Product: Unity Personal
  Type: Assigned
  Expiration: Unlimited
[OVRPlugin][INFO] UnityPluginLoad called

Thread 0x16c4e3000 may have been prematurely finalized
ADTM: Control thread waiting for realtime thread timed out, have to lock...
Symbol file LoadedFromMemory is not a mono symbol file
- Loaded All Assemblies, in  1.494 seconds
Refreshing native plugins compatible for Editor in 0.57 ms, found 4 plugins.
Native extension for OSXStandalone target not found
[Package Manager] Failed to launch server process. Reason: Unity was launched with the -noUpm command-line argument
[Package Manager] Unable to send message (not connected to server process).
[Package Manager] Cannot connect to Unity Package Manager local server
ScheduleIndexationOnStartup MainProcess:False IndexOnStartup:True
Mono: successfully reloaded assembly
- Finished resetting the current domain, in  0.397 seconds
Domain Reload Profiling: 1895ms
	BeginReloadAssembly (1141ms)
		ExecutionOrderSort (0ms)
		DisableScriptedObjects (3ms)
		BackupInstance (0ms)
		ReleaseScriptingObjects (0ms)
		CreateAndSetChildDomain (1053ms)
	RebuildCommonClasses (24ms)
	RebuildNativeTypeToScriptingClass (7ms)
	initialDomainReloadingComplete (11ms)
	LoadAllAssembliesAndSetupDomain (315ms)
		LoadAssemblies (213ms)
		RebuildTransferFunctionScriptingTraits (0ms)
		AnalyzeDomain (142ms)
			TypeCache.Refresh (12ms)
				TypeCache.ScanAssembly (0ms)
			BuildScriptInfoCaches (121ms)
			ResolveRequiredComponents (6ms)
	FinalizeReload (398ms)
		ReleaseScriptCaches (0ms)
		RebuildScriptCaches (0ms)
		SetupLoadedEditorAssemblies (301ms)
			LogAssemblyErrors (0ms)
			InitializePlatformSupportModulesInManaged (1ms)
			SetLoadedEditorAssemblies (2ms)
			BeforeProcessingInitializeOnLoad (111ms)
			ProcessInitializeOnLoadAttributes (150ms)
			ProcessInitializeOnLoadMethodAttributes (36ms)
			AfterProcessingInitializeOnLoad (1ms)
			EditorAssembliesLoaded (0ms)
		ExecutionOrderSort2 (0ms)
		AwakeInstancesAfterBackupRestoration (7ms)
Refreshing native plugins compatible for Editor in 0.56 ms, found 4 plugins.
Preloading 0 native plugins for Editor in 0.00 ms.
Unloading 6 Unused Serialized files (Serialized files now loaded: 0)
Unloading 7004 unused Assets / (3.3 MB). Loaded Objects now: 8141.
Memory consumption went from 254.8 MB to 251.5 MB.
Total: 5.076916 ms (FindLiveObjects: 0.334750 ms CreateObjectMapping: 0.161500 ms MarkObjects: 3.664458 ms  DeleteObjects: 0.915875 ms)

Prepare: number of updated asset objects reloaded= 0
========================================================================
Received Prepare
Begin MonoManager ReloadAssembly
Thread 0x16bdc7000 may have been prematurely finalized
ADTM: Control thread waiting for realtime thread timed out, have to lock...
Symbol file LoadedFromMemory is not a mono symbol file
- Loaded All Assemblies, in  1.370 seconds
Refreshing native plugins compatible for Editor in 0.58 ms, found 4 plugins.
Native extension for OSXStandalone target not found
[Package Manager] Failed to launch server process. Reason: Unity was launched with the -noUpm command-line argument
[Package Manager] Unable to send message (not connected to server process).
[Package Manager] Cannot connect to Unity Package Manager local server
ScheduleIndexationOnStartup MainProcess:False IndexOnStartup:True
Mono: successfully reloaded assembly
- Finished resetting the current domain, in  0.384 seconds
Domain Reload Profiling: 1758ms
	BeginReloadAssembly (1115ms)
		ExecutionOrderSort (0ms)
		DisableScriptedObjects (3ms)
		BackupInstance (0ms)
		ReleaseScriptingObjects (0ms)
		CreateAndSetChildDomain (1047ms)
	RebuildCommonClasses (20ms)
	RebuildNativeTypeToScriptingClass (7ms)
	initialDomainReloadingComplete (11ms)
	LoadAllAssembliesAndSetupDomain (220ms)
		LoadAssemblies (136ms)
		RebuildTransferFunctionScriptingTraits (0ms)
		AnalyzeDomain (108ms)
			TypeCache.Refresh (6ms)
				TypeCache.ScanAssembly (0ms)
			BuildScriptInfoCaches (94ms)
			ResolveRequiredComponents (5ms)
	FinalizeReload (384ms)
		ReleaseScriptCaches (0ms)
		RebuildScriptCaches (0ms)
		SetupLoadedEditorAssemblies (288ms)
			LogAssemblyErrors (0ms)
			InitializePlatformSupportModulesInManaged (1ms)
			SetLoadedEditorAssemblies (2ms)
			BeforeProcessingInitializeOnLoad (107ms)
			ProcessInitializeOnLoadAttributes (143ms)
			ProcessInitializeOnLoadMethodAttributes (34ms)
			AfterProcessingInitializeOnLoad (1ms)
			EditorAssembliesLoaded (0ms)
		ExecutionOrderSort2 (0ms)
		AwakeInstancesAfterBackupRestoration (6ms)
Refreshing native plugins compatible for Editor in 0.78 ms, found 4 plugins.
Preloading 0 native plugins for Editor in 0.00 ms.
Unloading 6 Unused Serialized files (Serialized files now loaded: 0)
Unloading 6971 unused Assets / (3.5 MB). Loaded Objects now: 8111.
Memory consumption went from 254.3 MB to 250.9 MB.
Total: 5.169542 ms (FindLiveObjects: 0.329042 ms CreateObjectMapping: 0.137333 ms MarkObjects: 3.752125 ms  DeleteObjects: 0.950791 ms)

Prepare: number of updated asset objects reloaded= 0
========================================================================
Received Prepare
Begin MonoManager ReloadAssembly
[Licensing::Client] Successfully resolved entitlement details
[Licensing::Module] License group:
  Id: F4-F2M6-BR3P-YSAH-R4AD-XXXX
  Product: Unity Personal
  Type: ULF
  Expiration: Unlimited
[Licensing::Module] License group:
  Id: 2474338172105-UnityPersXXXX
  Product: Unity Personal
  Type: Assigned
  Expiration: Unlimited
Thread 0x16bdc7000 may have been prematurely finalized
ADTM: Control thread waiting for realtime thread timed out, have to lock...
Symbol file LoadedFromMemory is not a mono symbol file
- Loaded All Assemblies, in  1.472 seconds
Refreshing native plugins compatible for Editor in 0.74 ms, found 4 plugins.
Native extension for OSXStandalone target not found
[Package Manager] Failed to launch server process. Reason: Unity was launched with the -noUpm command-line argument
[Package Manager] Unable to send message (not connected to server process).
[Package Manager] Cannot connect to Unity Package Manager local server
ScheduleIndexationOnStartup MainProcess:False IndexOnStartup:True
Mono: successfully reloaded assembly
- Finished resetting the current domain, in  0.641 seconds
Domain Reload Profiling: 2119ms
	BeginReloadAssembly (1124ms)
		ExecutionOrderSort (0ms)
		DisableScriptedObjects (3ms)
		BackupInstance (0ms)
		ReleaseScriptingObjects (0ms)
		CreateAndSetChildDomain (1047ms)
	RebuildCommonClasses (24ms)
	RebuildNativeTypeToScriptingClass (9ms)
	initialDomainReloadingComplete (15ms)
	LoadAllAssembliesAndSetupDomain (307ms)
		LoadAssemblies (187ms)
		RebuildTransferFunctionScriptingTraits (0ms)
		AnalyzeDomain (150ms)
			TypeCache.Refresh (8ms)
				TypeCache.ScanAssembly (0ms)
			BuildScriptInfoCaches (131ms)
			ResolveRequiredComponents (7ms)
	FinalizeReload (641ms)
		ReleaseScriptCaches (0ms)
		RebuildScriptCaches (0ms)
		SetupLoadedEditorAssemblies (490ms)
			LogAssemblyErrors (0ms)
			InitializePlatformSupportModulesInManaged (2ms)
			SetLoadedEditorAssemblies (3ms)
			BeforeProcessingInitializeOnLoad (219ms)
			ProcessInitializeOnLoadAttributes (208ms)
			ProcessInitializeOnLoadMethodAttributes (56ms)
			AfterProcessingInitializeOnLoad (1ms)
			EditorAssembliesLoaded (1ms)
		ExecutionOrderSort2 (0ms)
		AwakeInstancesAfterBackupRestoration (9ms)
Refreshing native plugins compatible for Editor in 0.92 ms, found 4 plugins.
Preloading 0 native plugins for Editor in 0.00 ms.
Unloading 6 Unused Serialized files (Serialized files now loaded: 0)
Unloading 6971 unused Assets / (3.3 MB). Loaded Objects now: 8114.
Memory consumption went from 254.4 MB to 251.1 MB.
Total: 7.832250 ms (FindLiveObjects: 0.499083 ms CreateObjectMapping: 0.200042 ms MarkObjects: 5.497584 ms  DeleteObjects: 1.635291 ms)

Prepare: number of updated asset objects reloaded= 0
========================================================================
Received Prepare
Begin MonoManager ReloadAssembly
Thread 0x16bdc7000 may have been prematurely finalized
ADTM: Control thread waiting for realtime thread timed out, have to lock...
Symbol file LoadedFromMemory is not a mono symbol file
- Loaded All Assemblies, in  1.373 seconds
Refreshing native plugins compatible for Editor in 0.69 ms, found 4 plugins.
Native extension for OSXStandalone target not found
[Package Manager] Failed to launch server process. Reason: Unity was launched with the -noUpm command-line argument
[Package Manager] Unable to send message (not connected to server process).
[Package Manager] Cannot connect to Unity Package Manager local server
ScheduleIndexationOnStartup MainProcess:False IndexOnStartup:True
Mono: successfully reloaded assembly
- Finished resetting the current domain, in  0.370 seconds
Domain Reload Profiling: 1745ms
	BeginReloadAssembly (1119ms)
		ExecutionOrderSort (0ms)
		DisableScriptedObjects (3ms)
		BackupInstance (0ms)
		ReleaseScriptingObjects (0ms)
		CreateAndSetChildDomain (1047ms)
	RebuildCommonClasses (18ms)
	RebuildNativeTypeToScriptingClass (7ms)
	initialDomainReloadingComplete (10ms)
	LoadAllAssembliesAndSetupDomain (221ms)
		LoadAssemblies (146ms)
		RebuildTransferFunctionScriptingTraits (0ms)
		AnalyzeDomain (104ms)
			TypeCache.Refresh (7ms)
				TypeCache.ScanAssembly (1ms)
			BuildScriptInfoCaches (90ms)
			ResolveRequiredComponents (5ms)
	FinalizeReload (370ms)
		ReleaseScriptCaches (0ms)
		RebuildScriptCaches (0ms)
		SetupLoadedEditorAssemblies (279ms)
			LogAssemblyErrors (0ms)
			InitializePlatformSupportModulesInManaged (1ms)
			SetLoadedEditorAssemblies (2ms)
			BeforeProcessingInitializeOnLoad (103ms)
			ProcessInitializeOnLoadAttributes (139ms)
			ProcessInitializeOnLoadMethodAttributes (34ms)
			AfterProcessingInitializeOnLoad (1ms)
			EditorAssembliesLoaded (0ms)
		ExecutionOrderSort2 (0ms)
		AwakeInstancesAfterBackupRestoration (6ms)
Refreshing native plugins compatible for Editor in 0.73 ms, found 4 plugins.
Preloading 0 native plugins for Editor in 0.00 ms.
Unloading 6 Unused Serialized files (Serialized files now loaded: 0)
Unloading 7019 unused Assets / (4.1 MB). Loaded Objects now: 8164.
Memory consumption went from 254.7 MB to 250.6 MB.
Total: 5.107375 ms (FindLiveObjects: 0.325416 ms CreateObjectMapping: 0.120584 ms MarkObjects: 3.638666 ms  DeleteObjects: 1.022500 ms)

Prepare: number of updated asset objects reloaded= 0
