Unity Editor version:    6000.3.10f1 (e35f0c77bd8e)
Branch:                  6000.3/staging
Build type:              Release
Batch mode:              YES
macOS version:           Version 26.3 (Build 25D125)
Darwin version:          25.3.0
Architecture:            arm64
Running under Rosetta:   NO
Available memory:        32768 MB
Date:                    2026-02-27T18:52:34Z
[Licensing::Module] Trying to connect to existing licensing client channel...
[Licensing::IpcConnector] Successfully connected to: "LicenseClient-fundadurupinarbabur" at "2026-02-27T18:52:34.500873Z"

COMMAND LINE ARGUMENTS:
/Applications/Unity/Hub/Editor/6000.3.10f1/Unity.app/Contents/MacOS/Unity
-adb2
-batchMode
-noUpm
-name
AssetImportWorker1
-projectPath
/Users/fundadurupinarbabur/Documents/Research/code/prompt2animation
-logFile
Logs/AssetImportWorker1.log
-srvPort
58240
-licensingIpc
LicenseClient-fundadurupinarbabur
-job-worker-count
4
-background-job-worker-count
8
-gc-helper-count
1
-name AssetImport
Successfully changed project path to: /Users/fundadurupinarbabur/Documents/Research/code/prompt2animation
/Users/fundadurupinarbabur/Documents/Research/code/prompt2animation
[UnityMemory] Configuration Parameters - Can be set up in boot.config
    "memorysetup-allocator-temp-initial-block-size-main=262144"
    "memorysetup-allocator-temp-initial-block-size-worker=262144"
    "memorysetup-temp-allocator-size-background-worker=32768"
    "memorysetup-temp-allocator-size-job-worker=262144"
    "memorysetup-temp-allocator-size-preload-manager=33554432"
    "memorysetup-temp-allocator-size-nav-mesh-worker=65536"
    "memorysetup-temp-allocator-size-audio-worker=65536"
    "memorysetup-temp-allocator-size-cloud-worker=32768"
    "memorysetup-bucket-allocator-granularity=16"
    "memorysetup-bucket-allocator-bucket-count=8"
    "memorysetup-bucket-allocator-block-size=33554432"
    "memorysetup-bucket-allocator-block-count=8"
    "memorysetup-main-allocator-block-size=16777216"
    "memorysetup-thread-allocator-block-size=16777216"
    "memorysetup-gfx-main-allocator-block-size=16777216"
    "memorysetup-gfx-thread-allocator-block-size=16777216"
    "memorysetup-cache-allocator-block-size=4194304"
    "memorysetup-typetree-allocator-block-size=2097152"
    "memorysetup-profiler-bucket-allocator-granularity=16"
    "memorysetup-profiler-bucket-allocator-bucket-count=8"
    "memorysetup-profiler-bucket-allocator-block-size=33554432"
    "memorysetup-profiler-bucket-allocator-block-count=8"
    "memorysetup-profiler-allocator-block-size=16777216"
    "memorysetup-profiler-editor-allocator-block-size=1048576"
    "memorysetup-temp-allocator-size-main=16777216"
    "memorysetup-job-temp-allocator-block-size=2097152"
    "memorysetup-job-temp-allocator-block-size-background=1048576"
    "memorysetup-job-temp-allocator-reduction-small-platforms=262144"
    "memorysetup-temp-allocator-size-gi-baking-worker=262144"
    "memorysetup-temp-allocator-size-gi-baking-worker=262144"
    "memorysetup-temp-allocator-size-gi-baking-worker=262144"
    "memorysetup-temp-allocator-size-gi-baking-worker=262144"
    "memorysetup-temp-allocator-size-gi-baking-worker=262144"
    "memorysetup-temp-allocator-size-gfx=262144"
Player connection [8561094784]  Target information:

Player connection [8561094784]  * "[IP] 172.18.21.116 [Port] 0 [Flags] 2 [Guid] 675689441 [EditorId] 675689441 [Version] 1048832 [Id] OSXEditor(0,mac.sfw.umb.edu) [Debug] 1 [PackageName] OSXEditor [ProjectName] Editor" 

Player connection [8561094784] Host joined multi-casting on [225.0.0.222:54997]...
Player connection [8561094784] Host joined alternative multi-casting on [225.0.0.222:34997]...
JobSystem: Creating JobQueue using job-worker-count value 4
Input System module state changed to: Initialized.
[Physics::Module] Initialized fallback backend.
[Physics::Module] Id: 0xdecafbad
Library Redirect Path: Library/
[Physics::Module] Selected backend.
[Physics::Module] Name: PhysX
[Physics::Module] Id: 0xf2b8ea05
[Physics::Module] SDK Version: 4.1.2
[Physics::Module] Integration Version: 1.0.0
[Physics::Module] Threading Mode: Multi-Threaded
Refreshing native plugins compatible for Editor in 4.10 ms, found 4 plugins.
Preloading 0 native plugins for Editor in 0.00 ms.
Initialize engine version: 6000.3.10f1 (e35f0c77bd8e)
[Subsystems] Discovering subsystems at path /Applications/Unity/Hub/Editor/6000.3.10f1/Unity.app/Contents/Resources/UnitySubsystems
[Subsystems] Discovering subsystems at path /Users/fundadurupinarbabur/Documents/Research/code/prompt2animation/Assets
GfxDevice: creating device client; kGfxThreadingModeNonThreaded
 preferred device: Apple M4 (high power)
Metal devices available: 1
0: Apple M4 (high power)
Using device Apple M4 (high power)
Initializing Metal device caps: Apple M4
Mac GPU Family: 2
Apple GPU Family: 9
MSL Version: 3.0
Has Float MSAA: 1
Has Float Filtering: 1
ReadWrite Texture Tier: 2
[Licensing::Client] Handshaking with LicensingClient:
  Version:                 1.17.4+4293ba1
  Session Id:              f2ba0ec69f8c489e84b0e441a1fdaab4
  Correlation Id:          c86d459b5191c45106251a786d39bc17
  External correlation Id: 3775306151351564108
  Machine Id:              7T25LniAv8nnaufYhVam5+ddHOU=
[Licensing::Module] Successfully connected to LicensingClient on channel: "LicenseClient-fundadurupinarbabur" (connect: 0.00s, validation: 0.00s, handshake: 0.45s)
[Licensing::IpcConnector] Successfully connected to: "LicenseClient-fundadurupinarbabur-notifications" at "2026-02-27T18:52:34.94888Z"
[Licensing::Module] Licensing Background thread has ended after 0.45s
Initialize mono
Mono path[0] = '/Applications/Unity/Hub/Editor/6000.3.10f1/Unity.app/Contents/Resources/Scripting/Managed'
Mono path[1] = '/Applications/Unity/Hub/Editor/6000.3.10f1/Unity.app/Contents/Resources/Scripting/MonoBleedingEdge/lib/mono/unityjit-macos'
Mono config path = '/Applications/Unity/Hub/Editor/6000.3.10f1/Unity.app/Contents/Resources/Scripting/MonoBleedingEdge/etc'
Using monoOptions --debugger-agent=transport=dt_socket,embedding=1,server=y,suspend=n,address=127.0.0.1:56142
Begin MonoManager ReloadAssembly
Registering precompiled unity dll's ...
Register platform support module: /Applications/Unity/Hub/Editor/6000.3.10f1/Unity.app/Contents/PlaybackEngines/MacStandaloneSupport/UnityEditor.OSXStandalone.Extensions.dll
Registered in 0.000323 seconds.
- Loaded All Assemblies, in  0.196 seconds
Native extension for OSXStandalone target not found
ScheduleIndexationOnStartup MainProcess:False IndexOnStartup:False
Mono: successfully reloaded assembly
- Finished resetting the current domain, in  0.212 seconds
Domain Reload Profiling: 408ms
	BeginReloadAssembly (53ms)
		ExecutionOrderSort (0ms)
		DisableScriptedObjects (0ms)
		BackupInstance (0ms)
		ReleaseScriptingObjects (0ms)
		CreateAndSetChildDomain (0ms)
	RebuildCommonClasses (23ms)
	RebuildNativeTypeToScriptingClass (8ms)
	initialDomainReloadingComplete (20ms)
	LoadAllAssembliesAndSetupDomain (92ms)
		LoadAssemblies (53ms)
		RebuildTransferFunctionScriptingTraits (0ms)
		AnalyzeDomain (91ms)
			TypeCache.Refresh (90ms)
				TypeCache.ScanAssembly (83ms)
			BuildScriptInfoCaches (0ms)
			ResolveRequiredComponents (0ms)
	FinalizeReload (212ms)
		ReleaseScriptCaches (0ms)
		RebuildScriptCaches (0ms)
		SetupLoadedEditorAssemblies (184ms)
			LogAssemblyErrors (0ms)
			InitializePlatformSupportModulesInManaged (22ms)
			SetLoadedEditorAssemblies (3ms)
			BeforeProcessingInitializeOnLoad (44ms)
			ProcessInitializeOnLoadAttributes (74ms)
			ProcessInitializeOnLoadMethodAttributes (41ms)
			AfterProcessingInitializeOnLoad (0ms)
			EditorAssembliesLoaded (0ms)
		ExecutionOrderSort2 (0ms)
		AwakeInstancesAfterBackupRestoration (0ms)
[CoreBusinessMetrics] Unexpected thread when updating session info.
========================================================================
Worker process is ready to serve import requests
Import Worker Mode flag is 0x00
Begin MonoManager ReloadAssembly
[Licensing::Client] Successfully resolved entitlement details
[Licensing::Module] License group:
  Id: F4-F2M6-BR3P-YSAH-R4AD-XXXX
  Product: Unity Personal
  Type: ULF
  Expiration: Unlimited
[Licensing::Module] License group:
  Id: 2474338172105-UnityPersXXXX
  Product: Unity Personal
  Type: Assigned
  Expiration: Unlimited
Symbol file LoadedFromMemory is not a mono symbol file
- Loaded All Assemblies, in  0.386 seconds
Refreshing native plugins compatible for Editor in 0.86 ms, found 4 plugins.
Native extension for OSXStandalone target not found
Package Manager log level set to [2]
[Package Manager] Failed to launch server process. Reason: Unity was launched with the -noUpm command-line argument
[Package Manager] Unable to send message (not connected to server process).
[Package Manager] Cannot connect to Unity Package Manager local server
ScheduleIndexationOnStartup MainProcess:False IndexOnStartup:False
Mono: successfully reloaded assembly
- Finished resetting the current domain, in  0.515 seconds
Domain Reload Profiling: 900ms
	BeginReloadAssembly (68ms)
		ExecutionOrderSort (0ms)
		DisableScriptedObjects (3ms)
		BackupInstance (0ms)
		ReleaseScriptingObjects (0ms)
		CreateAndSetChildDomain (15ms)
	RebuildCommonClasses (20ms)
	RebuildNativeTypeToScriptingClass (8ms)
	initialDomainReloadingComplete (17ms)
	LoadAllAssembliesAndSetupDomain (274ms)
		LoadAssemblies (144ms)
		RebuildTransferFunctionScriptingTraits (0ms)
		AnalyzeDomain (156ms)
			TypeCache.Refresh (113ms)
				TypeCache.ScanAssembly (101ms)
			BuildScriptInfoCaches (35ms)
			ResolveRequiredComponents (6ms)
	FinalizeReload (515ms)
		ReleaseScriptCaches (0ms)
		RebuildScriptCaches (0ms)
		SetupLoadedEditorAssemblies (443ms)
			LogAssemblyErrors (0ms)
			InitializePlatformSupportModulesInManaged (1ms)
			SetLoadedEditorAssemblies (2ms)
			BeforeProcessingInitializeOnLoad (97ms)
			ProcessInitializeOnLoadAttributes (178ms)
			ProcessInitializeOnLoadMethodAttributes (165ms)
			AfterProcessingInitializeOnLoad (1ms)
			EditorAssembliesLoaded (0ms)
		ExecutionOrderSort2 (0ms)
		AwakeInstancesAfterBackupRestoration (2ms)
Launching external process: /Applications/Unity/Hub/Editor/6000.3.10f1/Unity.app/Contents/Helpers/UnityShaderCompiler
Launched and connected shader compiler UnityShaderCompiler after 0.05 seconds
Refreshing native plugins compatible for Editor in 0.74 ms, found 4 plugins.
Preloading 0 native plugins for Editor in 0.00 ms.
Unloading 1 Unused Serialized files (Serialized files now loaded: 0)
Unloading 6981 unused Assets / (1.2 MB). Loaded Objects now: 7847.
Memory consumption went from 161.7 MB to 160.6 MB.
Total: 5.115042 ms (FindLiveObjects: 0.349583 ms CreateObjectMapping: 0.126917 ms MarkObjects: 3.848833 ms  DeleteObjects: 0.789542 ms)

========================================================================
Received Import Request.
  Time since last request: 182360.508798 seconds.
  path: Packages/com.unity.collab-proxy/Editor/Assets/Images/iconaddedoverlay.png
  artifactKey: Guid(a57d0bc93481bd844af3c2236db044f2)
Start importing Packages/com.unity.collab-proxy/Editor/Assets/Images/iconaddedoverlay.png using Guid(a57d0bc93481bd844af3c2236db044f2) (TextureImporter) -> (artifact id: '99727f52c49fdac4793e870888140aa5') in 0.010415209 seconds
Number of updated asset objects reloaded before import = 0Number of asset objects unloaded after import = 0

========================================================================
Received Import Request.
  Time since last request: 0.000027 seconds.
  path: Packages/com.unity.collab-proxy/Editor/Assets/Images/icondeletedlocaloverlay.png
  artifactKey: Guid(cd221d2235472c94491e607ae42942dd)
Start importing Packages/com.unity.collab-proxy/Editor/Assets/Images/icondeletedlocaloverlay.png using Guid(cd221d2235472c94491e607ae42942dd) (TextureImporter) -> (artifact id: 'e1185f76421fdb0e24999fd5bc9bd202') in 0.001113708 seconds
Number of updated asset objects reloaded before import = 0Number of asset objects unloaded after import = 0

========================================================================
Received Import Request.
  Time since last request: 0.000055 seconds.
  path: Packages/com.unity.collab-proxy/Editor/Assets/Images/iconpackageupdateavailable@2x.png
  artifactKey: Guid(67e680da36c60e245ab0176daa656da5)
Start importing Packages/com.unity.collab-proxy/Editor/Assets/Images/iconpackageupdateavailable@2x.png using Guid(67e680da36c60e245ab0176daa656da5) (TextureImporter) -> (artifact id: 'ba79b4f412dbb37478ff729072aa698a') in 0.001259 seconds
Number of updated asset objects reloaded before import = 0Number of asset objects unloaded after import = 0

========================================================================
Received Import Request.
  Time since last request: 0.000055 seconds.
  path: Packages/com.unity.shadergraph/GraphTemplates/BuiltIn/BuiltInLitBasicTemplateThumbnail.png
  artifactKey: Guid(325e807a2af3f5f4691c7d9da76963f6)
Start importing Packages/com.unity.shadergraph/GraphTemplates/BuiltIn/BuiltInLitBasicTemplateThumbnail.png using Guid(325e807a2af3f5f4691c7d9da76963f6) (TextureImporter) -> (artifact id: 'dca9b897e35d1b837816c653fdd5bddc') in 0.012779167 seconds
Number of updated asset objects reloaded before import = 0Number of asset objects unloaded after import = 0

========================================================================
Received Import Request.
  Time since last request: 0.000029 seconds.
  path: Packages/com.unity.collab-proxy/Editor/Assets/Images/iconbrex.png
  artifactKey: Guid(87480bc179519ff4da25283c61c2573b)
Start importing Packages/com.unity.collab-proxy/Editor/Assets/Images/iconbrex.png using Guid(87480bc179519ff4da25283c61c2573b) (TextureImporter) -> (artifact id: '1d6925dce8a5257c1746d60636add391') in 0.000979166 seconds
Number of updated asset objects reloaded before import = 0Number of asset objects unloaded after import = 0

========================================================================
Received Import Request.
  Time since last request: 0.000032 seconds.
  path: Packages/com.unity.collab-proxy/Editor/Assets/Images/d_iconshelve.png
  artifactKey: Guid(292bae633fda01e41b8847fad37495c2)
Start importing Packages/com.unity.collab-proxy/Editor/Assets/Images/d_iconshelve.png using Guid(292bae633fda01e41b8847fad37495c2) (TextureImporter) -> (artifact id: '1a197ca0258f818d11a6f6b1d3e4ce56') in 0.000813333 seconds
Number of updated asset objects reloaded before import = 0Number of asset objects unloaded after import = 0

========================================================================
Received Import Request.
  Time since last request: 0.000028 seconds.
  path: Packages/com.unity.shadergraph/Editor/Resources/Icons/blackboard_dark.png
  artifactKey: Guid(2162b791346804a7792168e6fc526ced)
Start importing Packages/com.unity.shadergraph/Editor/Resources/Icons/blackboard_dark.png using Guid(2162b791346804a7792168e6fc526ced) (TextureImporter) -> (artifact id: '54010009594b1c5b132464c20c7b88eb') in 0.001114417 seconds
Number of updated asset objects reloaded before import = 0Number of asset objects unloaded after import = 0

========================================================================
Received Import Request.
  Time since last request: 0.000031 seconds.
  path: Packages/com.unity.shadergraph/GraphTemplates/default_vfx_msk.png
  artifactKey: Guid(788b35e8fa5154559af342abaf8be483)
Start importing Packages/com.unity.shadergraph/GraphTemplates/default_vfx_msk.png using Guid(788b35e8fa5154559af342abaf8be483) (TextureImporter) -> (artifact id: 'b7b6257b872c518f8a9dfce6efe2821c') in 0.00104725 seconds
Number of updated asset objects reloaded before import = 0Number of asset objects unloaded after import = 0

========================================================================
Received Import Request.
  Time since last request: 0.000026 seconds.
  path: Packages/com.unity.shadergraph/GraphTemplates/BuiltIn/BuiltInUnlitBasicTemplateThumbnail.png
  artifactKey: Guid(e6831b07772f59844b5c282e8a4aa736)
Start importing Packages/com.unity.shadergraph/GraphTemplates/BuiltIn/BuiltInUnlitBasicTemplateThumbnail.png using Guid(e6831b07772f59844b5c282e8a4aa736) (TextureImporter) -> (artifact id: 'd1fc91cb4a00ec2a2257e4ec846a39bb') in 0.011954834 seconds
Number of updated asset objects reloaded before import = 0Number of asset objects unloaded after import = 0

========================================================================
Received Import Request.
  Time since last request: 0.000034 seconds.
  path: Packages/com.unity.render-pipelines.high-definition/Runtime/RenderPipelineResources/Texture/Hair_Tile_alphadepth.png
  artifactKey: Guid(c37c14d1e9c5d314788efba830e1ecd4)
Start importing Packages/com.unity.render-pipelines.high-definition/Runtime/RenderPipelineResources/Texture/Hair_Tile_alphadepth.png using Guid(c37c14d1e9c5d314788efba830e1ecd4) (TextureImporter) -> (artifact id: 'f64dfd5723994b1c41871e9ddf29ffba') in 0.009333584 seconds
Number of updated asset objects reloaded before import = 0Number of asset objects unloaded after import = 0

========================================================================
Received Import Request.
  Time since last request: 0.000035 seconds.
  path: Packages/com.unity.collab-proxy/Editor/Assets/Images/iconcurrentbranch.png
  artifactKey: Guid(d30af1e364af1fc48be2ff2dcb0d4724)
Start importing Packages/com.unity.collab-proxy/Editor/Assets/Images/iconcurrentbranch.png using Guid(d30af1e364af1fc48be2ff2dcb0d4724) (TextureImporter) -> (artifact id: '85a4f8287ac9ec7c5ecfb611ce092fc4') in 0.001182917 seconds
Number of updated asset objects reloaded before import = 0Number of asset objects unloaded after import = 0

========================================================================
Received Import Request.
  Time since last request: 0.000038 seconds.
  path: Packages/com.unity.collab-proxy/Editor/Assets/Images/d_iconpendingchanges.png
  artifactKey: Guid(4aa4898734bfdbc4dbd410de4141e533)
Start importing Packages/com.unity.collab-proxy/Editor/Assets/Images/d_iconpendingchanges.png using Guid(4aa4898734bfdbc4dbd410de4141e533) (TextureImporter) -> (artifact id: '9288f4b960b1e9b494b5a6c30ecc5256') in 0.001128416 seconds
Number of updated asset objects reloaded before import = 0Number of asset objects unloaded after import = 0

========================================================================
Received Import Request.
  Time since last request: 0.000040 seconds.
  path: Packages/com.unity.collab-proxy/Editor/Assets/Images/iconmovedoverlay@2x.png
  artifactKey: Guid(c7bee029a895b44cfb249d7cd63d13af)
Start importing Packages/com.unity.collab-proxy/Editor/Assets/Images/iconmovedoverlay@2x.png using Guid(c7bee029a895b44cfb249d7cd63d13af) (TextureImporter) -> (artifact id: '5edeac8d304891f27d422c739180f983') in 0.000872542 seconds
Number of updated asset objects reloaded before import = 0Number of asset objects unloaded after import = 0

========================================================================
Received Import Request.
  Time since last request: 0.000042 seconds.
  path: Packages/com.unity.collab-proxy/Editor/Assets/Images/d_iconlockedremoteoverlay.png
  artifactKey: Guid(1046ed65e6aaffb4391378f6d08d6c14)
Start importing Packages/com.unity.collab-proxy/Editor/Assets/Images/d_iconlockedremoteoverlay.png using Guid(1046ed65e6aaffb4391378f6d08d6c14) (TextureImporter) -> (artifact id: '3e7121a3ce91aa1330c4291cecb017f8') in 0.00084825 seconds
Number of updated asset objects reloaded before import = 0Number of asset objects unloaded after import = 0

========================================================================
Received Import Request.
  Time since last request: 0.000046 seconds.
  path: Packages/com.unity.collab-proxy/Editor/Assets/Images/d_iconmovedoverlay@2x.png
  artifactKey: Guid(e27bb56b83f03421880673ee2b951102)
Start importing Packages/com.unity.collab-proxy/Editor/Assets/Images/d_iconmovedoverlay@2x.png using Guid(e27bb56b83f03421880673ee2b951102) (TextureImporter) -> (artifact id: '746c92a298a79ae535ae67886ac3e103') in 0.001226667 seconds
Number of updated asset objects reloaded before import = 0Number of asset objects unloaded after import = 0

========================================================================
Received Import Request.
  Time since last request: 0.000040 seconds.
  path: Packages/com.unity.collab-proxy/Editor/Assets/Images/iconplasticnotifyconflict@2x.png
  artifactKey: Guid(6e0a54826ffc3ee46b0aa3e1c1575a69)
Start importing Packages/com.unity.collab-proxy/Editor/Assets/Images/iconplasticnotifyconflict@2x.png using Guid(6e0a54826ffc3ee46b0aa3e1c1575a69) (TextureImporter) -> (artifact id: '15abe6003d175f91f365203ba38e6863') in 0.001063709 seconds
Number of updated asset objects reloaded before import = 0Number of asset objects unloaded after import = 0

========================================================================
Received Import Request.
  Time since last request: 0.000065 seconds.
  path: Packages/com.unity.render-pipelines.high-definition/Runtime/RenderPipelineResources/Texture/ShaderGraphTemplates/Flakes_Normal.png
  artifactKey: Guid(891f379280ac6d04b9d7b8727b9b888d)
Start importing Packages/com.unity.render-pipelines.high-definition/Runtime/RenderPipelineResources/Texture/ShaderGraphTemplates/Flakes_Normal.png using Guid(891f379280ac6d04b9d7b8727b9b888d) (TextureImporter) -> (artifact id: 'a284efc94f7275c3cc52f4c55663abfc') in 0.004411666 seconds
Number of updated asset objects reloaded before import = 0Number of asset objects unloaded after import = 0

========================================================================
Received Import Request.
  Time since last request: 0.000031 seconds.
  path: Packages/com.unity.collab-proxy/Editor/Assets/Images/d_iconhistory@2x.png
  artifactKey: Guid(50d1ea51731fa43db9ce0ec4fe5f0b07)
Start importing Packages/com.unity.collab-proxy/Editor/Assets/Images/d_iconhistory@2x.png using Guid(50d1ea51731fa43db9ce0ec4fe5f0b07) (TextureImporter) -> (artifact id: '74d3cda9731bdd5976a6544238bc9eed') in 0.001190459 seconds
Number of updated asset objects reloaded before import = 0Number of asset objects unloaded after import = 0

========================================================================
Received Import Request.
  Time since last request: 0.000036 seconds.
  path: Packages/com.unity.render-pipelines.high-definition/Runtime/RenderPipelineResources/Texture/ShaderGraphTemplates/WeavePattern01_F.png
  artifactKey: Guid(169497326679f5e40b285b61d39a4b17)
Start importing Packages/com.unity.render-pipelines.high-definition/Runtime/RenderPipelineResources/Texture/ShaderGraphTemplates/WeavePattern01_F.png using Guid(169497326679f5e40b285b61d39a4b17) (TextureImporter) -> (artifact id: '78d1a09b1648225339a518d559980d81') in 0.003468625 seconds
Number of updated asset objects reloaded before import = 0Number of asset objects unloaded after import = 0

========================================================================
Received Import Request.
  Time since last request: 0.000029 seconds.
  path: Packages/com.unity.render-pipelines.high-definition/Runtime/RenderPipelineResources/ShaderGraph/HairPhysicalTemplateThumbnail.png
  artifactKey: Guid(bc729cf8d5fa7014caede28489368ef6)
Start importing Packages/com.unity.render-pipelines.high-definition/Runtime/RenderPipelineResources/ShaderGraph/HairPhysicalTemplateThumbnail.png using Guid(bc729cf8d5fa7014caede28489368ef6) (TextureImporter) -> (artifact id: 'aea9a0192c42c79fba3e8f03f2fe2921') in 0.00879375 seconds
Number of updated asset objects reloaded before import = 0Number of asset objects unloaded after import = 0

========================================================================
Received Import Request.
  Time since last request: 0.000041 seconds.
  path: Packages/com.unity.collab-proxy/Editor/Assets/Images/d_iconcurrentbranch.png
  artifactKey: Guid(0a02e43184c7e9c4c9c59b601100b705)
Start importing Packages/com.unity.collab-proxy/Editor/Assets/Images/d_iconcurrentbranch.png using Guid(0a02e43184c7e9c4c9c59b601100b705) (TextureImporter) -> (artifact id: '9999d73687347ab5e7d71f31285f4222') in 0.000977458 seconds
Number of updated asset objects reloaded before import = 0Number of asset objects unloaded after import = 0

========================================================================
Received Import Request.
  Time since last request: 0.000054 seconds.
  path: Packages/com.unity.shadergraph/GraphTemplates/Subgraphs/SmallNoiseMask.tga
  artifactKey: Guid(2fe31a8312ab8524ebd8601be367f0c8)
Start importing Packages/com.unity.shadergraph/GraphTemplates/Subgraphs/SmallNoiseMask.tga using Guid(2fe31a8312ab8524ebd8601be367f0c8) (TextureImporter) -> (artifact id: '3d7535277b5512348d67df0035986292') in 0.00104575 seconds
Number of updated asset objects reloaded before import = 0Number of asset objects unloaded after import = 0

========================================================================
Received Import Request.
  Time since last request: 0.000026 seconds.
  path: Packages/com.unity.collab-proxy/Editor/Assets/Images/iconpendingchangesview@2x.png
  artifactKey: Guid(58f6d5934224b4bb0a67d67e45a6654b)
Start importing Packages/com.unity.collab-proxy/Editor/Assets/Images/iconpendingchangesview@2x.png using Guid(58f6d5934224b4bb0a67d67e45a6654b) (TextureImporter) -> (artifact id: 'c5d425fb14e0386a6e98971c9cf3e90a') in 0.001037334 seconds
Number of updated asset objects reloaded before import = 0Number of asset objects unloaded after import = 0

========================================================================
Received Import Request.
  Time since last request: 0.000055 seconds.
  path: Packages/com.unity.render-pipelines.high-definition/Runtime/RenderPipelineResources/ShaderGraph/FullscreenBasicHDRPTemplateThumbnail.png
  artifactKey: Guid(d62e6a58a6263764faa13fa5481cbf1e)
Start importing Packages/com.unity.render-pipelines.high-definition/Runtime/RenderPipelineResources/ShaderGraph/FullscreenBasicHDRPTemplateThumbnail.png using Guid(d62e6a58a6263764faa13fa5481cbf1e) (TextureImporter) -> (artifact id: 'b58d1328256c973342621c9b95ae3d55') in 0.014009625 seconds
Number of updated asset objects reloaded before import = 0Number of asset objects unloaded after import = 0

========================================================================
Received Import Request.
  Time since last request: 0.000033 seconds.
  path: Packages/com.unity.collab-proxy/Editor/Assets/Images/d_icondeletedremoteoverlay@2x.png
  artifactKey: Guid(2cfbf6619eb047545a425e8a31732c83)
Start importing Packages/com.unity.collab-proxy/Editor/Assets/Images/d_icondeletedremoteoverlay@2x.png using Guid(2cfbf6619eb047545a425e8a31732c83) (TextureImporter) -> (artifact id: '9cc4b5b4242b789f75f27de3074ba0c9') in 0.000971791 seconds
Number of updated asset objects reloaded before import = 0Number of asset objects unloaded after import = 0

========================================================================
Received Import Request.
  Time since last request: 0.000037 seconds.
  path: Packages/com.unity.shadergraph/GraphTemplates/default_masks.png
  artifactKey: Guid(dd2e21fb358baa649a7ad7d1d6e722f5)
Start importing Packages/com.unity.shadergraph/GraphTemplates/default_masks.png using Guid(dd2e21fb358baa649a7ad7d1d6e722f5) (TextureImporter) -> (artifact id: '3d39b6e223a40a690d5f8b15fdd49a88') in 0.001094291 seconds
Number of updated asset objects reloaded before import = 0Number of asset objects unloaded after import = 0

========================================================================
Received Import Request.
  Time since last request: 0.000035 seconds.
  path: Packages/com.unity.collab-proxy/Editor/Assets/Images/iconincomingchangesview.png
  artifactKey: Guid(c677bcd9111fb4514aa1a56844e9006f)
Start importing Packages/com.unity.collab-proxy/Editor/Assets/Images/iconincomingchangesview.png using Guid(c677bcd9111fb4514aa1a56844e9006f) (TextureImporter) -> (artifact id: 'e7da49caa7b1f9e82b073516c1a27fda') in 0.001112791 seconds
Number of updated asset objects reloaded before import = 0Number of asset objects unloaded after import = 0

========================================================================
Received Import Request.
  Time since last request: 0.000036 seconds.
  path: Packages/com.unity.collab-proxy/Editor/Assets/Images/iconcurrentbranch@2x.png
  artifactKey: Guid(ead32eef98d0a664fb5b025c4bf013d4)
Start importing Packages/com.unity.collab-proxy/Editor/Assets/Images/iconcurrentbranch@2x.png using Guid(ead32eef98d0a664fb5b025c4bf013d4) (TextureImporter) -> (artifact id: '2b97af7ec2d6616f0c1e0e7b130e3703') in 0.001082 seconds
Number of updated asset objects reloaded before import = 0Number of asset objects unloaded after import = 0

========================================================================
Received Import Request.
  Time since last request: 0.000037 seconds.
  path: Packages/com.unity.visualeffectgraph/Editor/UIResources/VFX/IN foldout@2x.png
  artifactKey: Guid(8bcec60ba0ffb6249802b5e233a7c544)
Start importing Packages/com.unity.visualeffectgraph/Editor/UIResources/VFX/IN foldout@2x.png using Guid(8bcec60ba0ffb6249802b5e233a7c544) (TextureImporter) -> (artifact id: '08584051ee29b2be0e213a663ad7d683') in 0.001180333 seconds
Number of updated asset objects reloaded before import = 0Number of asset objects unloaded after import = 0

========================================================================
Received Import Request.
  Time since last request: 0.000035 seconds.
  path: Packages/com.unity.collab-proxy/Editor/Assets/Images/iconhistory.png
  artifactKey: Guid(f42a69ee6b34c4a8eb57e17686d6ab67)
Start importing Packages/com.unity.collab-proxy/Editor/Assets/Images/iconhistory.png using Guid(f42a69ee6b34c4a8eb57e17686d6ab67) (TextureImporter) -> (artifact id: 'b47affedcf91672bfe1bcd17f2101de5') in 0.001168959 seconds
Number of updated asset objects reloaded before import = 0Number of asset objects unloaded after import = 0

========================================================================
Received Import Request.
  Time since last request: 0.000027 seconds.
  path: Packages/com.unity.collab-proxy/Editor/Assets/Images/iconchangesets@2x.png
  artifactKey: Guid(59d17703fae374169bc28ce046728590)
Start importing Packages/com.unity.collab-proxy/Editor/Assets/Images/iconchangesets@2x.png using Guid(59d17703fae374169bc28ce046728590) (TextureImporter) -> (artifact id: '4a0b7d3928cdcbce2c863f29e4bbaff4') in 0.000956958 seconds
Number of updated asset objects reloaded before import = 0Number of asset objects unloaded after import = 0

========================================================================
Received Import Request.
  Time since last request: 0.000046 seconds.
  path: Packages/com.unity.collab-proxy/Editor/Assets/Images/d_iconplasticnotifypendingchangesandincoming.png
  artifactKey: Guid(f180c6addffab449cb6897ba994abec5)
Start importing Packages/com.unity.collab-proxy/Editor/Assets/Images/d_iconplasticnotifypendingchangesandincoming.png using Guid(f180c6addffab449cb6897ba994abec5) (TextureImporter) -> (artifact id: '10d2de958c23b1d1fef5b557f74cbb29') in 0.0010795 seconds
Number of updated asset objects reloaded before import = 0Number of asset objects unloaded after import = 0

========================================================================
Received Import Request.
  Time since last request: 0.000031 seconds.
  path: Packages/com.unity.visualeffectgraph/Editor/UIResources/VFX/IN foldout on@2x.png
  artifactKey: Guid(f2e7af104b501204db0c68f1719a8fd4)
Start importing Packages/com.unity.visualeffectgraph/Editor/UIResources/VFX/IN foldout on@2x.png using Guid(f2e7af104b501204db0c68f1719a8fd4) (TextureImporter) -> (artifact id: '7e8cee6d8af8665885bec0b271c8aef2') in 0.001264708 seconds
Number of updated asset objects reloaded before import = 0Number of asset objects unloaded after import = 0

========================================================================
Received Import Request.
  Time since last request: 0.000040 seconds.
  path: Packages/com.unity.collab-proxy/Editor/Assets/Images/iconlockretained.png
  artifactKey: Guid(bac66973cba57b842965eb95154fba7e)
Start importing Packages/com.unity.collab-proxy/Editor/Assets/Images/iconlockretained.png using Guid(bac66973cba57b842965eb95154fba7e) (TextureImporter) -> (artifact id: '0dfb8cd27ae1f1d2e2e131981404cea4') in 0.000977959 seconds
Number of updated asset objects reloaded before import = 0Number of asset objects unloaded after import = 0

========================================================================
Received Import Request.
  Time since last request: 0.000034 seconds.
  path: Packages/com.unity.collab-proxy/Editor/Assets/Images/iconconflictedoverlay@2x.png
  artifactKey: Guid(5679a74364f6b4440ab7e7aed55cd95e)
Start importing Packages/com.unity.collab-proxy/Editor/Assets/Images/iconconflictedoverlay@2x.png using Guid(5679a74364f6b4440ab7e7aed55cd95e) (TextureImporter) -> (artifact id: '7182e9496705240635c37691b67d8047') in 0.000880916 seconds
Number of updated asset objects reloaded before import = 0Number of asset objects unloaded after import = 0

========================================================================
Received Import Request.
  Time since last request: 0.000027 seconds.
  path: Packages/com.unity.render-pipelines.core/Runtime/Sampling/Textures/SobolBlueNoise/SobolOwenScrambled256.png
  artifactKey: Guid(8d786511913a2cb4aacb1f9a188652b4)
Start importing Packages/com.unity.render-pipelines.core/Runtime/Sampling/Textures/SobolBlueNoise/SobolOwenScrambled256.png using Guid(8d786511913a2cb4aacb1f9a188652b4) (TextureImporter) -> (artifact id: 'd63f9e7cc8f2b8258794609bf13e46c9') in 0.002333417 seconds
Number of updated asset objects reloaded before import = 0Number of asset objects unloaded after import = 0

========================================================================
Received Import Request.
  Time since last request: 0.000026 seconds.
  path: Packages/com.unity.render-pipelines.high-definition/Runtime/RenderPipelineResources/ShaderGraph/EyeTemplateThumbnail.png
  artifactKey: Guid(070094210e7a1d84dacdc659bddb8136)
Start importing Packages/com.unity.render-pipelines.high-definition/Runtime/RenderPipelineResources/ShaderGraph/EyeTemplateThumbnail.png using Guid(070094210e7a1d84dacdc659bddb8136) (TextureImporter) -> (artifact id: 'b540694b3bb077627f715643f4ccfb43') in 0.012328166 seconds
Number of updated asset objects reloaded before import = 0Number of asset objects unloaded after import = 0

========================================================================
Received Import Request.
  Time since last request: 0.000035 seconds.
  path: Packages/com.unity.collab-proxy/Editor/Assets/Images/d_iconpendingchangesview@2x.png
  artifactKey: Guid(16e2437bc79d04055b65b968f4eba9c0)
Start importing Packages/com.unity.collab-proxy/Editor/Assets/Images/d_iconpendingchangesview@2x.png using Guid(16e2437bc79d04055b65b968f4eba9c0) (TextureImporter) -> (artifact id: '53977958033868d2efb8b7480185d9b8') in 0.001119333 seconds
Number of updated asset objects reloaded before import = 0Number of asset objects unloaded after import = 0

========================================================================
Received Import Request.
  Time since last request: 0.000043 seconds.
  path: Packages/com.unity.collab-proxy/Editor/Assets/Images/d_hideversioncontrol@2x.png
  artifactKey: Guid(5de67bf0a3c601f4bab93b4fd3314ab1)
Start importing Packages/com.unity.collab-proxy/Editor/Assets/Images/d_hideversioncontrol@2x.png using Guid(5de67bf0a3c601f4bab93b4fd3314ab1) (TextureImporter) -> (artifact id: '06686167b64977710916f6540612f2ab') in 0.00116625 seconds
Number of updated asset objects reloaded before import = 0Number of asset objects unloaded after import = 0

========================================================================
Received Import Request.
  Time since last request: 0.000057 seconds.
  path: Packages/com.unity.shadergraph/GraphTemplates/Cross Pipeline/TerrainStandardTemplateThumbnail.png
  artifactKey: Guid(6e413e07ed366984daa954acc11e85e9)
Start importing Packages/com.unity.shadergraph/GraphTemplates/Cross Pipeline/TerrainStandardTemplateThumbnail.png using Guid(6e413e07ed366984daa954acc11e85e9) (TextureImporter) -> (artifact id: '8248414c82ca59884d8eb9f10a88f673') in 0.019288667 seconds
Number of updated asset objects reloaded before import = 0Number of asset objects unloaded after import = 0

========================================================================
Received Import Request.
  Time since last request: 0.000033 seconds.
  path: Packages/com.unity.visualeffectgraph/Textures/DefaultMasks.png
  artifactKey: Guid(edadb0a40b2171b4b867b3c2fa4098f8)
Start importing Packages/com.unity.visualeffectgraph/Textures/DefaultMasks.png using Guid(edadb0a40b2171b4b867b3c2fa4098f8) (TextureImporter) -> (artifact id: 'e544c2a6f8bde370f7c7875271694508') in 0.001060875 seconds
Number of updated asset objects reloaded before import = 0Number of asset objects unloaded after import = 0

========================================================================
Received Import Request.
  Time since last request: 0.000051 seconds.
  path: Packages/com.unity.collab-proxy/Editor/Assets/Images/d_iconconflictresolvedoverlay.png
  artifactKey: Guid(056ee72c467a4e24d87541d42839ca72)
Start importing Packages/com.unity.collab-proxy/Editor/Assets/Images/d_iconconflictresolvedoverlay.png using Guid(056ee72c467a4e24d87541d42839ca72) (TextureImporter) -> (artifact id: 'ce54f874b4b00e166f404743e7800f3c') in 0.000902083 seconds
Number of updated asset objects reloaded before import = 0Number of asset objects unloaded after import = 0

========================================================================
Received Import Request.
  Time since last request: 0.000043 seconds.
  path: Packages/com.unity.collab-proxy/Editor/Assets/Images/iconaddedoverlay@2x.png
  artifactKey: Guid(74ef721fef79c44489d4e3edb0ab0c01)
Start importing Packages/com.unity.collab-proxy/Editor/Assets/Images/iconaddedoverlay@2x.png using Guid(74ef721fef79c44489d4e3edb0ab0c01) (TextureImporter) -> (artifact id: 'ba8f344f78d5161efa277fa32b4b304e') in 0.001970583 seconds
Number of updated asset objects reloaded before import = 0Number of asset objects unloaded after import = 0

========================================================================
Received Import Request.
  Time since last request: 0.000033 seconds.
  path: Packages/com.unity.collab-proxy/Editor/Assets/Images/iconclouddriveview.png
  artifactKey: Guid(229870d327005574fb840c2dd8050ec6)
Start importing Packages/com.unity.collab-proxy/Editor/Assets/Images/iconclouddriveview.png using Guid(229870d327005574fb840c2dd8050ec6) (TextureImporter) -> (artifact id: '8da599f99f10a8fc381771e3df38afad') in 0.001036208 seconds
Number of updated asset objects reloaded before import = 0Number of asset objects unloaded after import = 0

========================================================================
Received Import Request.
  Time since last request: 0.000041 seconds.
  path: Packages/com.unity.collab-proxy/Editor/Assets/Images/d_iconplasticnotifypendingchangesandincoming@2x.png
  artifactKey: Guid(54024d7bafa404eb39097aa14df8a5cb)
Start importing Packages/com.unity.collab-proxy/Editor/Assets/Images/d_iconplasticnotifypendingchangesandincoming@2x.png using Guid(54024d7bafa404eb39097aa14df8a5cb) (TextureImporter) -> (artifact id: 'c6bbfd6deda5cb0ab4c2efd6362c5d22') in 0.001112792 seconds
Number of updated asset objects reloaded before import = 0Number of asset objects unloaded after import = 0

========================================================================
Received Import Request.
  Time since last request: 0.000038 seconds.
  path: Packages/com.unity.collab-proxy/Editor/Assets/Images/d_iconplasticnotifyconflict.png
  artifactKey: Guid(51582ae5ea51fa14996791a550f89473)
Start importing Packages/com.unity.collab-proxy/Editor/Assets/Images/d_iconplasticnotifyconflict.png using Guid(51582ae5ea51fa14996791a550f89473) (TextureImporter) -> (artifact id: 'f8e5f3ba29d1656cd999ec51c65582ba') in 0.001044125 seconds
Number of updated asset objects reloaded before import = 0Number of asset objects unloaded after import = 0

========================================================================
Received Import Request.
  Time since last request: 0.000036 seconds.
  path: Packages/com.unity.visualeffectgraph/Editor/UIResources/VFX/d_Font@64.png
  artifactKey: Guid(bb941e2e7420ff6469997899c96bb365)
Start importing Packages/com.unity.visualeffectgraph/Editor/UIResources/VFX/d_Font@64.png using Guid(bb941e2e7420ff6469997899c96bb365) (TextureImporter) -> (artifact id: 'b2b8bb2ad06023eab305e9cc5494c54c') in 0.001416958 seconds
Number of updated asset objects reloaded before import = 0Number of asset objects unloaded after import = 0

========================================================================
Received Import Request.
  Time since last request: 0.000035 seconds.
  path: Packages/com.unity.collab-proxy/Editor/Assets/Images/iconoutofsync@2x.png
  artifactKey: Guid(d7094718bdac022428dd29244922d06b)
Start importing Packages/com.unity.collab-proxy/Editor/Assets/Images/iconoutofsync@2x.png using Guid(d7094718bdac022428dd29244922d06b) (TextureImporter) -> (artifact id: '3dbc84b090900ad60169db727f9ad64a') in 0.000998417 seconds
Number of updated asset objects reloaded before import = 0Number of asset objects unloaded after import = 0

========================================================================
Received Import Request.
  Time since last request: 0.000030 seconds.
  path: Packages/com.unity.render-pipelines.high-definition/Runtime/RenderPipelineResources/Texture/ShaderGraphTemplates/Iris_N.tif
  artifactKey: Guid(019996410faad7e45800910df34e835a)
Start importing Packages/com.unity.render-pipelines.high-definition/Runtime/RenderPipelineResources/Texture/ShaderGraphTemplates/Iris_N.tif using Guid(019996410faad7e45800910df34e835a) (TextureImporter) -> (artifact id: '66eaa3afd72eadd5815ef35dc4d93285') in 0.022964375 seconds
Number of updated asset objects reloaded before import = 0Number of asset objects unloaded after import = 0

========================================================================
Received Import Request.
  Time since last request: 0.000049 seconds.
  path: Packages/com.unity.collab-proxy/Editor/Assets/Images/d_iconlockretained.png
  artifactKey: Guid(ba2e8a5b6413ebc46b4f580903cb911d)
Start importing Packages/com.unity.collab-proxy/Editor/Assets/Images/d_iconlockretained.png using Guid(ba2e8a5b6413ebc46b4f580903cb911d) (TextureImporter) -> (artifact id: 'd7d3403260d8874c856878c1885a9b1d') in 0.0012525 seconds
Number of updated asset objects reloaded before import = 0Number of asset objects unloaded after import = 0

========================================================================
Received Import Request.
  Time since last request: 0.000030 seconds.
  path: Packages/com.unity.collab-proxy/Editor/Assets/Images/iconmovedoverlay.png
  artifactKey: Guid(d63fb8a8a3f06407e8e712a29a3499c0)
Start importing Packages/com.unity.collab-proxy/Editor/Assets/Images/iconmovedoverlay.png using Guid(d63fb8a8a3f06407e8e712a29a3499c0) (TextureImporter) -> (artifact id: '640148c61da2acb88661ca3a1881644a') in 0.000876042 seconds
Number of updated asset objects reloaded before import = 0Number of asset objects unloaded after import = 0

========================================================================
Received Import Request.
  Time since last request: 0.000029 seconds.
  path: Packages/com.unity.visualeffectgraph/Editor/UIResources/VFX/textSmaller.png
  artifactKey: Guid(ad4b24339eaeaa54d8d9facfd92c599f)
Start importing Packages/com.unity.visualeffectgraph/Editor/UIResources/VFX/textSmaller.png using Guid(ad4b24339eaeaa54d8d9facfd92c599f) (TextureImporter) -> (artifact id: 'ba0c458d05a41794857705a67625c85f') in 0.002528042 seconds
Number of updated asset objects reloaded before import = 0Number of asset objects unloaded after import = 0

========================================================================
Received Import Request.
  Time since last request: 0.000035 seconds.
  path: Packages/com.unity.collab-proxy/Editor/Assets/Images/iconplasticnotifypendingchangesandincoming.png
  artifactKey: Guid(96967b3953faf48f6885b45aed76490f)
Start importing Packages/com.unity.collab-proxy/Editor/Assets/Images/iconplasticnotifypendingchangesandincoming.png using Guid(96967b3953faf48f6885b45aed76490f) (TextureImporter) -> (artifact id: '7f3bd90d8fe1f8e60cac7297c0276386') in 0.000997542 seconds
Number of updated asset objects reloaded before import = 0Number of asset objects unloaded after import = 0

========================================================================
Received Import Request.
  Time since last request: 0.000036 seconds.
  path: Packages/com.unity.collab-proxy/Editor/Assets/Images/iconlockretained@2x.png
  artifactKey: Guid(1844d3d99090a0b43b60a5f1ff821467)
Start importing Packages/com.unity.collab-proxy/Editor/Assets/Images/iconlockretained@2x.png using Guid(1844d3d99090a0b43b60a5f1ff821467) (TextureImporter) -> (artifact id: '13b8f8ba51267040945bf4800a6f7793') in 0.001314083 seconds
Number of updated asset objects reloaded before import = 0Number of asset objects unloaded after import = 0

========================================================================
Received Import Request.
  Time since last request: 0.000031 seconds.
  path: Packages/com.unity.collab-proxy/Editor/Assets/Images/d_iconplasticview@2x.png
  artifactKey: Guid(3168140d6f409d0448447f18568d9482)
Start importing Packages/com.unity.collab-proxy/Editor/Assets/Images/d_iconplasticview@2x.png using Guid(3168140d6f409d0448447f18568d9482) (TextureImporter) -> (artifact id: 'c070436a662c654be368566014afaadd') in 0.00079 seconds
Number of updated asset objects reloaded before import = 0Number of asset objects unloaded after import = 0

========================================================================
Received Import Request.
  Time since last request: 0.000032 seconds.
  path: Packages/com.unity.collab-proxy/Editor/Assets/Images/iconcheckedoutlocaloverlay@2x.png
  artifactKey: Guid(3999034958d54364da380a8839a11050)
Start importing Packages/com.unity.collab-proxy/Editor/Assets/Images/iconcheckedoutlocaloverlay@2x.png using Guid(3999034958d54364da380a8839a11050) (TextureImporter) -> (artifact id: '903bbd6c5196652e23040e7dfc850a43') in 0.000659666 seconds
Number of updated asset objects reloaded before import = 0Number of asset objects unloaded after import = 0

========================================================================
Received Import Request.
  Time since last request: 0.000027 seconds.
  path: Packages/com.unity.visualeffectgraph/ShaderGraph/VFXGraph_6W_TemplateThumbnail.png
  artifactKey: Guid(7fb812ee31f43e042ad21b921907d23a)
Start importing Packages/com.unity.visualeffectgraph/ShaderGraph/VFXGraph_6W_TemplateThumbnail.png using Guid(7fb812ee31f43e042ad21b921907d23a) (TextureImporter)crunched in 0.327730
 -> (artifact id: 'd5cf9467d864f9e5707d8d14cf193ff4') in 0.343184 seconds
Number of updated asset objects reloaded before import = 0Number of asset objects unloaded after import = 0

========================================================================
Received Import Request.
  Time since last request: 0.000051 seconds.
  path: Packages/com.unity.collab-proxy/Editor/Assets/Images/d_iconplasticnotifyincoming.png
  artifactKey: Guid(f31d2c855644aad4cb2030bce12859f6)
Start importing Packages/com.unity.collab-proxy/Editor/Assets/Images/d_iconplasticnotifyincoming.png using Guid(f31d2c855644aad4cb2030bce12859f6) (TextureImporter) -> (artifact id: 'e94c6f6a2e24a3ae33f30f0c8c2fe968') in 0.000834583 seconds
Number of updated asset objects reloaded before import = 0Number of asset objects unloaded after import = 0

========================================================================
Received Import Request.
  Time since last request: 0.000029 seconds.
  path: Packages/com.unity.render-pipelines.high-definition/Runtime/RenderPipelineResources/Texture/ShaderGraphTemplates/Knit_Jersey_TM.png
  artifactKey: Guid(d0496d2bbaa208d4abaa0d3daa542ee9)
Start importing Packages/com.unity.render-pipelines.high-definition/Runtime/RenderPipelineResources/Texture/ShaderGraphTemplates/Knit_Jersey_TM.png using Guid(d0496d2bbaa208d4abaa0d3daa542ee9) (TextureImporter) -> (artifact id: '3878f2d5cc5855866f1ad1647482e5a1') in 0.001621833 seconds
Number of updated asset objects reloaded before import = 0Number of asset objects unloaded after import = 0

========================================================================
Received Import Request.
  Time since last request: 0.000064 seconds.
  path: Packages/com.unity.collab-proxy/Editor/Assets/Images/d_iconconflicted.png
  artifactKey: Guid(881798b77426a8f47b533dcc4767e9e5)
Start importing Packages/com.unity.collab-proxy/Editor/Assets/Images/d_iconconflicted.png using Guid(881798b77426a8f47b533dcc4767e9e5) (TextureImporter) -> (artifact id: '00c4692214a6b508dadcd86e0a38fb4b') in 0.000789666 seconds
Number of updated asset objects reloaded before import = 0Number of asset objects unloaded after import = 0

========================================================================
Received Import Request.
  Time since last request: 0.000035 seconds.
  path: Packages/com.unity.collab-proxy/Editor/Assets/Images/d_iconplasticnotifyincoming@2x.png
  artifactKey: Guid(c5fc116b3271b5947808130b2212cd60)
Start importing Packages/com.unity.collab-proxy/Editor/Assets/Images/d_iconplasticnotifyincoming@2x.png using Guid(c5fc116b3271b5947808130b2212cd60) (TextureImporter) -> (artifact id: '29ca79cf5862d7557d61bb908f6fca64') in 0.000844958 seconds
Number of updated asset objects reloaded before import = 0Number of asset objects unloaded after import = 0

========================================================================
Received Import Request.
  Time since last request: 0.000065 seconds.
  path: Packages/com.unity.shadergraph/GraphTemplates/Cross Pipeline/LitParticleTemplateThumbnail.png
  artifactKey: Guid(0f0c228bd0a3835428c403a8d1568ef5)
Start importing Packages/com.unity.shadergraph/GraphTemplates/Cross Pipeline/LitParticleTemplateThumbnail.png using Guid(0f0c228bd0a3835428c403a8d1568ef5) (TextureImporter) -> (artifact id: 'da5c6356f6b7ecd94dd965c134890ccd') in 0.079004042 seconds
Number of updated asset objects reloaded before import = 0Number of asset objects unloaded after import = 0

========================================================================
Received Import Request.
  Time since last request: 0.000035 seconds.
  path: Packages/com.unity.render-pipelines.high-definition/Editor/RenderPipelineResources/Texture/PlanarReflection.png
  artifactKey: Guid(3b77af68825357f47ae9f6d0b9d30f2d)
Start importing Packages/com.unity.render-pipelines.high-definition/Editor/RenderPipelineResources/Texture/PlanarReflection.png using Guid(3b77af68825357f47ae9f6d0b9d30f2d) (TextureImporter) -> (artifact id: '9538899872012bffcd451fe84c2a6642') in 0.002433625 seconds
Number of updated asset objects reloaded before import = 0Number of asset objects unloaded after import = 0

========================================================================
Received Import Request.
  Time since last request: 0.000019 seconds.
  path: Packages/com.unity.render-pipelines.high-definition/Runtime/RenderPipelineResources/Texture/ShaderGraphTemplates/Iris03_BC.tif
  artifactKey: Guid(e6cadcb8d8bf826479f6756cfdb84e1e)
Start importing Packages/com.unity.render-pipelines.high-definition/Runtime/RenderPipelineResources/Texture/ShaderGraphTemplates/Iris03_BC.tif using Guid(e6cadcb8d8bf826479f6756cfdb84e1e) (TextureImporter) -> (artifact id: '4fc27a57e7a4b4f6a9b5610fe7a94171') in 0.005590791 seconds
Number of updated asset objects reloaded before import = 0Number of asset objects unloaded after import = 0

========================================================================
Received Import Request.
  Time since last request: 0.000024 seconds.
  path: Packages/com.unity.render-pipelines.high-definition/Runtime/RenderPipelineResources/Texture/ShaderGraphTemplates/Sclera_N.tif
  artifactKey: Guid(c8e586adc077db1459ed287751b99aec)
Start importing Packages/com.unity.render-pipelines.high-definition/Runtime/RenderPipelineResources/Texture/ShaderGraphTemplates/Sclera_N.tif using Guid(c8e586adc077db1459ed287751b99aec) (TextureImporter) -> (artifact id: 'a2c86bbf2448e5f2d19a23e711fc9a06') in 0.016876292 seconds
Number of updated asset objects reloaded before import = 0Number of asset objects unloaded after import = 0

========================================================================
Received Import Request.
  Time since last request: 0.000038 seconds.
  path: Packages/com.unity.collab-proxy/Editor/Assets/Images/d_iconlabel@2x.png
  artifactKey: Guid(ce435fe40bff4da41aadc577ebfb27d7)
Start importing Packages/com.unity.collab-proxy/Editor/Assets/Images/d_iconlabel@2x.png using Guid(ce435fe40bff4da41aadc577ebfb27d7) (TextureImporter) -> (artifact id: '9da1172bad57d48be7b36058362aace2') in 0.001081 seconds
Number of updated asset objects reloaded before import = 0Number of asset objects unloaded after import = 0

========================================================================
Received Import Request.
  Time since last request: 0.000027 seconds.
  path: Packages/com.unity.collab-proxy/Editor/Assets/Images/d_iconplasticnotifypendingchanges.png
  artifactKey: Guid(e64bde76852ee8247b40b50ef8880632)
Start importing Packages/com.unity.collab-proxy/Editor/Assets/Images/d_iconplasticnotifypendingchanges.png using Guid(e64bde76852ee8247b40b50ef8880632) (TextureImporter) -> (artifact id: '900ad156e2769c1cb0fa4c4e01752cd1') in 0.001162125 seconds
Number of updated asset objects reloaded before import = 0Number of asset objects unloaded after import = 0

========================================================================
Received Import Request.
  Time since last request: 0.000034 seconds.
  path: Packages/com.unity.collab-proxy/Editor/Assets/Images/d_iconclouddriveview.png
  artifactKey: Guid(8b32b34c806b4de4cb7f04b3344b6966)
Start importing Packages/com.unity.collab-proxy/Editor/Assets/Images/d_iconclouddriveview.png using Guid(8b32b34c806b4de4cb7f04b3344b6966) (TextureImporter) -> (artifact id: '877a7d75b261bea5cf68558cdd954feb') in 0.000959292 seconds
Number of updated asset objects reloaded before import = 0Number of asset objects unloaded after import = 0

========================================================================
Received Import Request.
  Time since last request: 0.000069 seconds.
  path: Packages/com.unity.collab-proxy/Editor/Assets/Images/iconretainedoverlay@2x.png
  artifactKey: Guid(a01087ce1455c7e4c8f2410c26afcfd2)
Start importing Packages/com.unity.collab-proxy/Editor/Assets/Images/iconretainedoverlay@2x.png using Guid(a01087ce1455c7e4c8f2410c26afcfd2) (TextureImporter) -> (artifact id: '9140b9a55a1fe58332d4770b9bcd9032') in 0.001260666 seconds
Number of updated asset objects reloaded before import = 0Number of asset objects unloaded after import = 0

========================================================================
Received Import Request.
  Time since last request: 0.000032 seconds.
  path: Packages/com.unity.collab-proxy/Editor/Assets/Images/iconaddedlocal.png
  artifactKey: Guid(9a1ab8af8c446204e989a90f18305caf)
Start importing Packages/com.unity.collab-proxy/Editor/Assets/Images/iconaddedlocal.png using Guid(9a1ab8af8c446204e989a90f18305caf) (TextureImporter) -> (artifact id: '1642a5792a7d04929fb5db767445dfaa') in 0.000673541 seconds
Number of updated asset objects reloaded before import = 0Number of asset objects unloaded after import = 0

========================================================================
Received Import Request.
  Time since last request: 0.000023 seconds.
  path: Packages/com.unity.collab-proxy/Editor/Assets/Images/iconaddedlocal@2x.png
  artifactKey: Guid(a67b58d6cddcd4345b1e001340de5a76)
Start importing Packages/com.unity.collab-proxy/Editor/Assets/Images/iconaddedlocal@2x.png using Guid(a67b58d6cddcd4345b1e001340de5a76) (TextureImporter) -> (artifact id: '527a7f07e565482589154be95ca4d375') in 0.000674209 seconds
Number of updated asset objects reloaded before import = 0Number of asset objects unloaded after import = 0

========================================================================
Received Import Request.
  Time since last request: 0.000031 seconds.
  path: Packages/com.unity.visualeffectgraph/Textures/Default6Way_N.png
  artifactKey: Guid(4ff3d8b4bffa5408d8746a9030024da0)
Start importing Packages/com.unity.visualeffectgraph/Textures/Default6Way_N.png using Guid(4ff3d8b4bffa5408d8746a9030024da0) (TextureImporter) -> (artifact id: '705334e06a74225164142fa42f090e88') in 0.008182375 seconds
Number of updated asset objects reloaded before import = 0Number of asset objects unloaded after import = 0

========================================================================
Received Import Request.
  Time since last request: 0.000046 seconds.
  path: Packages/com.unity.collab-proxy/Editor/Assets/Images/iconmergeview.png
  artifactKey: Guid(569cb7c654ca242978cdc7428c2881a3)
Start importing Packages/com.unity.collab-proxy/Editor/Assets/Images/iconmergeview.png using Guid(569cb7c654ca242978cdc7428c2881a3) (TextureImporter) -> (artifact id: 'f723c9867a40992ee95244ceda49bd0b') in 0.000905375 seconds
Number of updated asset objects reloaded before import = 0Number of asset objects unloaded after import = 0

========================================================================
Received Import Request.
  Time since last request: 0.000030 seconds.
  path: Packages/com.unity.render-pipelines.high-definition/Runtime/RenderPipelineResources/ShaderGraph/HDRPLitTemplateThumbnail.png
  artifactKey: Guid(735f538caff1db74f943ce9ea87633e9)
Start importing Packages/com.unity.render-pipelines.high-definition/Runtime/RenderPipelineResources/ShaderGraph/HDRPLitTemplateThumbnail.png using Guid(735f538caff1db74f943ce9ea87633e9) (TextureImporter) -> (artifact id: 'd493726bfd548d7b4518c61d8df2e69d') in 0.013823833 seconds
Number of updated asset objects reloaded before import = 0Number of asset objects unloaded after import = 0

========================================================================
Received Import Request.
  Time since last request: 0.000066 seconds.
  path: Packages/com.unity.collab-proxy/Editor/Assets/Images/d_iconbrex.png
  artifactKey: Guid(d44f9c7a4044e1845b5b3627ba32fb10)
Start importing Packages/com.unity.collab-proxy/Editor/Assets/Images/d_iconbrex.png using Guid(d44f9c7a4044e1845b5b3627ba32fb10) (TextureImporter) -> (artifact id: '8ccbe640e41b3f645f9bc49de7a09503') in 0.000940167 seconds
Number of updated asset objects reloaded before import = 0Number of asset objects unloaded after import = 0

========================================================================
Received Import Request.
  Time since last request: 0.000034 seconds.
  path: Packages/com.unity.collab-proxy/Editor/Assets/Images/d_iconchangesets@2x.png
  artifactKey: Guid(b76c20add7d3d4f79afcbafeaa12e974)
Start importing Packages/com.unity.collab-proxy/Editor/Assets/Images/d_iconchangesets@2x.png using Guid(b76c20add7d3d4f79afcbafeaa12e974) (TextureImporter) -> (artifact id: 'e5591881552930504ba269f6f50363b4') in 0.001078375 seconds
Number of updated asset objects reloaded before import = 0Number of asset objects unloaded after import = 0

========================================================================
Received Import Request.
  Time since last request: 0.000035 seconds.
  path: Packages/com.unity.collab-proxy/Editor/Assets/Images/iconbrex@2x.png
  artifactKey: Guid(ab97695f01bc84c4b93e8440531417e7)
Start importing Packages/com.unity.collab-proxy/Editor/Assets/Images/iconbrex@2x.png using Guid(ab97695f01bc84c4b93e8440531417e7) (TextureImporter) -> (artifact id: '52822e112a1cf6a68d136f1afd4d4ffc') in 0.000962834 seconds
Number of updated asset objects reloaded before import = 0Number of asset objects unloaded after import = 0

========================================================================
Received Import Request.
  Time since last request: 0.000020 seconds.
  path: Packages/com.unity.collab-proxy/Editor/Assets/Images/iconpendingchanges@2x.png
  artifactKey: Guid(232fe04bebe5e904bb0568e685bd32a6)
Start importing Packages/com.unity.collab-proxy/Editor/Assets/Images/iconpendingchanges@2x.png using Guid(232fe04bebe5e904bb0568e685bd32a6) (TextureImporter) -> (artifact id: '3c70194e7dac2b7f099df3d5baebb674') in 0.000944792 seconds
Number of updated asset objects reloaded before import = 0Number of asset objects unloaded after import = 0

========================================================================
Received Import Request.
  Time since last request: 0.000030 seconds.
  path: Packages/com.unity.collab-proxy/Editor/Assets/Images/iconincomingchangesview@2x.png
  artifactKey: Guid(b8263c2f8ead9485180cfeaa9bde0999)
Start importing Packages/com.unity.collab-proxy/Editor/Assets/Images/iconincomingchangesview@2x.png using Guid(b8263c2f8ead9485180cfeaa9bde0999) (TextureImporter) -> (artifact id: '409a7899a0fbb4089a906f8f719e2358') in 0.000976958 seconds
Number of updated asset objects reloaded before import = 0Number of asset objects unloaded after import = 0

========================================================================
Received Import Request.
  Time since last request: 0.000030 seconds.
  path: Packages/com.unity.collab-proxy/Editor/Assets/Images/iconinviteusers.png
  artifactKey: Guid(40e23f4f2fddc724db517c63f4d8990d)
Start importing Packages/com.unity.collab-proxy/Editor/Assets/Images/iconinviteusers.png using Guid(40e23f4f2fddc724db517c63f4d8990d) (TextureImporter) -> (artifact id: 'dd8259e84495e1370c746bcaa180c735') in 0.000988291 seconds
Number of updated asset objects reloaded before import = 0Number of asset objects unloaded after import = 0

========================================================================
Received Import Request.
  Time since last request: 0.000035 seconds.
  path: Packages/com.unity.render-pipelines.high-definition/Runtime/RenderPipelineResources/ShaderGraph/FogVolumeTemplateThumbnail.png
  artifactKey: Guid(53a4c85f379d6d54eadd0ba332fbfc7a)
Start importing Packages/com.unity.render-pipelines.high-definition/Runtime/RenderPipelineResources/ShaderGraph/FogVolumeTemplateThumbnail.png using Guid(53a4c85f379d6d54eadd0ba332fbfc7a) (TextureImporter) -> (artifact id: 'ca8b1b849480edf42f8f614c9e8c07d0') in 0.008529917 seconds
Number of updated asset objects reloaded before import = 0Number of asset objects unloaded after import = 0

========================================================================
Received Import Request.
  Time since last request: 0.000042 seconds.
  path: Packages/com.unity.collab-proxy/Editor/Assets/Images/d_iconprivateoverlay@2x.png
  artifactKey: Guid(eb56188e070e442c4b93b8856b5c1ab0)
Start importing Packages/com.unity.collab-proxy/Editor/Assets/Images/d_iconprivateoverlay@2x.png using Guid(eb56188e070e442c4b93b8856b5c1ab0) (TextureImporter) -> (artifact id: 'ef715049e58ff29517be171cc7ae42ee') in 0.001110541 seconds
Number of updated asset objects reloaded before import = 0Number of asset objects unloaded after import = 0

========================================================================
Received Import Request.
  Time since last request: 0.000051 seconds.
  path: Packages/com.unity.collab-proxy/Editor/Assets/Images/d_iconpackageupdateavailable@2x.png
  artifactKey: Guid(19b06b801c204604290761788cf6e125)
Start importing Packages/com.unity.collab-proxy/Editor/Assets/Images/d_iconpackageupdateavailable@2x.png using Guid(19b06b801c204604290761788cf6e125) (TextureImporter) -> (artifact id: 'e1e0a7d05dbf1121936350e98aab648e') in 0.001233209 seconds
Number of updated asset objects reloaded before import = 0Number of asset objects unloaded after import = 0

========================================================================
Received Import Request.
  Time since last request: 0.000029 seconds.
  path: Packages/com.unity.collab-proxy/Editor/Assets/Images/d_iconoutofsyncoverlay@2x.png
  artifactKey: Guid(4d7e6e570e9d65a4c9a994783a0652e2)
Start importing Packages/com.unity.collab-proxy/Editor/Assets/Images/d_iconoutofsyncoverlay@2x.png using Guid(4d7e6e570e9d65a4c9a994783a0652e2) (TextureImporter) -> (artifact id: '8264eeb38f51462f300ad65e5cfc464e') in 0.000623375 seconds
Number of updated asset objects reloaded before import = 0Number of asset objects unloaded after import = 0

========================================================================
Received Import Request.
  Time since last request: 0.000029 seconds.
  path: Packages/com.unity.collab-proxy/Editor/Assets/Images/d_icondeletedlocaloverlay.png
  artifactKey: Guid(4da274d970a82a943ae3979e7833f3dd)
Start importing Packages/com.unity.collab-proxy/Editor/Assets/Images/d_icondeletedlocaloverlay.png using Guid(4da274d970a82a943ae3979e7833f3dd) (TextureImporter) -> (artifact id: '5ca9c26334f0ef7ca0a3e7c9fe1af1c7') in 0.00073 seconds
Number of updated asset objects reloaded before import = 0Number of asset objects unloaded after import = 0

========================================================================
Received Import Request.
  Time since last request: 0.000022 seconds.
  path: Packages/com.unity.shadergraph/Editor/Resources/Icons/blackboard_dark@2x.png
  artifactKey: Guid(aa09d480b04b3437db2ba9c9cdbc77be)
Start importing Packages/com.unity.shadergraph/Editor/Resources/Icons/blackboard_dark@2x.png using Guid(aa09d480b04b3437db2ba9c9cdbc77be) (TextureImporter) -> (artifact id: 'ed176ccc8fb8728e56bab2025a4cb271') in 0.000944375 seconds
Number of updated asset objects reloaded before import = 0Number of asset objects unloaded after import = 0

========================================================================
Received Import Request.
  Time since last request: 0.000034 seconds.
  path: Packages/com.unity.visualeffectgraph/Textures/DefaultNormal.png
  artifactKey: Guid(8e08e4f7996f63948a67650029bc7d1d)
Start importing Packages/com.unity.visualeffectgraph/Textures/DefaultNormal.png using Guid(8e08e4f7996f63948a67650029bc7d1d) (TextureImporter) -> (artifact id: 'a976ada7b7cef7b9ddf6ce27af9dff14') in 0.000822167 seconds
Number of updated asset objects reloaded before import = 0Number of asset objects unloaded after import = 0

========================================================================
Received Import Request.
  Time since last request: 0.000033 seconds.
  path: Packages/com.unity.collab-proxy/Editor/Assets/Images/d_iconpackageupdateavailable.png
  artifactKey: Guid(1dc16508006061742a802767b556accc)
Start importing Packages/com.unity.collab-proxy/Editor/Assets/Images/d_iconpackageupdateavailable.png using Guid(1dc16508006061742a802767b556accc) (TextureImporter) -> (artifact id: '0cbd4b723cfc9651cece314851155005') in 0.000865875 seconds
Number of updated asset objects reloaded before import = 0Number of asset objects unloaded after import = 0

========================================================================
Received Import Request.
  Time since last request: 0.000028 seconds.
  path: Packages/com.unity.collab-proxy/Editor/Assets/Images/iconlockedlocaloverlay.png
  artifactKey: Guid(b6073d723b6ef3f429aa7e1d0f3db44f)
Start importing Packages/com.unity.collab-proxy/Editor/Assets/Images/iconlockedlocaloverlay.png using Guid(b6073d723b6ef3f429aa7e1d0f3db44f) (TextureImporter) -> (artifact id: '19b8a8025760f95f8f07e98f06299ce4') in 0.000808125 seconds
Number of updated asset objects reloaded before import = 0Number of asset objects unloaded after import = 0

========================================================================
Received Import Request.
  Time since last request: 0.000051 seconds.
  path: Packages/com.unity.collab-proxy/Editor/Assets/Images/iconmergeview@2x.png
  artifactKey: Guid(ca92e845b7b4b41da8e081ca8c0ed3b8)
Start importing Packages/com.unity.collab-proxy/Editor/Assets/Images/iconmergeview@2x.png using Guid(ca92e845b7b4b41da8e081ca8c0ed3b8) (TextureImporter) -> (artifact id: '30ef00ae1290cd3c549381d2f8c3cd97') in 0.00098275 seconds
Number of updated asset objects reloaded before import = 0Number of asset objects unloaded after import = 0

========================================================================
Received Import Request.
  Time since last request: 0.000036 seconds.
  path: Packages/com.unity.collab-proxy/Editor/Assets/Images/d_iconconflictedoverlay.png
  artifactKey: Guid(a892bcc7ae1871447926b3c44d158763)
Start importing Packages/com.unity.collab-proxy/Editor/Assets/Images/d_iconconflictedoverlay.png using Guid(a892bcc7ae1871447926b3c44d158763) (TextureImporter) -> (artifact id: '0b3353368e237cc42ec1e13508d90c6b') in 0.000835292 seconds
Number of updated asset objects reloaded before import = 0Number of asset objects unloaded after import = 0

========================================================================
Received Import Request.
  Time since last request: 0.000054 seconds.
  path: Packages/com.unity.collab-proxy/Editor/Assets/Images/d_iconhistory.png
  artifactKey: Guid(8219bbb48767b46e7b1588dad7f021aa)
Start importing Packages/com.unity.collab-proxy/Editor/Assets/Images/d_iconhistory.png using Guid(8219bbb48767b46e7b1588dad7f021aa) (TextureImporter) -> (artifact id: '0545bfd52d377873d0ed8edd32cf930c') in 0.000858667 seconds
Number of updated asset objects reloaded before import = 0Number of asset objects unloaded after import = 0

========================================================================
Received Import Request.
  Time since last request: 0.000044 seconds.
  path: Packages/com.unity.collab-proxy/Editor/Assets/Images/d_iconretainedoverlay@2x.png
  artifactKey: Guid(c34cd61ed96ff9a40a54e159467c5155)
Start importing Packages/com.unity.collab-proxy/Editor/Assets/Images/d_iconretainedoverlay@2x.png using Guid(c34cd61ed96ff9a40a54e159467c5155) (TextureImporter) -> (artifact id: '09d0a5c0ee4cc5c3e16b3d1fab7cdbb1') in 0.001038084 seconds
Number of updated asset objects reloaded before import = 0Number of asset objects unloaded after import = 0

========================================================================
Received Import Request.
  Time since last request: 0.000021 seconds.
  path: Packages/com.unity.collab-proxy/Editor/Assets/Images/iconshelve@2x.png
  artifactKey: Guid(695fbddd7238dc94c8f102d9191c2886)
Start importing Packages/com.unity.collab-proxy/Editor/Assets/Images/iconshelve@2x.png using Guid(695fbddd7238dc94c8f102d9191c2886) (TextureImporter) -> (artifact id: '5fbcf317fbea0d1c011500ed26d801db') in 0.0010585 seconds
Number of updated asset objects reloaded before import = 0Number of asset objects unloaded after import = 0

========================================================================
Received Import Request.
  Time since last request: 0.000029 seconds.
  path: Packages/com.unity.collab-proxy/Editor/Assets/Images/d_icondeletedlocaloverlay@2x.png
  artifactKey: Guid(92b204cca46037444ab18ba6701f86f7)
Start importing Packages/com.unity.collab-proxy/Editor/Assets/Images/d_icondeletedlocaloverlay@2x.png using Guid(92b204cca46037444ab18ba6701f86f7) (TextureImporter) -> (artifact id: '7da603401ce5c6c15e2beedbdc1b17db') in 0.000976125 seconds
Number of updated asset objects reloaded before import = 0Number of asset objects unloaded after import = 0

========================================================================
Received Import Request.
  Time since last request: 0.000051 seconds.
  path: Packages/com.unity.collab-proxy/Editor/Assets/Images/iconlock.png
  artifactKey: Guid(6d3f95684dd634b18aa9ab45b3e06cfd)
Start importing Packages/com.unity.collab-proxy/Editor/Assets/Images/iconlock.png using Guid(6d3f95684dd634b18aa9ab45b3e06cfd) (TextureImporter) -> (artifact id: '4512d9e5a7cd920ec40b91d6c89f7258') in 0.000767792 seconds
Number of updated asset objects reloaded before import = 0Number of asset objects unloaded after import = 0

========================================================================
Received Import Request.
  Time since last request: 0.000045 seconds.
  path: Packages/com.unity.collab-proxy/Editor/Assets/Images/iconchangesets.png
  artifactKey: Guid(c5d82e0b4fbcf42539ceffc642e631ce)
Start importing Packages/com.unity.collab-proxy/Editor/Assets/Images/iconchangesets.png using Guid(c5d82e0b4fbcf42539ceffc642e631ce) (TextureImporter) -> (artifact id: '84c1f000d26c07f054e518a612ee46a1') in 0.0009475 seconds
Number of updated asset objects reloaded before import = 0Number of asset objects unloaded after import = 0

========================================================================
Received Import Request.
  Time since last request: 0.000041 seconds.
  path: Packages/com.unity.render-pipelines.high-definition/Runtime/RenderPipelineResources/ShaderGraph/StacklitTemplateThumbnail.png
  artifactKey: Guid(6c72d58f0e0a2904cb63258a45be1d7d)
Start importing Packages/com.unity.render-pipelines.high-definition/Runtime/RenderPipelineResources/ShaderGraph/StacklitTemplateThumbnail.png using Guid(6c72d58f0e0a2904cb63258a45be1d7d) (TextureImporter) -> (artifact id: '4e902c7cf0d0f820804430d3a768e737') in 0.010939292 seconds
Number of updated asset objects reloaded before import = 0Number of asset objects unloaded after import = 0

========================================================================
Received Import Request.
  Time since last request: 0.000076 seconds.
  path: Packages/com.unity.collab-proxy/Editor/Assets/Images/icondeletedremote.png
  artifactKey: Guid(b85a4b2ec6433d04895612d791edc260)
Start importing Packages/com.unity.collab-proxy/Editor/Assets/Images/icondeletedremote.png using Guid(b85a4b2ec6433d04895612d791edc260) (TextureImporter) -> (artifact id: '5624e1227784688ffbd0518b441bc7a7') in 0.001625209 seconds
Number of updated asset objects reloaded before import = 0Number of asset objects unloaded after import = 0

========================================================================
Received Import Request.
  Time since last request: 0.000034 seconds.
  path: Packages/com.unity.collab-proxy/Editor/Assets/Images/iconplasticview@2x.png
  artifactKey: Guid(97a4e2b6ae08b1140a5ba9e22953e029)
Start importing Packages/com.unity.collab-proxy/Editor/Assets/Images/iconplasticview@2x.png using Guid(97a4e2b6ae08b1140a5ba9e22953e029) (TextureImporter) -> (artifact id: '673990519c162cb6a9f060d7c05b3b30') in 0.000975125 seconds
Number of updated asset objects reloaded before import = 0Number of asset objects unloaded after import = 0

========================================================================
Received Import Request.
  Time since last request: 0.000035 seconds.
  path: Packages/com.unity.collab-proxy/Editor/Assets/Images/d_iconretainedoverlay.png
  artifactKey: Guid(d83d26a46db2b504fbcfa6f2aae590b6)
Start importing Packages/com.unity.collab-proxy/Editor/Assets/Images/d_iconretainedoverlay.png using Guid(d83d26a46db2b504fbcfa6f2aae590b6) (TextureImporter) -> (artifact id: 'cf7ed04a36aa4ea1f00b63bf4922f86a') in 0.000973917 seconds
Number of updated asset objects reloaded before import = 0Number of asset objects unloaded after import = 0

========================================================================
Received Import Request.
  Time since last request: 0.000038 seconds.
  path: Packages/com.unity.collab-proxy/Editor/Assets/Images/iconconflicted@2x.png
  artifactKey: Guid(f95f697d66d238446b1ab717def09945)
Start importing Packages/com.unity.collab-proxy/Editor/Assets/Images/iconconflicted@2x.png using Guid(f95f697d66d238446b1ab717def09945) (TextureImporter) -> (artifact id: '86399351143fdd4b11e4df4b16e197ea') in 0.001221791 seconds
Number of updated asset objects reloaded before import = 0Number of asset objects unloaded after import = 0

========================================================================
Received Import Request.
  Time since last request: 0.000039 seconds.
  path: Packages/com.unity.render-pipelines.high-definition/Runtime/RenderPipelineResources/ShaderGraph/SkinTemplateThumbnail.png
  artifactKey: Guid(deca39b665f3697488ba45116d9b52a8)
Start importing Packages/com.unity.render-pipelines.high-definition/Runtime/RenderPipelineResources/ShaderGraph/SkinTemplateThumbnail.png using Guid(deca39b665f3697488ba45116d9b52a8) (TextureImporter) -> (artifact id: '4dd9cd8b1fac97ab46401fcd87bf3045') in 0.010601958 seconds
Number of updated asset objects reloaded before import = 0Number of asset objects unloaded after import = 0

========================================================================
Received Import Request.
  Time since last request: 0.000035 seconds.
  path: Packages/com.unity.collab-proxy/Editor/Assets/Images/iconshelve.png
  artifactKey: Guid(b1b37c2733b68854ba004ff712ef849f)
Start importing Packages/com.unity.collab-proxy/Editor/Assets/Images/iconshelve.png using Guid(b1b37c2733b68854ba004ff712ef849f) (TextureImporter) -> (artifact id: 'f4d9783a9602ea92c995b00aa234438d') in 0.000980375 seconds
Number of updated asset objects reloaded before import = 0Number of asset objects unloaded after import = 0

========================================================================
Received Import Request.
  Time since last request: 0.000032 seconds.
  path: Packages/com.unity.collab-proxy/Editor/Assets/Images/d_iconaddedoverlay@2x.png
  artifactKey: Guid(a6fbd5a181bc51e42a61a73fe8d727c8)
Start importing Packages/com.unity.collab-proxy/Editor/Assets/Images/d_iconaddedoverlay@2x.png using Guid(a6fbd5a181bc51e42a61a73fe8d727c8) (TextureImporter) -> (artifact id: 'b685f0abf1c99059c6ba76e8e0fe0ac1') in 0.000721375 seconds
Number of updated asset objects reloaded before import = 0Number of asset objects unloaded after import = 0

========================================================================
Received Import Request.
  Time since last request: 0.000034 seconds.
  path: Packages/com.unity.collab-proxy/Editor/Assets/Images/iconpendingchanges.png
  artifactKey: Guid(76a05d2ec901a8b49a064fe0b0674ba7)
Start importing Packages/com.unity.collab-proxy/Editor/Assets/Images/iconpendingchanges.png using Guid(76a05d2ec901a8b49a064fe0b0674ba7) (TextureImporter) -> (artifact id: '93bc632b242a02f093d7989edd10d76d') in 0.000985708 seconds
Number of updated asset objects reloaded before import = 0Number of asset objects unloaded after import = 0

========================================================================
Received Import Request.
  Time since last request: 0.000041 seconds.
  path: Packages/com.unity.render-pipelines.high-definition/Runtime/RenderPipelineResources/Texture/ShaderGraphTemplates/Sclera_BC.tif
  artifactKey: Guid(f2387d94dc918b84b83eff64e9c75e60)
Start importing Packages/com.unity.render-pipelines.high-definition/Runtime/RenderPipelineResources/Texture/ShaderGraphTemplates/Sclera_BC.tif using Guid(f2387d94dc918b84b83eff64e9c75e60) (TextureImporter) -> (artifact id: 'b68d51976e855329445bae67a9476366') in 0.020249917 seconds
Number of updated asset objects reloaded before import = 0Number of asset objects unloaded after import = 0

========================================================================
Received Import Request.
  Time since last request: 0.000041 seconds.
  path: Packages/com.unity.collab-proxy/Editor/Assets/Images/iconplasticnotifyconflict.png
  artifactKey: Guid(a916ed6819efd014588f58e3cfc48196)
Start importing Packages/com.unity.collab-proxy/Editor/Assets/Images/iconplasticnotifyconflict.png using Guid(a916ed6819efd014588f58e3cfc48196) (TextureImporter) -> (artifact id: '9794867c5d7ae319bb1c9b3af52b3d72') in 0.000891834 seconds
Number of updated asset objects reloaded before import = 0Number of asset objects unloaded after import = 0

========================================================================
Received Import Request.
  Time since last request: 0.000030 seconds.
  path: Packages/com.unity.shadergraph/Editor/Resources/Icons/blackboard@2x.png
  artifactKey: Guid(aed2175e23cfe426e8678485b004714e)
Start importing Packages/com.unity.shadergraph/Editor/Resources/Icons/blackboard@2x.png using Guid(aed2175e23cfe426e8678485b004714e) (TextureImporter) -> (artifact id: 'cf4d5d474a4c65b6bbbdebd85ffa0f0d') in 0.001171041 seconds
Number of updated asset objects reloaded before import = 0Number of asset objects unloaded after import = 0

========================================================================
Received Import Request.
  Time since last request: 0.000031 seconds.
  path: Packages/com.unity.collab-proxy/Editor/Assets/Images/d_iconshelve@2x.png
  artifactKey: Guid(9264df9de832d7f4bb90a1d0c31d8343)
Start importing Packages/com.unity.collab-proxy/Editor/Assets/Images/d_iconshelve@2x.png using Guid(9264df9de832d7f4bb90a1d0c31d8343) (TextureImporter) -> (artifact id: '018c0ee162ab269092224e01cad5e577') in 0.001198125 seconds
Number of updated asset objects reloaded before import = 0Number of asset objects unloaded after import = 0

========================================================================
Received Import Request.
  Time since last request: 0.000029 seconds.
  path: Packages/com.unity.collab-proxy/Editor/Assets/Images/d_hideversioncontrol.png
  artifactKey: Guid(ec597fbbebec64e4f8725c31ce52fdb7)
Start importing Packages/com.unity.collab-proxy/Editor/Assets/Images/d_hideversioncontrol.png using Guid(ec597fbbebec64e4f8725c31ce52fdb7) (TextureImporter) -> (artifact id: '56d507a005340d82aac59931ed202fff') in 0.000989042 seconds
Number of updated asset objects reloaded before import = 0Number of asset objects unloaded after import = 0

========================================================================
Received Import Request.
  Time since last request: 13.995802 seconds.
  path: Packages/com.unity.render-pipelines.high-definition/Runtime/RenderPipelineResources/Mesh/Sphere.fbx
  artifactKey: Guid(9e0af751bc36ea146940ba245193e28c)
Start importing Packages/com.unity.render-pipelines.high-definition/Runtime/RenderPipelineResources/Mesh/Sphere.fbx using Guid(9e0af751bc36ea146940ba245193e28c) (FBXImporter) -> (artifact id: '3a01cdc191630e55ead794536cee9a9b') in 0.047549209 seconds
Number of updated asset objects reloaded before import = 159Number of asset objects unloaded after import = 0

========================================================================
Received Import Request.
  Time since last request: 0.000036 seconds.
  path: Packages/com.unity.render-pipelines.core/Runtime/Debug/ProbeSamplingDebugMesh.fbx
  artifactKey: Guid(20be25aac4e22ee49a7db76fb3df6de2)
Start importing Packages/com.unity.render-pipelines.core/Runtime/Debug/ProbeSamplingDebugMesh.fbx using Guid(20be25aac4e22ee49a7db76fb3df6de2) (FBXImporter) -> (artifact id: 'fcbef0ecb282a9af0f2e25aa9eacc058') in 0.008756875 seconds
Number of updated asset objects reloaded before import = 0Number of asset objects unloaded after import = 0

========================================================================
Received Import Request.
  Time since last request: 0.000039 seconds.
  path: Assets/Characters/2/2.Fbx
  artifactKey: Guid(c617b82923536f049b0f1cd8704f02c5)
Start importing Assets/Characters/2/2.Fbx using Guid(c617b82923536f049b0f1cd8704f02c5) (FBXImporter)Keyframe reduction: Ratio: 100.000000%;
 -> (artifact id: '19b4030c0efd293cfd842b595483b53e') in 3.719981042 seconds
Number of updated asset objects reloaded before import = 0Number of asset objects unloaded after import = 24

========================================================================
Received Prepare
WARNING: Shader Unsupported: 'HDRP/TerrainLit' - All subshaders removed
WARNING: Shader Did you use #pragma only_renderers and omit this platform?
WARNING: Shader If subshaders removal was intentional, you may have forgotten turning Fallback off?
WARNING: Shader Unsupported: 'HDRP/TerrainLit' - All subshaders removed
WARNING: Shader Did you use #pragma only_renderers and omit this platform?
WARNING: Shader If subshaders removal was intentional, you may have forgotten turning Fallback off?
Refreshing native plugins compatible for Editor in 2.47 ms, found 4 plugins.
Preloading 0 native plugins for Editor in 0.00 ms.
Unloading 198 Unused Serialized files (Serialized files now loaded: 0)
Unloading 16 unused Assets / (2.5 MB). Loaded Objects now: 8032.
Memory consumption went from 241.6 MB to 239.1 MB.
Total: 4.212875 ms (FindLiveObjects: 0.189875 ms CreateObjectMapping: 0.065667 ms MarkObjects: 3.767292 ms  DeleteObjects: 0.189416 ms)

Prepare: number of updated asset objects reloaded= 1
========================================================================
Received Import Request.
  Time since last request: 2.247297 seconds.
  path: Packages/com.unity.render-pipelines.high-definition/Runtime/RenderPipelineResources/Mesh/Cylinder.fbx
  artifactKey: Guid(accb6d90f0d50fe4ca0f68159b4323de)
Start importing Packages/com.unity.render-pipelines.high-definition/Runtime/RenderPipelineResources/Mesh/Cylinder.fbx using Guid(accb6d90f0d50fe4ca0f68159b4323de) (FBXImporter) -> (artifact id: '72ca358f8080091dbeb98bf36b515601') in 0.009272916 seconds
Number of updated asset objects reloaded before import = 0Number of asset objects unloaded after import = 0

========================================================================
Received Import Request.
  Time since last request: 0.000032 seconds.
  path: Packages/com.unity.render-pipelines.core/Runtime/RenderPipelineResources/Mesh/SamplesFloorSpotlight.fbx
  artifactKey: Guid(1dbf28c1bb322474d981b2dc555e28b0)
Start importing Packages/com.unity.render-pipelines.core/Runtime/RenderPipelineResources/Mesh/SamplesFloorSpotlight.fbx using Guid(1dbf28c1bb322474d981b2dc555e28b0) (FBXImporter) -> (artifact id: 'ed5a9edadb567f9c57c56562552732e6') in 0.061847625 seconds
Number of updated asset objects reloaded before import = 0Number of asset objects unloaded after import = 0

========================================================================
Received Import Request.
  Time since last request: 0.000042 seconds.
  path: Packages/com.unity.render-pipelines.high-definition/Runtime/RenderPipelineResources/Mesh/HumanEyeModel.fbx
  artifactKey: Guid(bc7f614d61b9b2a49a9ca3530b20da5c)
Start importing Packages/com.unity.render-pipelines.high-definition/Runtime/RenderPipelineResources/Mesh/HumanEyeModel.fbx using Guid(bc7f614d61b9b2a49a9ca3530b20da5c) (FBXImporter)Keyframe reduction: Ratio: 100.000000%;
 -> (artifact id: '790bd4b7b653bd4a0cf02dab07587022') in 0.013279292 seconds
Number of updated asset objects reloaded before import = 0Number of asset objects unloaded after import = 0

========================================================================
Received Prepare
Refreshing native plugins compatible for Editor in 0.71 ms, found 4 plugins.
Preloading 0 native plugins for Editor in 0.00 ms.
Unloading 6 Unused Serialized files (Serialized files now loaded: 0)
Unloading 7 unused Assets / (2.0 MB). Loaded Objects now: 8065.
Memory consumption went from 239.6 MB to 237.6 MB.
Total: 4.696875 ms (FindLiveObjects: 0.197000 ms CreateObjectMapping: 0.069125 ms MarkObjects: 4.274792 ms  DeleteObjects: 0.155375 ms)

Prepare: number of updated asset objects reloaded= 1
========================================================================
Received Prepare
Refreshing native plugins compatible for Editor in 0.58 ms, found 4 plugins.
Preloading 0 native plugins for Editor in 0.00 ms.
Unloading 6 Unused Serialized files (Serialized files now loaded: 0)
Unloading 6 unused Assets / (2.0 MB). Loaded Objects now: 8068.
Memory consumption went from 239.5 MB to 237.4 MB.
Total: 5.037250 ms (FindLiveObjects: 0.208250 ms CreateObjectMapping: 0.079792 ms MarkObjects: 4.608292 ms  DeleteObjects: 0.140625 ms)

Prepare: number of updated asset objects reloaded= 0
========================================================================
Received Import Request.
  Time since last request: 5763.783315 seconds.
  path: Assets/GridTile2.mat
  artifactKey: Guid(9012c93a4f4704620b1196f8aa3d0f4c) Importer(2089858483,b0f066a214c2f5e87bad3c948f4d605d)
Start importing Assets/GridTile2.mat using Guid(9012c93a4f4704620b1196f8aa3d0f4c) Importer(2089858483,b0f066a214c2f5e87bad3c948f4d605d) (ScriptedImporter) -> (artifact id: 'ac107082a79cc8a03b5c975eb19258dd') in 0.066536042 seconds
Number of updated asset objects reloaded before import = 0Number of asset objects unloaded after import = 1

========================================================================
Received Import Request.
  Time since last request: 0.000355 seconds.
  path: Assets/Gizmos/FACS_ControlPanel/drawing_AU1.png
  artifactKey: Guid(3f16b9f57f1918847a782321ce08c69a) Importer(2089858483,b0f066a214c2f5e87bad3c948f4d605d)
Start importing Assets/Gizmos/FACS_ControlPanel/drawing_AU1.png using Guid(3f16b9f57f1918847a782321ce08c69a) Importer(2089858483,b0f066a214c2f5e87bad3c948f4d605d) (ScriptedImporter) -> (artifact id: 'b24cf8daee420c7c1ab09fec195d5bd8') in 0.046006958 seconds
Number of updated asset objects reloaded before import = 0Number of asset objects unloaded after import = 3

========================================================================
Received Import Request.
  Time since last request: 0.000042 seconds.
  path: Assets/Settings/SkinDiffusionProfile.asset
  artifactKey: Guid(28887c639c4a849ca8bbb7a04368e598) Importer(2089858483,b0f066a214c2f5e87bad3c948f4d605d)
Start importing Assets/Settings/SkinDiffusionProfile.asset using Guid(28887c639c4a849ca8bbb7a04368e598) Importer(2089858483,b0f066a214c2f5e87bad3c948f4d605d) (ScriptedImporter) -> (artifact id: '586321174eccdb5bd2bbb0c3867a664f') in 0.02377825 seconds
Number of updated asset objects reloaded before import = 0Number of asset objects unloaded after import = 1

========================================================================
Received Import Request.
  Time since last request: 0.000046 seconds.
  path: Assets/HDRPDefaultResources/DefaultSettingsVolumeProfile 1.asset
  artifactKey: Guid(caf6f5ed01f8e4030b58b2861f188e32) Importer(2089858483,b0f066a214c2f5e87bad3c948f4d605d)
Start importing Assets/HDRPDefaultResources/DefaultSettingsVolumeProfile 1.asset using Guid(caf6f5ed01f8e4030b58b2861f188e32) Importer(2089858483,b0f066a214c2f5e87bad3c948f4d605d) (ScriptedImporter) -> (artifact id: '765a8509ec571339131c4819388605f5') in 0.00929375 seconds
Number of updated asset objects reloaded before import = 0Number of asset objects unloaded after import = 4

========================================================================
Received Import Request.
  Time since last request: 0.000060 seconds.
  path: Assets/Settings/Very Low_PipelineAsset_ForwardRenderer.asset
  artifactKey: Guid(52814c5f5d6db478fa00fa46876153b2) Importer(2089858483,b0f066a214c2f5e87bad3c948f4d605d)
Start importing Assets/Settings/Very Low_PipelineAsset_ForwardRenderer.asset using Guid(52814c5f5d6db478fa00fa46876153b2) Importer(2089858483,b0f066a214c2f5e87bad3c948f4d605d) (ScriptedImporter) -> (artifact id: '7faa83703f76fdccc46e074ec599a260') in 0.004965208 seconds
Number of updated asset objects reloaded before import = 0Number of asset objects unloaded after import = 1

========================================================================
Received Import Request.
  Time since last request: 0.000035 seconds.
  path: Assets/Gizmos/FACS_ControlPanel/drawing_AU17.png
  artifactKey: Guid(b142adc648a459648ad10d0bd83a0d43) Importer(2089858483,b0f066a214c2f5e87bad3c948f4d605d)
Start importing Assets/Gizmos/FACS_ControlPanel/drawing_AU17.png using Guid(b142adc648a459648ad10d0bd83a0d43) Importer(2089858483,b0f066a214c2f5e87bad3c948f4d605d) (ScriptedImporter) -> (artifact id: 'e2b031e919c3b894174210b56d7dd51a') in 0.005419083 seconds
Number of updated asset objects reloaded before import = 0Number of asset objects unloaded after import = 3

========================================================================
Received Import Request.
  Time since last request: 0.000041 seconds.
  path: Assets/HeatmapMat.mat
  artifactKey: Guid(571a727c8dda64330803c46de0125e5e) Importer(2089858483,b0f066a214c2f5e87bad3c948f4d605d)
Start importing Assets/HeatmapMat.mat using Guid(571a727c8dda64330803c46de0125e5e) Importer(2089858483,b0f066a214c2f5e87bad3c948f4d605d) (ScriptedImporter) -> (artifact id: '0e372752a1bafe8c04458a729f6abcea') in 0.00305725 seconds
Number of updated asset objects reloaded before import = 0Number of asset objects unloaded after import = 1

========================================================================
Received Import Request.
  Time since last request: 0.000085 seconds.
  path: Assets/Resources/Clusters-22/cluster-aveface-1.json
  artifactKey: Guid(8cd1686cfa91d9d428b0ec363a96932e) Importer(2089858483,b0f066a214c2f5e87bad3c948f4d605d)
Start importing Assets/Resources/Clusters-22/cluster-aveface-1.json using Guid(8cd1686cfa91d9d428b0ec363a96932e) Importer(2089858483,b0f066a214c2f5e87bad3c948f4d605d) (ScriptedImporter) -> (artifact id: '456d497e33dd4ae57ca89c1e9e676c55') in 0.0039375 seconds
Number of updated asset objects reloaded before import = 0Number of asset objects unloaded after import = 1

========================================================================
Received Import Request.
  Time since last request: 0.000039 seconds.
  path: Assets/Shaders/CC4HairShader.shader
  artifactKey: Guid(3652c508f3b71436c9df56a1e5e5119d) Importer(2089858483,b0f066a214c2f5e87bad3c948f4d605d)
Start importing Assets/Shaders/CC4HairShader.shader using Guid(3652c508f3b71436c9df56a1e5e5119d) Importer(2089858483,b0f066a214c2f5e87bad3c948f4d605d) (ScriptedImporter) -> (artifact id: '97689a95695f53e0535443caab3f45a9') in 0.004935917 seconds
Number of updated asset objects reloaded before import = 0Number of asset objects unloaded after import = 1

========================================================================
Received Import Request.
  Time since last request: 0.000042 seconds.
  path: Assets/Gizmos/FACS_ControlPanel/drawing_AU33_34.png
  artifactKey: Guid(8c4beaaf1c08a2f438624252e2036b0f) Importer(2089858483,b0f066a214c2f5e87bad3c948f4d605d)
Start importing Assets/Gizmos/FACS_ControlPanel/drawing_AU33_34.png using Guid(8c4beaaf1c08a2f438624252e2036b0f) Importer(2089858483,b0f066a214c2f5e87bad3c948f4d605d) (ScriptedImporter) -> (artifact id: 'a5c10842acbd793ba3ce759ec49f7d64') in 0.005975 seconds
Number of updated asset objects reloaded before import = 0Number of asset objects unloaded after import = 3

========================================================================
Received Import Request.
  Time since last request: 0.000034 seconds.
  path: Assets/Settings/Very Low_PipelineAsset.asset
  artifactKey: Guid(a79217395c98e41b2ba3ce9f3c208103) Importer(2089858483,b0f066a214c2f5e87bad3c948f4d605d)
Start importing Assets/Settings/Very Low_PipelineAsset.asset using Guid(a79217395c98e41b2ba3ce9f3c208103) Importer(2089858483,b0f066a214c2f5e87bad3c948f4d605d) (ScriptedImporter) -> (artifact id: 'b1972029748c0e5abaef0b975d5f5068') in 0.00177575 seconds
Number of updated asset objects reloaded before import = 0Number of asset objects unloaded after import = 1

========================================================================
Received Import Request.
  Time since last request: 0.000038 seconds.
  path: Assets/Gizmos/FACS_ControlPanel/drawing_AU55.png
  artifactKey: Guid(b3215cc1fb5d7af4792863eadfde3471) Importer(2089858483,b0f066a214c2f5e87bad3c948f4d605d)
Start importing Assets/Gizmos/FACS_ControlPanel/drawing_AU55.png using Guid(b3215cc1fb5d7af4792863eadfde3471) Importer(2089858483,b0f066a214c2f5e87bad3c948f4d605d) (ScriptedImporter) -> (artifact id: 'e60039bfd21a72801afbf0763334290d') in 0.004380042 seconds
Number of updated asset objects reloaded before import = 0Number of asset objects unloaded after import = 3

========================================================================
Received Import Request.
  Time since last request: 0.000034 seconds.
  path: Assets/Resources/Clusters-22/cluster-aveface-5.json
  artifactKey: Guid(83e7fb9e61634c140bd6b351fbe1d223) Importer(2089858483,b0f066a214c2f5e87bad3c948f4d605d)
Start importing Assets/Resources/Clusters-22/cluster-aveface-5.json using Guid(83e7fb9e61634c140bd6b351fbe1d223) Importer(2089858483,b0f066a214c2f5e87bad3c948f4d605d) (ScriptedImporter) -> (artifact id: '9d99f5a702bd58deda14678b25ab324e') in 0.001814042 seconds
Number of updated asset objects reloaded before import = 0Number of asset objects unloaded after import = 1

========================================================================
Received Import Request.
  Time since last request: 0.000057 seconds.
  path: Assets/Resources/Clusters-22/cluster-aveface-20.json
  artifactKey: Guid(4b6af60ee21e9a84ba73454d132042cf) Importer(2089858483,b0f066a214c2f5e87bad3c948f4d605d)
Start importing Assets/Resources/Clusters-22/cluster-aveface-20.json using Guid(4b6af60ee21e9a84ba73454d132042cf) Importer(2089858483,b0f066a214c2f5e87bad3c948f4d605d) (ScriptedImporter) -> (artifact id: '941af37ec43691d79f387f7ad5bb9e47') in 0.001688916 seconds
Number of updated asset objects reloaded before import = 0Number of asset objects unloaded after import = 1

========================================================================
Received Import Request.
  Time since last request: 0.000038 seconds.
  path: Assets/Gizmos/FACS_ControlPanel/drawing_AU27.png
  artifactKey: Guid(e520055d64dc84d44baa18fbf2d5b1f3) Importer(2089858483,b0f066a214c2f5e87bad3c948f4d605d)
Start importing Assets/Gizmos/FACS_ControlPanel/drawing_AU27.png using Guid(e520055d64dc84d44baa18fbf2d5b1f3) Importer(2089858483,b0f066a214c2f5e87bad3c948f4d605d) (ScriptedImporter) -> (artifact id: '37f0f816502a2eb5e901880ab4c91c17') in 0.007826792 seconds
Number of updated asset objects reloaded before import = 0Number of asset objects unloaded after import = 3

========================================================================
Received Import Request.
  Time since last request: 0.000051 seconds.
  path: Assets/Reallusion/CCiC Unity Tools/RLSettingsObject.asset
  artifactKey: Guid(946cd5acb47342c4b98a585496434729) Importer(2089858483,b0f066a214c2f5e87bad3c948f4d605d)
Start importing Assets/Reallusion/CCiC Unity Tools/RLSettingsObject.asset using Guid(946cd5acb47342c4b98a585496434729) Importer(2089858483,b0f066a214c2f5e87bad3c948f4d605d) (ScriptedImporter) -> (artifact id: 'd2a900ec00700a123ec1b39f8d29ce36') in 0.002786458 seconds
Number of updated asset objects reloaded before import = 0Number of asset objects unloaded after import = 1

========================================================================
Received Import Request.
  Time since last request: 0.000039 seconds.
  path: Assets/Gizmos/FACS_ControlPanel/drawing_AU26.png
  artifactKey: Guid(69596ff21827bf249a0df645230a2684) Importer(2089858483,b0f066a214c2f5e87bad3c948f4d605d)
Start importing Assets/Gizmos/FACS_ControlPanel/drawing_AU26.png using Guid(69596ff21827bf249a0df645230a2684) Importer(2089858483,b0f066a214c2f5e87bad3c948f4d605d) (ScriptedImporter) -> (artifact id: '5dc2195d0effbdd73f6dd6962306c041') in 0.005888083 seconds
Number of updated asset objects reloaded before import = 0Number of asset objects unloaded after import = 3

========================================================================
Received Import Request.
  Time since last request: 0.000042 seconds.
  path: Assets/Settings/Medium_PipelineAsset_ForwardRenderer.asset
  artifactKey: Guid(db5a2601fb9dc432b8db8c8ada2353c4) Importer(2089858483,b0f066a214c2f5e87bad3c948f4d605d)
Start importing Assets/Settings/Medium_PipelineAsset_ForwardRenderer.asset using Guid(db5a2601fb9dc432b8db8c8ada2353c4) Importer(2089858483,b0f066a214c2f5e87bad3c948f4d605d) (ScriptedImporter) -> (artifact id: 'e5b7b79cf44b580c82cd77c7d2c7f632') in 0.001851542 seconds
Number of updated asset objects reloaded before import = 0Number of asset objects unloaded after import = 1

========================================================================
Received Import Request.
  Time since last request: 0.000035 seconds.
  path: Assets/Gizmos/FACS_ControlPanel/drawing_AU11.png
  artifactKey: Guid(7344c5eb3512f7e4982a1972de33c403) Importer(2089858483,b0f066a214c2f5e87bad3c948f4d605d)
Start importing Assets/Gizmos/FACS_ControlPanel/drawing_AU11.png using Guid(7344c5eb3512f7e4982a1972de33c403) Importer(2089858483,b0f066a214c2f5e87bad3c948f4d605d) (ScriptedImporter) -> (artifact id: 'ba3c26510ecb12f006af1cf9f2d791f3') in 0.004810958 seconds
Number of updated asset objects reloaded before import = 0Number of asset objects unloaded after import = 3

========================================================================
Received Import Request.
  Time since last request: 0.000031 seconds.
  path: Assets/Resources/Clusters-22/cluster-aveface-18.json
  artifactKey: Guid(f4143f4602dffa14caa22a26e3698883) Importer(2089858483,b0f066a214c2f5e87bad3c948f4d605d)
Start importing Assets/Resources/Clusters-22/cluster-aveface-18.json using Guid(f4143f4602dffa14caa22a26e3698883) Importer(2089858483,b0f066a214c2f5e87bad3c948f4d605d) (ScriptedImporter) -> (artifact id: '29ae18852a21e448021b1d40b4c46099') in 0.003373291 seconds
Number of updated asset objects reloaded before import = 0Number of asset objects unloaded after import = 1

========================================================================
Received Import Request.
  Time since last request: 0.000069 seconds.
  path: Assets/Resources/Clusters-22/cluster-aveface-12.json
  artifactKey: Guid(6797fca7a9478bb4593e9a18a354b1c2) Importer(2089858483,b0f066a214c2f5e87bad3c948f4d605d)
Start importing Assets/Resources/Clusters-22/cluster-aveface-12.json using Guid(6797fca7a9478bb4593e9a18a354b1c2) Importer(2089858483,b0f066a214c2f5e87bad3c948f4d605d) (ScriptedImporter) -> (artifact id: '0753d1ba253c4efb2a5f539006ae754b') in 0.002605125 seconds
Number of updated asset objects reloaded before import = 0Number of asset objects unloaded after import = 1

========================================================================
Received Import Request.
  Time since last request: 0.000044 seconds.
  path: Assets/Gizmos/FACS_ControlPanel/drawing_AU13.png
  artifactKey: Guid(fcc817a0041537246b25dc51cd6eacb7) Importer(2089858483,b0f066a214c2f5e87bad3c948f4d605d)
Start importing Assets/Gizmos/FACS_ControlPanel/drawing_AU13.png using Guid(fcc817a0041537246b25dc51cd6eacb7) Importer(2089858483,b0f066a214c2f5e87bad3c948f4d605d) (ScriptedImporter) -> (artifact id: '6455bdf617552b79648b5ace9cfc4c26') in 0.003947375 seconds
Number of updated asset objects reloaded before import = 0Number of asset objects unloaded after import = 3

========================================================================
Received Import Request.
  Time since last request: 0.000036 seconds.
  path: Assets/HDRPDefaultResources/HDRenderPipelineGlobalSettings 1.asset
  artifactKey: Guid(44294631b910c4a6586fcaeef8b681ab) Importer(2089858483,b0f066a214c2f5e87bad3c948f4d605d)
Start importing Assets/HDRPDefaultResources/HDRenderPipelineGlobalSettings 1.asset using Guid(44294631b910c4a6586fcaeef8b681ab) Importer(2089858483,b0f066a214c2f5e87bad3c948f4d605d) (ScriptedImporter) -> (artifact id: '6db8a162bb6adb663500ff346e4689fa') in 0.0397755 seconds
Number of updated asset objects reloaded before import = 0Number of asset objects unloaded after import = 3

========================================================================
Received Import Request.
  Time since last request: 0.000047 seconds.
  path: Assets/Gizmos/FACS_ControlPanel/drawing_AU54.png
  artifactKey: Guid(a6a0dd6c44ef8344e93b2356c3e5379c) Importer(2089858483,b0f066a214c2f5e87bad3c948f4d605d)
Start importing Assets/Gizmos/FACS_ControlPanel/drawing_AU54.png using Guid(a6a0dd6c44ef8344e93b2356c3e5379c) Importer(2089858483,b0f066a214c2f5e87bad3c948f4d605d) (ScriptedImporter) -> (artifact id: '217a013ff9358b574f0d61652c25d4b9') in 0.004170875 seconds
Number of updated asset objects reloaded before import = 0Number of asset objects unloaded after import = 3

========================================================================
Received Import Request.
  Time since last request: 0.000115 seconds.
  path: Assets/Gizmos/FACS_ControlPanel/drawing_AU18.png
  artifactKey: Guid(35659a2ca6c6cbb4ebb768644725a165) Importer(2089858483,b0f066a214c2f5e87bad3c948f4d605d)
Start importing Assets/Gizmos/FACS_ControlPanel/drawing_AU18.png using Guid(35659a2ca6c6cbb4ebb768644725a165) Importer(2089858483,b0f066a214c2f5e87bad3c948f4d605d) (ScriptedImporter) -> (artifact id: '29106ac95eff8710a5fc07149efa6de5') in 0.00405625 seconds
Number of updated asset objects reloaded before import = 0Number of asset objects unloaded after import = 3

========================================================================
Received Import Request.
  Time since last request: 0.000137 seconds.
  path: Assets/Gizmos/FACS_ControlPanel/drawing_AU38.png
  artifactKey: Guid(1b29f1d4fe91363418c28a05a7ea9961) Importer(2089858483,b0f066a214c2f5e87bad3c948f4d605d)
Start importing Assets/Gizmos/FACS_ControlPanel/drawing_AU38.png using Guid(1b29f1d4fe91363418c28a05a7ea9961) Importer(2089858483,b0f066a214c2f5e87bad3c948f4d605d) (ScriptedImporter) -> (artifact id: '5abb0e80068f99f664a4fa8cdd1efb41') in 0.004136333 seconds
Number of updated asset objects reloaded before import = 0Number of asset objects unloaded after import = 3

========================================================================
Received Import Request.
  Time since last request: 0.000036 seconds.
  path: Assets/Resources/Ground-Truth-Examples/afhap.json
  artifactKey: Guid(bb05b55da0efe824ebfc4337eb28bdf4) Importer(2089858483,b0f066a214c2f5e87bad3c948f4d605d)
Start importing Assets/Resources/Ground-Truth-Examples/afhap.json using Guid(bb05b55da0efe824ebfc4337eb28bdf4) Importer(2089858483,b0f066a214c2f5e87bad3c948f4d605d) (ScriptedImporter) -> (artifact id: '622618d949bc2374187049eb3c99d3c8') in 0.004192 seconds
Number of updated asset objects reloaded before import = 0Number of asset objects unloaded after import = 1

========================================================================
Received Import Request.
  Time since last request: 0.000087 seconds.
  path: Assets/Resources/Ground-Truth-Examples/amfear1.json
  artifactKey: Guid(87fdaf54c6718704dbc56840bc171095) Importer(2089858483,b0f066a214c2f5e87bad3c948f4d605d)
Start importing Assets/Resources/Ground-Truth-Examples/amfear1.json using Guid(87fdaf54c6718704dbc56840bc171095) Importer(2089858483,b0f066a214c2f5e87bad3c948f4d605d) (ScriptedImporter) -> (artifact id: '8b8390d138afd04a55861bd6382d1bfc') in 0.002314042 seconds
Number of updated asset objects reloaded before import = 0Number of asset objects unloaded after import = 1

========================================================================
Received Import Request.
  Time since last request: 0.000035 seconds.
  path: Assets/Resources/Ground-Truth-Examples/wmfear1-3.json
  artifactKey: Guid(202728b3b7d88ed488435208e7c4481b) Importer(2089858483,b0f066a214c2f5e87bad3c948f4d605d)
Start importing Assets/Resources/Ground-Truth-Examples/wmfear1-3.json using Guid(202728b3b7d88ed488435208e7c4481b) Importer(2089858483,b0f066a214c2f5e87bad3c948f4d605d) (ScriptedImporter) -> (artifact id: 'b594fd795998de39bc77c630773e5283') in 0.001948417 seconds
Number of updated asset objects reloaded before import = 0Number of asset objects unloaded after import = 1

========================================================================
Received Import Request.
  Time since last request: 0.000043 seconds.
  path: Assets/Resources/Ground-Truth-Examples/wmdis.json
  artifactKey: Guid(5e3a25d3737e2db42ba81302e122808b) Importer(2089858483,b0f066a214c2f5e87bad3c948f4d605d)
Start importing Assets/Resources/Ground-Truth-Examples/wmdis.json using Guid(5e3a25d3737e2db42ba81302e122808b) Importer(2089858483,b0f066a214c2f5e87bad3c948f4d605d) (ScriptedImporter) -> (artifact id: '9561519105fee90f226d39a2a9e44db1') in 0.001641209 seconds
Number of updated asset objects reloaded before import = 0Number of asset objects unloaded after import = 1

========================================================================
Received Import Request.
  Time since last request: 0.000043 seconds.
  path: Assets/Resources/Ground-Truth-Examples/wmpr2.json
  artifactKey: Guid(bb7c7a88137480548a0f88c24207b455) Importer(2089858483,b0f066a214c2f5e87bad3c948f4d605d)
Start importing Assets/Resources/Ground-Truth-Examples/wmpr2.json using Guid(bb7c7a88137480548a0f88c24207b455) Importer(2089858483,b0f066a214c2f5e87bad3c948f4d605d) (ScriptedImporter) -> (artifact id: '7978b3b9561ca0d370017830ae80dc65') in 0.001872834 seconds
Number of updated asset objects reloaded before import = 0Number of asset objects unloaded after import = 1

========================================================================
Received Import Request.
  Time since last request: 0.000040 seconds.
  path: Assets/Resources/Ground-Truth-Examples/amhap2.json
  artifactKey: Guid(d9793ae8c3432d3418ad1e005d851d0e) Importer(2089858483,b0f066a214c2f5e87bad3c948f4d605d)
Start importing Assets/Resources/Ground-Truth-Examples/amhap2.json using Guid(d9793ae8c3432d3418ad1e005d851d0e) Importer(2089858483,b0f066a214c2f5e87bad3c948f4d605d) (ScriptedImporter) -> (artifact id: 'e1fc49bcb6055b8b4aac7961437de51d') in 0.001578125 seconds
Number of updated asset objects reloaded before import = 0Number of asset objects unloaded after import = 1

========================================================================
Received Import Request.
  Time since last request: 0.000077 seconds.
  path: Assets/Resources/Ground-Truth-Examples/wfpr1.json
  artifactKey: Guid(bc73a18fcb60dc44292a1dc1e0c274f1) Importer(2089858483,b0f066a214c2f5e87bad3c948f4d605d)
Start importing Assets/Resources/Ground-Truth-Examples/wfpr1.json using Guid(bc73a18fcb60dc44292a1dc1e0c274f1) Importer(2089858483,b0f066a214c2f5e87bad3c948f4d605d) (ScriptedImporter) -> (artifact id: '0bab604284d4e96f8d586e57cecf812c') in 0.0015755 seconds
Number of updated asset objects reloaded before import = 0Number of asset objects unloaded after import = 1

========================================================================
Received Import Request.
  Time since last request: 0.000063 seconds.
  path: Assets/Settings/Medium_PipelineAsset.asset
  artifactKey: Guid(5f76aba3473a44796bee4f700089ad8c) Importer(2089858483,b0f066a214c2f5e87bad3c948f4d605d)
Start importing Assets/Settings/Medium_PipelineAsset.asset using Guid(5f76aba3473a44796bee4f700089ad8c) Importer(2089858483,b0f066a214c2f5e87bad3c948f4d605d) (ScriptedImporter) -> (artifact id: '4f34a4e89fb258462860ace0a2794d6c') in 0.001620292 seconds
Number of updated asset objects reloaded before import = 0Number of asset objects unloaded after import = 1

========================================================================
Received Import Request.
  Time since last request: 0.000049 seconds.
  path: Assets/Gizmos/FACS_ControlPanel/drawing_AU22.png
  artifactKey: Guid(6bf9e55dc5b10f2449d6e2e2de184045) Importer(2089858483,b0f066a214c2f5e87bad3c948f4d605d)
Start importing Assets/Gizmos/FACS_ControlPanel/drawing_AU22.png using Guid(6bf9e55dc5b10f2449d6e2e2de184045) Importer(2089858483,b0f066a214c2f5e87bad3c948f4d605d) (ScriptedImporter) -> (artifact id: 'dc951063fa34c2f064677bb3a928e568') in 0.006264083 seconds
Number of updated asset objects reloaded before import = 0Number of asset objects unloaded after import = 3

========================================================================
Received Import Request.
  Time since last request: 0.000058 seconds.
  path: Assets/Settings/Very High_PipelineAsset_ForwardRenderer.asset
  artifactKey: Guid(01e747e25e1084cd88d80d9660b66b36) Importer(2089858483,b0f066a214c2f5e87bad3c948f4d605d)
Start importing Assets/Settings/Very High_PipelineAsset_ForwardRenderer.asset using Guid(01e747e25e1084cd88d80d9660b66b36) Importer(2089858483,b0f066a214c2f5e87bad3c948f4d605d) (ScriptedImporter) -> (artifact id: '0a047d962cbefeee984458f2d3ea4431') in 0.002493584 seconds
Number of updated asset objects reloaded before import = 0Number of asset objects unloaded after import = 1

========================================================================
Received Import Request.
  Time since last request: 0.000226 seconds.
  path: Assets/HDRenderPipelineAsset.asset
  artifactKey: Guid(63c01284d020b450e8f0fa6be7ac4b06) Importer(2089858483,b0f066a214c2f5e87bad3c948f4d605d)
Start importing Assets/HDRenderPipelineAsset.asset using Guid(63c01284d020b450e8f0fa6be7ac4b06) Importer(2089858483,b0f066a214c2f5e87bad3c948f4d605d) (ScriptedImporter) -> (artifact id: 'b4efe57f7dbd1e682c53f0120a4d5f3a') in 0.0329255 seconds
Number of updated asset objects reloaded before import = 0Number of asset objects unloaded after import = 1

========================================================================
Received Import Request.
  Time since last request: 0.000047 seconds.
  path: Assets/Resources/Clusters-22/cluster-aveface-17.json
  artifactKey: Guid(46b5346f519985447b1e0aed5e25cfd8) Importer(2089858483,b0f066a214c2f5e87bad3c948f4d605d)
Start importing Assets/Resources/Clusters-22/cluster-aveface-17.json using Guid(46b5346f519985447b1e0aed5e25cfd8) Importer(2089858483,b0f066a214c2f5e87bad3c948f4d605d) (ScriptedImporter) -> (artifact id: '2e881cf201aa25a2aeb1990c80b8c06e') in 0.001745375 seconds
Number of updated asset objects reloaded before import = 0Number of asset objects unloaded after import = 1

========================================================================
Received Import Request.
  Time since last request: 0.000036 seconds.
  path: Assets/Characters/2/2_animator.controller
  artifactKey: Guid(d9479d82e0ca5c94fae5566040404c7f) Importer(2089858483,b0f066a214c2f5e87bad3c948f4d605d)
Start importing Assets/Characters/2/2_animator.controller using Guid(d9479d82e0ca5c94fae5566040404c7f) Importer(2089858483,b0f066a214c2f5e87bad3c948f4d605d) (ScriptedImporter) -> (artifact id: '4670fb8b946022ffbfc5c6782b88603b') in 0.005765792 seconds
Number of updated asset objects reloaded before import = 0Number of asset objects unloaded after import = 2

========================================================================
Received Import Request.
  Time since last request: 0.000036 seconds.
  path: Assets/Gizmos/EyeGizmo.png
  artifactKey: Guid(ba3b94dd80da9894ab270d5b5a46607d) Importer(2089858483,b0f066a214c2f5e87bad3c948f4d605d)
Start importing Assets/Gizmos/EyeGizmo.png using Guid(ba3b94dd80da9894ab270d5b5a46607d) Importer(2089858483,b0f066a214c2f5e87bad3c948f4d605d) (ScriptedImporter) -> (artifact id: '3904cbbdf0f6cc286451a3b6725b9c54') in 0.007378042 seconds
Number of updated asset objects reloaded before import = 0Number of asset objects unloaded after import = 1

========================================================================
Received Import Request.
  Time since last request: 0.000047 seconds.
  path: Assets/Scripts/ProceduralHeatmapAnalyzer.cs
  artifactKey: Guid(bdd6cac3fdcba40ff8fe60599e28e679) Importer(2089858483,b0f066a214c2f5e87bad3c948f4d605d)
Start importing Assets/Scripts/ProceduralHeatmapAnalyzer.cs using Guid(bdd6cac3fdcba40ff8fe60599e28e679) Importer(2089858483,b0f066a214c2f5e87bad3c948f4d605d) (ScriptedImporter) -> (artifact id: 'ce8afb106ab5234a9cc410e274b406cf') in 0.002161666 seconds
Number of updated asset objects reloaded before import = 0Number of asset objects unloaded after import = 0

========================================================================
Received Import Request.
  Time since last request: 0.000031 seconds.
  path: Assets/Resources/OCC-GPT-4o/disappointment1.json
  artifactKey: Guid(b13dbb934b66a4f65b9c24c20743335e) Importer(2089858483,b0f066a214c2f5e87bad3c948f4d605d)
Start importing Assets/Resources/OCC-GPT-4o/disappointment1.json using Guid(b13dbb934b66a4f65b9c24c20743335e) Importer(2089858483,b0f066a214c2f5e87bad3c948f4d605d) (ScriptedImporter) -> (artifact id: '93d4336a9a2488854a9714febe7802e2') in 0.002020375 seconds
Number of updated asset objects reloaded before import = 0Number of asset objects unloaded after import = 1

========================================================================
Received Import Request.
  Time since last request: 0.000032 seconds.
  path: Assets/Resources/OCC-GPT-4o/admiration1.json
  artifactKey: Guid(58b5367d7462e417e9e889b7dafa5257) Importer(2089858483,b0f066a214c2f5e87bad3c948f4d605d)
Start importing Assets/Resources/OCC-GPT-4o/admiration1.json using Guid(58b5367d7462e417e9e889b7dafa5257) Importer(2089858483,b0f066a214c2f5e87bad3c948f4d605d) (ScriptedImporter) -> (artifact id: '8ecb1f86e8a4bace7b61916f3d364cc4') in 0.002089542 seconds
Number of updated asset objects reloaded before import = 0Number of asset objects unloaded after import = 1

========================================================================
Received Import Request.
  Time since last request: 0.000042 seconds.
  path: Assets/Resources/OCC-GPT-4o/anger5.json
  artifactKey: Guid(155421ab1b5094d99b7359113fd23838) Importer(2089858483,b0f066a214c2f5e87bad3c948f4d605d)
Start importing Assets/Resources/OCC-GPT-4o/anger5.json using Guid(155421ab1b5094d99b7359113fd23838) Importer(2089858483,b0f066a214c2f5e87bad3c948f4d605d) (ScriptedImporter) -> (artifact id: 'ea422f292ad7fb8f8dba68ed88ecec26') in 0.0020325 seconds
Number of updated asset objects reloaded before import = 0Number of asset objects unloaded after import = 1

========================================================================
Received Import Request.
  Time since last request: 0.000028 seconds.
  path: Assets/Resources/OCC-GPT-4o/fear2.json
  artifactKey: Guid(639a0cd7b442546b485d0e6c70d4dfc2) Importer(2089858483,b0f066a214c2f5e87bad3c948f4d605d)
Start importing Assets/Resources/OCC-GPT-4o/fear2.json using Guid(639a0cd7b442546b485d0e6c70d4dfc2) Importer(2089858483,b0f066a214c2f5e87bad3c948f4d605d) (ScriptedImporter) -> (artifact id: '51ab874404bc9b5b1e78dd0a3dd74fd7') in 0.0016005 seconds
Number of updated asset objects reloaded before import = 0Number of asset objects unloaded after import = 1

========================================================================
Received Import Request.
  Time since last request: 0.000037 seconds.
  path: Assets/Resources/OCC-GPT-4o/distress4.json
  artifactKey: Guid(d9c2c84f33ab34ed0bb7217767ccd22d) Importer(2089858483,b0f066a214c2f5e87bad3c948f4d605d)
Start importing Assets/Resources/OCC-GPT-4o/distress4.json using Guid(d9c2c84f33ab34ed0bb7217767ccd22d) Importer(2089858483,b0f066a214c2f5e87bad3c948f4d605d) (ScriptedImporter) -> (artifact id: '4a7f442529f9852d497674d45b93f880') in 0.001968708 seconds
Number of updated asset objects reloaded before import = 0Number of asset objects unloaded after import = 1

========================================================================
Received Import Request.
  Time since last request: 0.000034 seconds.
  path: Assets/Resources/OCC-GPT-4o/fear4.json
  artifactKey: Guid(c6d0d555f689f4d98b011301bc1046cb) Importer(2089858483,b0f066a214c2f5e87bad3c948f4d605d)
Start importing Assets/Resources/OCC-GPT-4o/fear4.json using Guid(c6d0d555f689f4d98b011301bc1046cb) Importer(2089858483,b0f066a214c2f5e87bad3c948f4d605d) (ScriptedImporter) -> (artifact id: 'ab0099fc509e88645a58b4548978a2ce') in 0.002371 seconds
Number of updated asset objects reloaded before import = 0Number of asset objects unloaded after import = 1

========================================================================
Received Import Request.
  Time since last request: 0.000045 seconds.
  path: Assets/Resources/Clusters-22/cluster-aveface-6.json
  artifactKey: Guid(ff43c4425ff17034186ffe32fb7cf53b) Importer(2089858483,b0f066a214c2f5e87bad3c948f4d605d)
Start importing Assets/Resources/Clusters-22/cluster-aveface-6.json using Guid(ff43c4425ff17034186ffe32fb7cf53b) Importer(2089858483,b0f066a214c2f5e87bad3c948f4d605d) (ScriptedImporter) -> (artifact id: 'b26ef1715603834673e4976dfd4bdce3') in 0.002240125 seconds
Number of updated asset objects reloaded before import = 0Number of asset objects unloaded after import = 1

========================================================================
Received Import Request.
  Time since last request: 0.000041 seconds.
  path: Assets/Resources/Clusters-6/cluster-aveface-1.json
  artifactKey: Guid(b545c50ce3b982041a3cbc98f031364a) Importer(2089858483,b0f066a214c2f5e87bad3c948f4d605d)
Start importing Assets/Resources/Clusters-6/cluster-aveface-1.json using Guid(b545c50ce3b982041a3cbc98f031364a) Importer(2089858483,b0f066a214c2f5e87bad3c948f4d605d) (ScriptedImporter) -> (artifact id: '4f8a5e9bfb3e3619af1c8b5d298d7ecb') in 0.001528875 seconds
Number of updated asset objects reloaded before import = 0Number of asset objects unloaded after import = 1

========================================================================
Received Import Request.
  Time since last request: 0.000032 seconds.
  path: Assets/Resources/Clusters-22/cluster-aveface-7.json
  artifactKey: Guid(52914b46f4c4a614dbb8cec1ca6d8b0d) Importer(2089858483,b0f066a214c2f5e87bad3c948f4d605d)
Start importing Assets/Resources/Clusters-22/cluster-aveface-7.json using Guid(52914b46f4c4a614dbb8cec1ca6d8b0d) Importer(2089858483,b0f066a214c2f5e87bad3c948f4d605d) (ScriptedImporter) -> (artifact id: '87455619289aa796d244b1514bf3b7b8') in 0.001597625 seconds
Number of updated asset objects reloaded before import = 0Number of asset objects unloaded after import = 1

========================================================================
Received Import Request.
  Time since last request: 0.000039 seconds.
  path: Assets/Gizmos/FACS_ControlPanel/drawing_AU43.png
  artifactKey: Guid(013c157a4ac28ee4f982fbaf19a0bf40) Importer(2089858483,b0f066a214c2f5e87bad3c948f4d605d)
Start importing Assets/Gizmos/FACS_ControlPanel/drawing_AU43.png using Guid(013c157a4ac28ee4f982fbaf19a0bf40) Importer(2089858483,b0f066a214c2f5e87bad3c948f4d605d) (ScriptedImporter) -> (artifact id: '7ca3566ea8a92a5aede74463d1df3aa5') in 0.005146292 seconds
Number of updated asset objects reloaded before import = 0Number of asset objects unloaded after import = 3

========================================================================
Received Import Request.
  Time since last request: 0.000033 seconds.
  path: Assets/Settings/Low_PipelineAsset.asset
  artifactKey: Guid(b312c138b21a94bef8f6782f92bdcbcf) Importer(2089858483,b0f066a214c2f5e87bad3c948f4d605d)
Start importing Assets/Settings/Low_PipelineAsset.asset using Guid(b312c138b21a94bef8f6782f92bdcbcf) Importer(2089858483,b0f066a214c2f5e87bad3c948f4d605d) (ScriptedImporter) -> (artifact id: '77a003049a11810b5307326533fd6151') in 0.003174875 seconds
Number of updated asset objects reloaded before import = 0Number of asset objects unloaded after import = 1

========================================================================
Received Import Request.
  Time since last request: 0.000060 seconds.
  path: Assets/Resources/Ground-Truth-Examples/afsad.json
  artifactKey: Guid(309c38d5f52056947bdad6607d2f8385) Importer(2089858483,b0f066a214c2f5e87bad3c948f4d605d)
Start importing Assets/Resources/Ground-Truth-Examples/afsad.json using Guid(309c38d5f52056947bdad6607d2f8385) Importer(2089858483,b0f066a214c2f5e87bad3c948f4d605d) (ScriptedImporter) -> (artifact id: '9b90ec15aabdc099c7742f28c77a7374') in 0.002422375 seconds
Number of updated asset objects reloaded before import = 0Number of asset objects unloaded after import = 1

========================================================================
Received Import Request.
  Time since last request: 0.000045 seconds.
  path: Assets/Resources/Ground-Truth-Examples/afang.json
  artifactKey: Guid(027de58d9b09a9644acfa5456d28f396) Importer(2089858483,b0f066a214c2f5e87bad3c948f4d605d)
Start importing Assets/Resources/Ground-Truth-Examples/afang.json using Guid(027de58d9b09a9644acfa5456d28f396) Importer(2089858483,b0f066a214c2f5e87bad3c948f4d605d) (ScriptedImporter) -> (artifact id: '6104880c9005e2d83443e6fafe6fc184') in 0.001940375 seconds
Number of updated asset objects reloaded before import = 0Number of asset objects unloaded after import = 1

========================================================================
Received Import Request.
  Time since last request: 0.000034 seconds.
  path: Assets/Settings/High_PipelineAsset_ForwardRenderer.asset
  artifactKey: Guid(93e6b59a99211401ab3e37f64f2b701c) Importer(2089858483,b0f066a214c2f5e87bad3c948f4d605d)
Start importing Assets/Settings/High_PipelineAsset_ForwardRenderer.asset using Guid(93e6b59a99211401ab3e37f64f2b701c) Importer(2089858483,b0f066a214c2f5e87bad3c948f4d605d) (ScriptedImporter) -> (artifact id: '07e7aaaa24ffffe54777f5b47ccd52ec') in 0.002159042 seconds
Number of updated asset objects reloaded before import = 0Number of asset objects unloaded after import = 1

========================================================================
Received Import Request.
  Time since last request: 0.000084 seconds.
  path: Assets/Resources/OCC-GPT-4o/hope4.json
  artifactKey: Guid(51627f3421e8941ac870d81d152eb957) Importer(2089858483,b0f066a214c2f5e87bad3c948f4d605d)
Start importing Assets/Resources/OCC-GPT-4o/hope4.json using Guid(51627f3421e8941ac870d81d152eb957) Importer(2089858483,b0f066a214c2f5e87bad3c948f4d605d) (ScriptedImporter) -> (artifact id: 'b1906546c401e9997e0c7e3999034bc7') in 0.002906625 seconds
Number of updated asset objects reloaded before import = 0Number of asset objects unloaded after import = 1

========================================================================
Received Import Request.
  Time since last request: 0.000040 seconds.
  path: Assets/Resources/OCC-GPT-4o/anger4.json
  artifactKey: Guid(12647039c0f8a445e8ba9fcb1415fe61) Importer(2089858483,b0f066a214c2f5e87bad3c948f4d605d)
Start importing Assets/Resources/OCC-GPT-4o/anger4.json using Guid(12647039c0f8a445e8ba9fcb1415fe61) Importer(2089858483,b0f066a214c2f5e87bad3c948f4d605d) (ScriptedImporter) -> (artifact id: '7556f41e73091f7a79c6bf64e7298d8b') in 0.00167475 seconds
Number of updated asset objects reloaded before import = 0Number of asset objects unloaded after import = 1

========================================================================
Received Import Request.
  Time since last request: 0.000043 seconds.
  path: Assets/Resources/OCC-GPT-4o/gratitude4.json
  artifactKey: Guid(556deace5adae4c5d9ee05a6fba054d8) Importer(2089858483,b0f066a214c2f5e87bad3c948f4d605d)
Start importing Assets/Resources/OCC-GPT-4o/gratitude4.json using Guid(556deace5adae4c5d9ee05a6fba054d8) Importer(2089858483,b0f066a214c2f5e87bad3c948f4d605d) (ScriptedImporter) -> (artifact id: '75e64fd98bf9587afa47e4a9412b0c61') in 0.002798458 seconds
Number of updated asset objects reloaded before import = 0Number of asset objects unloaded after import = 1

========================================================================
Received Import Request.
  Time since last request: 0.000038 seconds.
  path: Assets/Resources/OCC-GPT-4o/gloating2.json
  artifactKey: Guid(7d622cd69466a4e5589b9486230377cb) Importer(2089858483,b0f066a214c2f5e87bad3c948f4d605d)
Start importing Assets/Resources/OCC-GPT-4o/gloating2.json using Guid(7d622cd69466a4e5589b9486230377cb) Importer(2089858483,b0f066a214c2f5e87bad3c948f4d605d) (ScriptedImporter) -> (artifact id: 'cd12e6e4589d72d0fed60acffc1acb01') in 0.002099875 seconds
Number of updated asset objects reloaded before import = 0Number of asset objects unloaded after import = 1

========================================================================
Received Import Request.
  Time since last request: 0.000032 seconds.
  path: Assets/Resources/OCC-GPT-4o/hope5.json
  artifactKey: Guid(06ddb2b84ee0a4334bb8e791098d1566) Importer(2089858483,b0f066a214c2f5e87bad3c948f4d605d)
Start importing Assets/Resources/OCC-GPT-4o/hope5.json using Guid(06ddb2b84ee0a4334bb8e791098d1566) Importer(2089858483,b0f066a214c2f5e87bad3c948f4d605d) (ScriptedImporter) -> (artifact id: '5c0e65aabea7d9c73b73fe9fcf0dc94c') in 0.001573833 seconds
Number of updated asset objects reloaded before import = 0Number of asset objects unloaded after import = 1

========================================================================
Received Import Request.
  Time since last request: 0.000036 seconds.
  path: Assets/Resources/OCC-GPT-4o/gratitude3.json
  artifactKey: Guid(6c4fae6df5d02480383e20de88106a60) Importer(2089858483,b0f066a214c2f5e87bad3c948f4d605d)
Start importing Assets/Resources/OCC-GPT-4o/gratitude3.json using Guid(6c4fae6df5d02480383e20de88106a60) Importer(2089858483,b0f066a214c2f5e87bad3c948f4d605d) (ScriptedImporter) -> (artifact id: 'a26837fab7c0e105313e43d0f70f8774') in 0.001830375 seconds
Number of updated asset objects reloaded before import = 0Number of asset objects unloaded after import = 1

========================================================================
Received Import Request.
  Time since last request: 0.000027 seconds.
  path: Assets/Resources/OCC-GPT-4o/hope1.json
  artifactKey: Guid(0f40652504d24438c91667eaac928a59) Importer(2089858483,b0f066a214c2f5e87bad3c948f4d605d)
Start importing Assets/Resources/OCC-GPT-4o/hope1.json using Guid(0f40652504d24438c91667eaac928a59) Importer(2089858483,b0f066a214c2f5e87bad3c948f4d605d) (ScriptedImporter) -> (artifact id: '77c223777309bdc5dd0ccd9ef528e3ba') in 0.00194775 seconds
Number of updated asset objects reloaded before import = 0Number of asset objects unloaded after import = 1

========================================================================
Received Import Request.
  Time since last request: 0.000034 seconds.
  path: Assets/Resources/OCC-GPT-4o/happyfor1.json
  artifactKey: Guid(b9e87a4e5444e43e697e2cead7dea83d) Importer(2089858483,b0f066a214c2f5e87bad3c948f4d605d)
Start importing Assets/Resources/OCC-GPT-4o/happyfor1.json using Guid(b9e87a4e5444e43e697e2cead7dea83d) Importer(2089858483,b0f066a214c2f5e87bad3c948f4d605d) (ScriptedImporter) -> (artifact id: 'e8cf98dad30c61957bffe93e29ebb2c3') in 0.00153725 seconds
Number of updated asset objects reloaded before import = 0Number of asset objects unloaded after import = 1

========================================================================
Received Import Request.
  Time since last request: 0.000038 seconds.
  path: Assets/Resources/OCC-GPT-4o/gratitude1.json
  artifactKey: Guid(73de3b0880d0b4a9fbd71f1df2a4a4fa) Importer(2089858483,b0f066a214c2f5e87bad3c948f4d605d)
Start importing Assets/Resources/OCC-GPT-4o/gratitude1.json using Guid(73de3b0880d0b4a9fbd71f1df2a4a4fa) Importer(2089858483,b0f066a214c2f5e87bad3c948f4d605d) (ScriptedImporter) -> (artifact id: '59071311bc2d09aa84d58a46d09dff6b') in 0.001875833 seconds
Number of updated asset objects reloaded before import = 0Number of asset objects unloaded after import = 1

========================================================================
Received Import Request.
  Time since last request: 0.000033 seconds.
  path: Assets/Resources/OCC-GPT-4o/joy2.json
  artifactKey: Guid(9ec757b7dce0f4070873e61b9e8c07a1) Importer(2089858483,b0f066a214c2f5e87bad3c948f4d605d)
Start importing Assets/Resources/OCC-GPT-4o/joy2.json using Guid(9ec757b7dce0f4070873e61b9e8c07a1) Importer(2089858483,b0f066a214c2f5e87bad3c948f4d605d) (ScriptedImporter) -> (artifact id: 'e30045bfa180eebfe60e047bd690658e') in 0.001819417 seconds
Number of updated asset objects reloaded before import = 0Number of asset objects unloaded after import = 1

========================================================================
Received Import Request.
  Time since last request: 0.000040 seconds.
  path: Assets/HDRPDefaultResources/HDRenderPipelineAsset.asset
  artifactKey: Guid(eb862913cd079f94bbea188c32bc7dbf) Importer(2089858483,b0f066a214c2f5e87bad3c948f4d605d)
Start importing Assets/HDRPDefaultResources/HDRenderPipelineAsset.asset using Guid(eb862913cd079f94bbea188c32bc7dbf) Importer(2089858483,b0f066a214c2f5e87bad3c948f4d605d) (ScriptedImporter) -> (artifact id: '13afc771b7991ac929dd2b0f7e7db6af') in 0.008987459 seconds
Number of updated asset objects reloaded before import = 0Number of asset objects unloaded after import = 1

========================================================================
Received Import Request.
  Time since last request: 0.000027 seconds.
  path: Assets/Gizmos/FACS_ControlPanel/drawing_AU31.png
  artifactKey: Guid(206a452685b0267438f5c52c1b835f77) Importer(2089858483,b0f066a214c2f5e87bad3c948f4d605d)
Start importing Assets/Gizmos/FACS_ControlPanel/drawing_AU31.png using Guid(206a452685b0267438f5c52c1b835f77) Importer(2089858483,b0f066a214c2f5e87bad3c948f4d605d) (ScriptedImporter) -> (artifact id: '882e675b3b1b609c352a13eca5a75ba6') in 0.004926083 seconds
Number of updated asset objects reloaded before import = 0Number of asset objects unloaded after import = 3

========================================================================
Received Import Request.
  Time since last request: 0.000041 seconds.
  path: Assets/HDRPDefaultResources/FoliageDiffusionProfile.asset
  artifactKey: Guid(dd3de411eeac3754f86b3113c5542b69) Importer(2089858483,b0f066a214c2f5e87bad3c948f4d605d)
Start importing Assets/HDRPDefaultResources/FoliageDiffusionProfile.asset using Guid(dd3de411eeac3754f86b3113c5542b69) Importer(2089858483,b0f066a214c2f5e87bad3c948f4d605d) (ScriptedImporter) -> (artifact id: '54c27f6583ad7e3b65af7ef4d10ea249') in 0.003211042 seconds
Number of updated asset objects reloaded before import = 0Number of asset objects unloaded after import = 1

========================================================================
Received Import Request.
  Time since last request: 0.000051 seconds.
  path: Assets/Resources/OCC-GPT-4o/shame2.json
  artifactKey: Guid(67b7932294a294e0baffe2180c88758a) Importer(2089858483,b0f066a214c2f5e87bad3c948f4d605d)
Start importing Assets/Resources/OCC-GPT-4o/shame2.json using Guid(67b7932294a294e0baffe2180c88758a) Importer(2089858483,b0f066a214c2f5e87bad3c948f4d605d) (ScriptedImporter) -> (artifact id: '2c3e7002dd9300829dfaabe22ee296a1') in 0.00171425 seconds
Number of updated asset objects reloaded before import = 0Number of asset objects unloaded after import = 1

========================================================================
Received Import Request.
  Time since last request: 0.000038 seconds.
  path: Assets/Resources/OCC-GPT-4o/relief4.json
  artifactKey: Guid(f77b9dfae5efd40c999c7d5e8a84a995) Importer(2089858483,b0f066a214c2f5e87bad3c948f4d605d)
Start importing Assets/Resources/OCC-GPT-4o/relief4.json using Guid(f77b9dfae5efd40c999c7d5e8a84a995) Importer(2089858483,b0f066a214c2f5e87bad3c948f4d605d) (ScriptedImporter) -> (artifact id: '8de514975ed7a194abfd5c4b9174d9fe') in 0.00197775 seconds
Number of updated asset objects reloaded before import = 0Number of asset objects unloaded after import = 1

========================================================================
Received Import Request.
  Time since last request: 0.000059 seconds.
  path: Assets/Resources/OCC-GPT-4o/relief2.json
  artifactKey: Guid(b33a0d57848a142108858ea0f9794ab0) Importer(2089858483,b0f066a214c2f5e87bad3c948f4d605d)
Start importing Assets/Resources/OCC-GPT-4o/relief2.json using Guid(b33a0d57848a142108858ea0f9794ab0) Importer(2089858483,b0f066a214c2f5e87bad3c948f4d605d) (ScriptedImporter) -> (artifact id: '79d188fa514b69ed977838808deef0a3') in 0.001616084 seconds
Number of updated asset objects reloaded before import = 0Number of asset objects unloaded after import = 1

========================================================================
Received Import Request.
  Time since last request: 0.000035 seconds.
  path: Assets/Resources/OCC-GPT-4o/shame3.json
  artifactKey: Guid(2fc14f298d02e435489a7b25e734dabd) Importer(2089858483,b0f066a214c2f5e87bad3c948f4d605d)
Start importing Assets/Resources/OCC-GPT-4o/shame3.json using Guid(2fc14f298d02e435489a7b25e734dabd) Importer(2089858483,b0f066a214c2f5e87bad3c948f4d605d) (ScriptedImporter) -> (artifact id: '6f785af5d10257db2d818b99356a024f') in 0.001747 seconds
Number of updated asset objects reloaded before import = 0Number of asset objects unloaded after import = 1

========================================================================
Received Import Request.
  Time since last request: 0.000035 seconds.
  path: Assets/Resources/OCC-GPT-4o/relief1.json
  artifactKey: Guid(8bbf0c866f64c491ea67777b282010c5) Importer(2089858483,b0f066a214c2f5e87bad3c948f4d605d)
Start importing Assets/Resources/OCC-GPT-4o/relief1.json using Guid(8bbf0c866f64c491ea67777b282010c5) Importer(2089858483,b0f066a214c2f5e87bad3c948f4d605d) (ScriptedImporter) -> (artifact id: 'dab18c6ff49370f41cc287e1c8300459') in 0.00157175 seconds
Number of updated asset objects reloaded before import = 0Number of asset objects unloaded after import = 1

========================================================================
Received Import Request.
  Time since last request: 0.000038 seconds.
  path: Assets/Resources/OCC-GPT-4o/resentment2.json
  artifactKey: Guid(c27071e96915643d7852c553593f532d) Importer(2089858483,b0f066a214c2f5e87bad3c948f4d605d)
Start importing Assets/Resources/OCC-GPT-4o/resentment2.json using Guid(c27071e96915643d7852c553593f532d) Importer(2089858483,b0f066a214c2f5e87bad3c948f4d605d) (ScriptedImporter) -> (artifact id: 'd216dd99e4b612922dde08212debdc03') in 0.001626334 seconds
Number of updated asset objects reloaded before import = 0Number of asset objects unloaded after import = 1

========================================================================
Received Import Request.
  Time since last request: 0.000051 seconds.
  path: Assets/Resources/OCC-GPT-4o/relief5.json
  artifactKey: Guid(24cf75df04509470f8c31c1383438174) Importer(2089858483,b0f066a214c2f5e87bad3c948f4d605d)
Start importing Assets/Resources/OCC-GPT-4o/relief5.json using Guid(24cf75df04509470f8c31c1383438174) Importer(2089858483,b0f066a214c2f5e87bad3c948f4d605d) (ScriptedImporter) -> (artifact id: '07fd1875e21756e789a39c0d34a7dd5f') in 0.0018965 seconds
Number of updated asset objects reloaded before import = 0Number of asset objects unloaded after import = 1

========================================================================
Received Import Request.
  Time since last request: 0.000027 seconds.
  path: Assets/Resources/OCC-Gemini/admiration1.json
  artifactKey: Guid(ad50e9ba4dc014798920dda1e1a12bed) Importer(2089858483,b0f066a214c2f5e87bad3c948f4d605d)
Start importing Assets/Resources/OCC-Gemini/admiration1.json using Guid(ad50e9ba4dc014798920dda1e1a12bed) Importer(2089858483,b0f066a214c2f5e87bad3c948f4d605d) (ScriptedImporter) -> (artifact id: '62a324e3b2cfa99b67acea7edc8a0748') in 0.002566042 seconds
Number of updated asset objects reloaded before import = 0Number of asset objects unloaded after import = 1

========================================================================
Received Import Request.
  Time since last request: 0.000037 seconds.
  path: Assets/Resources/OCC-GPT-4o/resentment5.json
  artifactKey: Guid(aebb151d8a768487ea3f316f6b431d3f) Importer(2089858483,b0f066a214c2f5e87bad3c948f4d605d)
Start importing Assets/Resources/OCC-GPT-4o/resentment5.json using Guid(aebb151d8a768487ea3f316f6b431d3f) Importer(2089858483,b0f066a214c2f5e87bad3c948f4d605d) (ScriptedImporter) -> (artifact id: 'fe6991e015408b188cfafd4667ec6f8f') in 0.001462958 seconds
Number of updated asset objects reloaded before import = 0Number of asset objects unloaded after import = 1

========================================================================
Received Import Request.
  Time since last request: 0.000040 seconds.
  path: Assets/Resources/OCC-GPT-4o/shame1.json
  artifactKey: Guid(9346b36e708e647729ebd395f123b91d) Importer(2089858483,b0f066a214c2f5e87bad3c948f4d605d)
Start importing Assets/Resources/OCC-GPT-4o/shame1.json using Guid(9346b36e708e647729ebd395f123b91d) Importer(2089858483,b0f066a214c2f5e87bad3c948f4d605d) (ScriptedImporter) -> (artifact id: 'a365b630d48c6ffea9c919a4818dd859') in 0.002006667 seconds
Number of updated asset objects reloaded before import = 0Number of asset objects unloaded after import = 1

========================================================================
Received Import Request.
  Time since last request: 0.000034 seconds.
  path: Assets/Resources/OCC-GPT-4o/liking5.json
  artifactKey: Guid(c36e2d2ab4b2541fc83005cca9b9c5d3) Importer(2089858483,b0f066a214c2f5e87bad3c948f4d605d)
Start importing Assets/Resources/OCC-GPT-4o/liking5.json using Guid(c36e2d2ab4b2541fc83005cca9b9c5d3) Importer(2089858483,b0f066a214c2f5e87bad3c948f4d605d) (ScriptedImporter) -> (artifact id: '0564fec5d07f5fd9fc05e53b67a4374a') in 0.0020895 seconds
Number of updated asset objects reloaded before import = 0Number of asset objects unloaded after import = 1

========================================================================
Received Import Request.
  Time since last request: 0.000032 seconds.
  path: Assets/Resources/Clusters-22/cluster-aveface-4.json
  artifactKey: Guid(aa9ae9f8c4ba9e94794da976ce742011) Importer(2089858483,b0f066a214c2f5e87bad3c948f4d605d)
Start importing Assets/Resources/Clusters-22/cluster-aveface-4.json using Guid(aa9ae9f8c4ba9e94794da976ce742011) Importer(2089858483,b0f066a214c2f5e87bad3c948f4d605d) (ScriptedImporter) -> (artifact id: '356f32cc2dd5c4cc29665a00f0306905') in 0.002067667 seconds
Number of updated asset objects reloaded before import = 0Number of asset objects unloaded after import = 1

========================================================================
Received Import Request.
  Time since last request: 0.000028 seconds.
  path: Assets/Gizmos/FACS_ControlPanel/drawing_AU56.png
  artifactKey: Guid(bd7ba754200e13f47b0c21d3c904f7c0) Importer(2089858483,b0f066a214c2f5e87bad3c948f4d605d)
Start importing Assets/Gizmos/FACS_ControlPanel/drawing_AU56.png using Guid(bd7ba754200e13f47b0c21d3c904f7c0) Importer(2089858483,b0f066a214c2f5e87bad3c948f4d605d) (ScriptedImporter) -> (artifact id: '7d5f618dc4ba959bd6a22f0e0903dd45') in 0.004219041 seconds
Number of updated asset objects reloaded before import = 0Number of asset objects unloaded after import = 3

========================================================================
Received Import Request.
  Time since last request: 0.000034 seconds.
  path: Assets/Resources/OCC-Gemini/anger4.json
  artifactKey: Guid(651773b81d0c54773932cb78cc29b0b3) Importer(2089858483,b0f066a214c2f5e87bad3c948f4d605d)
Start importing Assets/Resources/OCC-Gemini/anger4.json using Guid(651773b81d0c54773932cb78cc29b0b3) Importer(2089858483,b0f066a214c2f5e87bad3c948f4d605d) (ScriptedImporter) -> (artifact id: '2568184fa05da89007afe1a7a7cf49c4') in 0.002291041 seconds
Number of updated asset objects reloaded before import = 0Number of asset objects unloaded after import = 1

========================================================================
Received Import Request.
  Time since last request: 0.000049 seconds.
  path: Assets/Resources/OCC-Gemini/distress5.json
  artifactKey: Guid(e3a8ec5b3f8d948f3b0947ee969c48dc) Importer(2089858483,b0f066a214c2f5e87bad3c948f4d605d)
Start importing Assets/Resources/OCC-Gemini/distress5.json using Guid(e3a8ec5b3f8d948f3b0947ee969c48dc) Importer(2089858483,b0f066a214c2f5e87bad3c948f4d605d) (ScriptedImporter) -> (artifact id: '9187b3ae0ea32cda37dcc49532fd419e') in 0.001669417 seconds
Number of updated asset objects reloaded before import = 0Number of asset objects unloaded after import = 1

========================================================================
Received Import Request.
  Time since last request: 0.000040 seconds.
  path: Assets/Resources/OCC-Gemini/anger1.json
  artifactKey: Guid(966e46fc811874734a2398ea8eed3d4e) Importer(2089858483,b0f066a214c2f5e87bad3c948f4d605d)
Start importing Assets/Resources/OCC-Gemini/anger1.json using Guid(966e46fc811874734a2398ea8eed3d4e) Importer(2089858483,b0f066a214c2f5e87bad3c948f4d605d) (ScriptedImporter) -> (artifact id: '90c062c0aa9dfbaa24f82813a9bf1cc4') in 0.003896958 seconds
Number of updated asset objects reloaded before import = 0Number of asset objects unloaded after import = 1

========================================================================
Received Import Request.
  Time since last request: 0.000061 seconds.
  path: Assets/Resources/OCC-Gemini/disappointment5.json
  artifactKey: Guid(8d392a0a1ea37402a889ec6d6d5e06ac) Importer(2089858483,b0f066a214c2f5e87bad3c948f4d605d)
Start importing Assets/Resources/OCC-Gemini/disappointment5.json using Guid(8d392a0a1ea37402a889ec6d6d5e06ac) Importer(2089858483,b0f066a214c2f5e87bad3c948f4d605d) (ScriptedImporter) -> (artifact id: '170bfd8a1343021382002d079d651de6') in 0.0036235 seconds
Number of updated asset objects reloaded before import = 0Number of asset objects unloaded after import = 1

========================================================================
Received Import Request.
  Time since last request: 0.000044 seconds.
  path: Assets/Resources/OCC-Gemini/anger3.json
  artifactKey: Guid(5910f0319f1cf46d69483a584391606b) Importer(2089858483,b0f066a214c2f5e87bad3c948f4d605d)
Start importing Assets/Resources/OCC-Gemini/anger3.json using Guid(5910f0319f1cf46d69483a584391606b) Importer(2089858483,b0f066a214c2f5e87bad3c948f4d605d) (ScriptedImporter) -> (artifact id: '9e16695d131e6f738817020b465dc98c') in 0.003861042 seconds
Number of updated asset objects reloaded before import = 0Number of asset objects unloaded after import = 1

========================================================================
Received Import Request.
  Time since last request: 0.000042 seconds.
  path: Assets/Resources/OCC-Gemini/distress3.json
  artifactKey: Guid(66be113f218ea437f97a982ade1af59d) Importer(2089858483,b0f066a214c2f5e87bad3c948f4d605d)
Start importing Assets/Resources/OCC-Gemini/distress3.json using Guid(66be113f218ea437f97a982ade1af59d) Importer(2089858483,b0f066a214c2f5e87bad3c948f4d605d) (ScriptedImporter) -> (artifact id: 'db5f80318c6af469f741d5c95362879e') in 0.0021095 seconds
Number of updated asset objects reloaded before import = 0Number of asset objects unloaded after import = 1

========================================================================
Received Import Request.
  Time since last request: 0.000035 seconds.
  path: Assets/Resources/OCC-Gemini/admiration4.json
  artifactKey: Guid(dd2eae8e11a35423ab4b69a052a3c746) Importer(2089858483,b0f066a214c2f5e87bad3c948f4d605d)
Start importing Assets/Resources/OCC-Gemini/admiration4.json using Guid(dd2eae8e11a35423ab4b69a052a3c746) Importer(2089858483,b0f066a214c2f5e87bad3c948f4d605d) (ScriptedImporter) -> (artifact id: '3dc14163fcbc6f3dead9d3c91fd3478e') in 0.002096875 seconds
Number of updated asset objects reloaded before import = 0Number of asset objects unloaded after import = 1

========================================================================
Received Import Request.
  Time since last request: 0.000029 seconds.
  path: Assets/Resources/OCC-Gemini/disliking3.json
  artifactKey: Guid(71a1820e3827a422db9bdc23625bec80) Importer(2089858483,b0f066a214c2f5e87bad3c948f4d605d)
Start importing Assets/Resources/OCC-Gemini/disliking3.json using Guid(71a1820e3827a422db9bdc23625bec80) Importer(2089858483,b0f066a214c2f5e87bad3c948f4d605d) (ScriptedImporter) -> (artifact id: 'aa86a450275915769dca2d27aaee5da6') in 0.001989 seconds
Number of updated asset objects reloaded before import = 0Number of asset objects unloaded after import = 1

========================================================================
Received Import Request.
  Time since last request: 0.000036 seconds.
  path: Assets/Resources/OCC-Gemini/admiration5.json
  artifactKey: Guid(070f1c44cd5834a41af0f838739901ea) Importer(2089858483,b0f066a214c2f5e87bad3c948f4d605d)
Start importing Assets/Resources/OCC-Gemini/admiration5.json using Guid(070f1c44cd5834a41af0f838739901ea) Importer(2089858483,b0f066a214c2f5e87bad3c948f4d605d) (ScriptedImporter) -> (artifact id: 'ff2fbb643db9806d8e4386cdc9f4d924') in 0.001913583 seconds
Number of updated asset objects reloaded before import = 0Number of asset objects unloaded after import = 1

========================================================================
Received Import Request.
  Time since last request: 0.000060 seconds.
  path: Assets/Resources/OCC-Gemini/fear3.json
  artifactKey: Guid(b6374d489ef4640c89ce9545da5227e0) Importer(2089858483,b0f066a214c2f5e87bad3c948f4d605d)
Start importing Assets/Resources/OCC-Gemini/fear3.json using Guid(b6374d489ef4640c89ce9545da5227e0) Importer(2089858483,b0f066a214c2f5e87bad3c948f4d605d) (ScriptedImporter) -> (artifact id: '59d42bec072f982e4084e92cce9c5be4') in 0.002098458 seconds
Number of updated asset objects reloaded before import = 0Number of asset objects unloaded after import = 1

========================================================================
Received Import Request.
  Time since last request: 0.000038 seconds.
  path: Assets/Resources/OCC-Gemini/disliking2.json
  artifactKey: Guid(c7141e7b7f83140309fba601d6605c4c) Importer(2089858483,b0f066a214c2f5e87bad3c948f4d605d)
Start importing Assets/Resources/OCC-Gemini/disliking2.json using Guid(c7141e7b7f83140309fba601d6605c4c) Importer(2089858483,b0f066a214c2f5e87bad3c948f4d605d) (ScriptedImporter) -> (artifact id: '90315ff222b8b1c3515e788a5ca9ac00') in 0.002354583 seconds
Number of updated asset objects reloaded before import = 0Number of asset objects unloaded after import = 1

========================================================================
Received Import Request.
  Time since last request: 0.000061 seconds.
  path: Assets/Resources/Clusters-22/cluster-aveface-21.json
  artifactKey: Guid(0d6008ce0e4ef6744bbac3e3d0548345) Importer(2089858483,b0f066a214c2f5e87bad3c948f4d605d)
Start importing Assets/Resources/Clusters-22/cluster-aveface-21.json using Guid(0d6008ce0e4ef6744bbac3e3d0548345) Importer(2089858483,b0f066a214c2f5e87bad3c948f4d605d) (ScriptedImporter) -> (artifact id: '84b1d1460737fea318b594ce5dcae54d') in 0.002783792 seconds
Number of updated asset objects reloaded before import = 0Number of asset objects unloaded after import = 1

========================================================================
Received Import Request.
  Time since last request: 0.000034 seconds.
  path: Assets/Resources/Ground-Truth-Examples/amdis1.json
  artifactKey: Guid(9f6272600fe874f4d8a1c830d96065fd) Importer(2089858483,b0f066a214c2f5e87bad3c948f4d605d)
Start importing Assets/Resources/Ground-Truth-Examples/amdis1.json using Guid(9f6272600fe874f4d8a1c830d96065fd) Importer(2089858483,b0f066a214c2f5e87bad3c948f4d605d) (ScriptedImporter) -> (artifact id: '361b99f4b77dc823a0911fd2ffd3ebdd') in 0.0027825 seconds
Number of updated asset objects reloaded before import = 0Number of asset objects unloaded after import = 1

========================================================================
Received Import Request.
  Time since last request: 0.000094 seconds.
  path: Assets/Resources/OCC-Gemini/gloating4.json
  artifactKey: Guid(331d01cd8b08e4d29aa4db6e036e02ba) Importer(2089858483,b0f066a214c2f5e87bad3c948f4d605d)
Start importing Assets/Resources/OCC-Gemini/gloating4.json using Guid(331d01cd8b08e4d29aa4db6e036e02ba) Importer(2089858483,b0f066a214c2f5e87bad3c948f4d605d) (ScriptedImporter) -> (artifact id: '7075e64d53bc3318a92c9a7c112c568f') in 0.001556583 seconds
Number of updated asset objects reloaded before import = 0Number of asset objects unloaded after import = 1

========================================================================
Received Import Request.
  Time since last request: 0.000033 seconds.
  path: Assets/Resources/OCC-Gemini/gratitude1.json
  artifactKey: Guid(4cf8549ac6d6c4873b2719f88b5219dd) Importer(2089858483,b0f066a214c2f5e87bad3c948f4d605d)
Start importing Assets/Resources/OCC-Gemini/gratitude1.json using Guid(4cf8549ac6d6c4873b2719f88b5219dd) Importer(2089858483,b0f066a214c2f5e87bad3c948f4d605d) (ScriptedImporter) -> (artifact id: '9a968431b5948f89097db1bf2ab56b0f') in 0.001258541 seconds
Number of updated asset objects reloaded before import = 0Number of asset objects unloaded after import = 1

========================================================================
Received Import Request.
  Time since last request: 0.000035 seconds.
  path: Assets/Resources/OCC-Gemini/gratification2.json
  artifactKey: Guid(0e717210974cd41e5891011743f019d8) Importer(2089858483,b0f066a214c2f5e87bad3c948f4d605d)
Start importing Assets/Resources/OCC-Gemini/gratification2.json using Guid(0e717210974cd41e5891011743f019d8) Importer(2089858483,b0f066a214c2f5e87bad3c948f4d605d) (ScriptedImporter) -> (artifact id: '573b02deab6e1d8fef959b6c8c53b202') in 0.001915083 seconds
Number of updated asset objects reloaded before import = 0Number of asset objects unloaded after import = 1

========================================================================
Received Import Request.
  Time since last request: 0.000027 seconds.
  path: Assets/Resources/OCC-Gemini/gratification1.json
  artifactKey: Guid(39a28a266825d4cd88298e03fe9c9ec3) Importer(2089858483,b0f066a214c2f5e87bad3c948f4d605d)
Start importing Assets/Resources/OCC-Gemini/gratification1.json using Guid(39a28a266825d4cd88298e03fe9c9ec3) Importer(2089858483,b0f066a214c2f5e87bad3c948f4d605d) (ScriptedImporter) -> (artifact id: '134bde7f6c9b2ae04367a4591f7c2ace') in 0.001905125 seconds
Number of updated asset objects reloaded before import = 0Number of asset objects unloaded after import = 1

========================================================================
Received Import Request.
  Time since last request: 0.000035 seconds.
  path: Assets/Resources/OCC-Gemini/fear4.json
  artifactKey: Guid(4c42f8607b9854f5cbd304cc7a6b6880) Importer(2089858483,b0f066a214c2f5e87bad3c948f4d605d)
Start importing Assets/Resources/OCC-Gemini/fear4.json using Guid(4c42f8607b9854f5cbd304cc7a6b6880) Importer(2089858483,b0f066a214c2f5e87bad3c948f4d605d) (ScriptedImporter) -> (artifact id: '03be831b5c29cbfe1bdb84cea0cb9b63') in 0.002027375 seconds
Number of updated asset objects reloaded before import = 0Number of asset objects unloaded after import = 1

========================================================================
Received Import Request.
  Time since last request: 0.000040 seconds.
  path: Assets/Resources/OCC-Gemini/happyfor3.json
  artifactKey: Guid(966fbad8d659b49338b73c11931f8f41) Importer(2089858483,b0f066a214c2f5e87bad3c948f4d605d)
Start importing Assets/Resources/OCC-Gemini/happyfor3.json using Guid(966fbad8d659b49338b73c11931f8f41) Importer(2089858483,b0f066a214c2f5e87bad3c948f4d605d) (ScriptedImporter) -> (artifact id: 'a1e4d0eceb545103bb2bb7200f553f6b') in 0.001945292 seconds
Number of updated asset objects reloaded before import = 0Number of asset objects unloaded after import = 1

========================================================================
Received Import Request.
  Time since last request: 0.000035 seconds.
  path: Assets/Resources/OCC-Gemini/gratitude5.json
  artifactKey: Guid(1fdca0784d0204360b318e3488bf69d1) Importer(2089858483,b0f066a214c2f5e87bad3c948f4d605d)
Start importing Assets/Resources/OCC-Gemini/gratitude5.json using Guid(1fdca0784d0204360b318e3488bf69d1) Importer(2089858483,b0f066a214c2f5e87bad3c948f4d605d) (ScriptedImporter) -> (artifact id: '9a32634750bc25db5751633212c73efa') in 0.00199075 seconds
Number of updated asset objects reloaded before import = 0Number of asset objects unloaded after import = 1

========================================================================
Received Import Request.
  Time since last request: 0.000033 seconds.
  path: Assets/Resources/OCC-Gemini/gratification3.json
  artifactKey: Guid(0eee58149617947d7a107ea851057908) Importer(2089858483,b0f066a214c2f5e87bad3c948f4d605d)
Start importing Assets/Resources/OCC-Gemini/gratification3.json using Guid(0eee58149617947d7a107ea851057908) Importer(2089858483,b0f066a214c2f5e87bad3c948f4d605d) (ScriptedImporter) -> (artifact id: 'b4cd6b9d56fd4d0c92dc3c8b09c5e17f') in 0.00197225 seconds
Number of updated asset objects reloaded before import = 0Number of asset objects unloaded after import = 1

========================================================================
Received Import Request.
  Time since last request: 0.000030 seconds.
  path: Assets/Resources/OCC-Gemini/fearsConfirmed4.json
  artifactKey: Guid(8a3b7bfeda87d41c383a4832fe876979) Importer(2089858483,b0f066a214c2f5e87bad3c948f4d605d)
Start importing Assets/Resources/OCC-Gemini/fearsConfirmed4.json using Guid(8a3b7bfeda87d41c383a4832fe876979) Importer(2089858483,b0f066a214c2f5e87bad3c948f4d605d) (ScriptedImporter) -> (artifact id: 'b42742d80762394abdfab77a9fed81a3') in 0.003499458 seconds
Number of updated asset objects reloaded before import = 0Number of asset objects unloaded after import = 1

========================================================================
Received Import Request.
  Time since last request: 0.000042 seconds.
  path: Assets/Resources/OCC-Gemini/fear5.json
  artifactKey: Guid(d2de93d1e91274e8dba379602c8a8eed) Importer(2089858483,b0f066a214c2f5e87bad3c948f4d605d)
Start importing Assets/Resources/OCC-Gemini/fear5.json using Guid(d2de93d1e91274e8dba379602c8a8eed) Importer(2089858483,b0f066a214c2f5e87bad3c948f4d605d) (ScriptedImporter) -> (artifact id: 'bbcc06f91c266813f7acecf35f91c6d2') in 0.00193275 seconds
Number of updated asset objects reloaded before import = 0Number of asset objects unloaded after import = 1

========================================================================
Received Import Request.
  Time since last request: 0.000038 seconds.
  path: Assets/Resources/OCC-Gemini/gratification5.json
  artifactKey: Guid(a18a7ef9e00b545cfa106195cf54ddc5) Importer(2089858483,b0f066a214c2f5e87bad3c948f4d605d)
Start importing Assets/Resources/OCC-Gemini/gratification5.json using Guid(a18a7ef9e00b545cfa106195cf54ddc5) Importer(2089858483,b0f066a214c2f5e87bad3c948f4d605d) (ScriptedImporter) -> (artifact id: '9891129be031bb4e05383dd896773110') in 0.002461875 seconds
Number of updated asset objects reloaded before import = 0Number of asset objects unloaded after import = 1

========================================================================
Received Import Request.
  Time since last request: 0.000032 seconds.
  path: Assets/Resources/OCC-Gemini/happyfor4.json
  artifactKey: Guid(43fa3053c12ce4d8ba6294a4d0257bbb) Importer(2089858483,b0f066a214c2f5e87bad3c948f4d605d)
Start importing Assets/Resources/OCC-Gemini/happyfor4.json using Guid(43fa3053c12ce4d8ba6294a4d0257bbb) Importer(2089858483,b0f066a214c2f5e87bad3c948f4d605d) (ScriptedImporter) -> (artifact id: '1c6e7109fb3b6c6fbe8a679cd87e3f10') in 0.002053333 seconds
Number of updated asset objects reloaded before import = 0Number of asset objects unloaded after import = 1

========================================================================
Received Import Request.
  Time since last request: 0.000031 seconds.
  path: Assets/Resources/OCC-Gemini/joy3.json
  artifactKey: Guid(22fea95528436450092a630c66b0aab8) Importer(2089858483,b0f066a214c2f5e87bad3c948f4d605d)
Start importing Assets/Resources/OCC-Gemini/joy3.json using Guid(22fea95528436450092a630c66b0aab8) Importer(2089858483,b0f066a214c2f5e87bad3c948f4d605d) (ScriptedImporter) -> (artifact id: '3fd866621a1ba7c559fea204828ba8d6') in 0.001999 seconds
Number of updated asset objects reloaded before import = 0Number of asset objects unloaded after import = 1

========================================================================
Received Import Request.
  Time since last request: 0.000034 seconds.
  path: Assets/Resources/OCC-Gemini/hope1.json
  artifactKey: Guid(97c868e86e5cd4d979cf72444eb13604) Importer(2089858483,b0f066a214c2f5e87bad3c948f4d605d)
Start importing Assets/Resources/OCC-Gemini/hope1.json using Guid(97c868e86e5cd4d979cf72444eb13604) Importer(2089858483,b0f066a214c2f5e87bad3c948f4d605d) (ScriptedImporter) -> (artifact id: 'ec97043d424c825d02ce7bec3b19111e') in 0.002210916 seconds
Number of updated asset objects reloaded before import = 0Number of asset objects unloaded after import = 1

========================================================================
Received Import Request.
  Time since last request: 0.000037 seconds.
  path: Assets/Resources/OCC-Gemini/pride1.json
  artifactKey: Guid(3df15b7834aa5463cb3f9533d63eee31) Importer(2089858483,b0f066a214c2f5e87bad3c948f4d605d)
Start importing Assets/Resources/OCC-Gemini/pride1.json using Guid(3df15b7834aa5463cb3f9533d63eee31) Importer(2089858483,b0f066a214c2f5e87bad3c948f4d605d) (ScriptedImporter) -> (artifact id: '348b8e0c6157349206198effb9af3cbf') in 0.001999083 seconds
Number of updated asset objects reloaded before import = 0Number of asset objects unloaded after import = 1

========================================================================
Received Import Request.
  Time since last request: 0.000036 seconds.
  path: Assets/Resources/OCC-Gemini/joy4.json
  artifactKey: Guid(87930b0295f9b4912a8a3d6a0b678d24) Importer(2089858483,b0f066a214c2f5e87bad3c948f4d605d)
Start importing Assets/Resources/OCC-Gemini/joy4.json using Guid(87930b0295f9b4912a8a3d6a0b678d24) Importer(2089858483,b0f066a214c2f5e87bad3c948f4d605d) (ScriptedImporter) -> (artifact id: '5d2cee6427e1f30c3e192c6a060fcd61') in 0.001530166 seconds
Number of updated asset objects reloaded before import = 0Number of asset objects unloaded after import = 1

========================================================================
Received Import Request.
  Time since last request: 0.000035 seconds.
  path: Assets/Resources/OCC-Gemini/pity3.json
  artifactKey: Guid(77a9dcd066d7a43d69a2f9c0110bf93b) Importer(2089858483,b0f066a214c2f5e87bad3c948f4d605d)
Start importing Assets/Resources/OCC-Gemini/pity3.json using Guid(77a9dcd066d7a43d69a2f9c0110bf93b) Importer(2089858483,b0f066a214c2f5e87bad3c948f4d605d) (ScriptedImporter) -> (artifact id: '6faa848d433ae20110032971af714eb7') in 0.001991041 seconds
Number of updated asset objects reloaded before import = 0Number of asset objects unloaded after import = 1

========================================================================
Received Import Request.
  Time since last request: 0.000029 seconds.
  path: Assets/Resources/OCC-Gemini/liking3.json
  artifactKey: Guid(9a52de0e10ec94777ba603e1d080cdde) Importer(2089858483,b0f066a214c2f5e87bad3c948f4d605d)
Start importing Assets/Resources/OCC-Gemini/liking3.json using Guid(9a52de0e10ec94777ba603e1d080cdde) Importer(2089858483,b0f066a214c2f5e87bad3c948f4d605d) (ScriptedImporter) -> (artifact id: '1d81ca79ad31ca624fb4e1b01e1205fd') in 0.001954334 seconds
Number of updated asset objects reloaded before import = 0Number of asset objects unloaded after import = 1

========================================================================
Received Import Request.
  Time since last request: 0.000037 seconds.
  path: Assets/Resources/OCC-Gemini/joy5.json
  artifactKey: Guid(5c929e5a0d8f248d2970c5ad24d38834) Importer(2089858483,b0f066a214c2f5e87bad3c948f4d605d)
Start importing Assets/Resources/OCC-Gemini/joy5.json using Guid(5c929e5a0d8f248d2970c5ad24d38834) Importer(2089858483,b0f066a214c2f5e87bad3c948f4d605d) (ScriptedImporter) -> (artifact id: '71dd198a324bada685a65bbe981f6c8f') in 0.002026917 seconds
Number of updated asset objects reloaded before import = 0Number of asset objects unloaded after import = 1

========================================================================
Received Import Request.
  Time since last request: 0.000035 seconds.
  path: Assets/Resources/OCC-Gemini/pity2.json
  artifactKey: Guid(2588412249d984b2cab856b3c1447a53) Importer(2089858483,b0f066a214c2f5e87bad3c948f4d605d)
Start importing Assets/Resources/OCC-Gemini/pity2.json using Guid(2588412249d984b2cab856b3c1447a53) Importer(2089858483,b0f066a214c2f5e87bad3c948f4d605d) (ScriptedImporter) -> (artifact id: '00e1b1c03f8112df44c9f99f8084d3bc') in 0.00198475 seconds
Number of updated asset objects reloaded before import = 0Number of asset objects unloaded after import = 1

========================================================================
Received Import Request.
  Time since last request: 0.000033 seconds.
  path: Assets/Resources/OCC-Gemini/pity1.json
  artifactKey: Guid(9d666ebcd5e5944c09bd25dcfd3ed6a3) Importer(2089858483,b0f066a214c2f5e87bad3c948f4d605d)
Start importing Assets/Resources/OCC-Gemini/pity1.json using Guid(9d666ebcd5e5944c09bd25dcfd3ed6a3) Importer(2089858483,b0f066a214c2f5e87bad3c948f4d605d) (ScriptedImporter) -> (artifact id: '69a8b29824fcc93069db6544de70962a') in 0.002046667 seconds
Number of updated asset objects reloaded before import = 0Number of asset objects unloaded after import = 1

========================================================================
Received Import Request.
  Time since last request: 0.000034 seconds.
  path: Assets/Resources/OCC-Gemini/liking5.json
  artifactKey: Guid(eeabfe47dc0e84c71bc22c453d131437) Importer(2089858483,b0f066a214c2f5e87bad3c948f4d605d)
Start importing Assets/Resources/OCC-Gemini/liking5.json using Guid(eeabfe47dc0e84c71bc22c453d131437) Importer(2089858483,b0f066a214c2f5e87bad3c948f4d605d) (ScriptedImporter) -> (artifact id: 'd2c90fefba14f9d26d1063b9eaa0db55') in 0.001971291 seconds
Number of updated asset objects reloaded before import = 0Number of asset objects unloaded after import = 1

========================================================================
Received Import Request.
  Time since last request: 0.000026 seconds.
  path: Assets/Resources/OCC-Gemini/joy1.json
  artifactKey: Guid(6756c3d20f29948d5897d6d3bc8cb466) Importer(2089858483,b0f066a214c2f5e87bad3c948f4d605d)
Start importing Assets/Resources/OCC-Gemini/joy1.json using Guid(6756c3d20f29948d5897d6d3bc8cb466) Importer(2089858483,b0f066a214c2f5e87bad3c948f4d605d) (ScriptedImporter) -> (artifact id: 'be8a20f9142e0aed5c7e01c4629e112b') in 0.001835459 seconds
Number of updated asset objects reloaded before import = 0Number of asset objects unloaded after import = 1

========================================================================
Received Import Request.
  Time since last request: 0.000035 seconds.
  path: Assets/Resources/OCC-Gemini/liking2.json
  artifactKey: Guid(39100f6ff528e40029ce9e7ceb475ca3) Importer(2089858483,b0f066a214c2f5e87bad3c948f4d605d)
Start importing Assets/Resources/OCC-Gemini/liking2.json using Guid(39100f6ff528e40029ce9e7ceb475ca3) Importer(2089858483,b0f066a214c2f5e87bad3c948f4d605d) (ScriptedImporter) -> (artifact id: '916548efa4b573eff678b7d530a79205') in 0.001993 seconds
Number of updated asset objects reloaded before import = 0Number of asset objects unloaded after import = 1

========================================================================
Received Import Request.
  Time since last request: 0.000034 seconds.
  path: Assets/Resources/OCC-Gemini/remorse4.json
  artifactKey: Guid(09600a745195f4e3b8a5d50852fe9d45) Importer(2089858483,b0f066a214c2f5e87bad3c948f4d605d)
Start importing Assets/Resources/OCC-Gemini/remorse4.json using Guid(09600a745195f4e3b8a5d50852fe9d45) Importer(2089858483,b0f066a214c2f5e87bad3c948f4d605d) (ScriptedImporter) -> (artifact id: '5ce655c67524cfe965c69c3ec64f4262') in 0.001571375 seconds
Number of updated asset objects reloaded before import = 0Number of asset objects unloaded after import = 1

========================================================================
Received Import Request.
  Time since last request: 0.000030 seconds.
  path: Assets/Resources/OCC-Gemini/satisfaction2.json
  artifactKey: Guid(458d27978d41e4f4b9089ad1ddbec394) Importer(2089858483,b0f066a214c2f5e87bad3c948f4d605d)
Start importing Assets/Resources/OCC-Gemini/satisfaction2.json using Guid(458d27978d41e4f4b9089ad1ddbec394) Importer(2089858483,b0f066a214c2f5e87bad3c948f4d605d) (ScriptedImporter) -> (artifact id: '3c1af50b9583379f77da288ac1797ff0') in 0.002014125 seconds
Number of updated asset objects reloaded before import = 0Number of asset objects unloaded after import = 1

========================================================================
Received Import Request.
  Time since last request: 0.000037 seconds.
  path: Assets/Resources/OCC-Gemini/remorse5.json
  artifactKey: Guid(17d6d450794bf4ce1afdf2c235ab4aa9) Importer(2089858483,b0f066a214c2f5e87bad3c948f4d605d)
Start importing Assets/Resources/OCC-Gemini/remorse5.json using Guid(17d6d450794bf4ce1afdf2c235ab4aa9) Importer(2089858483,b0f066a214c2f5e87bad3c948f4d605d) (ScriptedImporter) -> (artifact id: '316e3372497be3bc3aec32a78c25c3ee') in 0.001876375 seconds
Number of updated asset objects reloaded before import = 0Number of asset objects unloaded after import = 1

========================================================================
Received Import Request.
  Time since last request: 0.000030 seconds.
  path: Assets/Resources/OCC-Gemini/relief3.json
  artifactKey: Guid(a18088e69576f41f5a4f27f624ddbdda) Importer(2089858483,b0f066a214c2f5e87bad3c948f4d605d)
Start importing Assets/Resources/OCC-Gemini/relief3.json using Guid(a18088e69576f41f5a4f27f624ddbdda) Importer(2089858483,b0f066a214c2f5e87bad3c948f4d605d) (ScriptedImporter) -> (artifact id: '4874cb0c597ee5c7e8bf1949d7607e57') in 0.001914708 seconds
Number of updated asset objects reloaded before import = 0Number of asset objects unloaded after import = 1

========================================================================
Received Import Request.
  Time since last request: 0.000034 seconds.
  path: Assets/Resources/OCC-Gemini/resentment3.json
  artifactKey: Guid(5f46c804518be41b99b48d6e55df4a35) Importer(2089858483,b0f066a214c2f5e87bad3c948f4d605d)
Start importing Assets/Resources/OCC-Gemini/resentment3.json using Guid(5f46c804518be41b99b48d6e55df4a35) Importer(2089858483,b0f066a214c2f5e87bad3c948f4d605d) (ScriptedImporter) -> (artifact id: 'a574055b4ab8b223cca30f7643db6020') in 0.002188 seconds
Number of updated asset objects reloaded before import = 0Number of asset objects unloaded after import = 1

========================================================================
Received Import Request.
  Time since last request: 0.000033 seconds.
  path: Assets/Resources/OCC-Gemini/reproach5.json
  artifactKey: Guid(935cd5363f3d543bf9e83183dc2d33be) Importer(2089858483,b0f066a214c2f5e87bad3c948f4d605d)
Start importing Assets/Resources/OCC-Gemini/reproach5.json using Guid(935cd5363f3d543bf9e83183dc2d33be) Importer(2089858483,b0f066a214c2f5e87bad3c948f4d605d) (ScriptedImporter) -> (artifact id: 'a3895fa80860054e446490c5b43bf4ef') in 0.001471042 seconds
Number of updated asset objects reloaded before import = 0Number of asset objects unloaded after import = 1

========================================================================
Received Import Request.
  Time since last request: 0.000032 seconds.
  path: Assets/Resources/OCC-Gemini/resentment1.json
  artifactKey: Guid(edccb0bb7c657423f8d18385a903349b) Importer(2089858483,b0f066a214c2f5e87bad3c948f4d605d)
Start importing Assets/Resources/OCC-Gemini/resentment1.json using Guid(edccb0bb7c657423f8d18385a903349b) Importer(2089858483,b0f066a214c2f5e87bad3c948f4d605d) (ScriptedImporter) -> (artifact id: '9620e33175edc58e369684b6ba95f9b8') in 0.002045333 seconds
Number of updated asset objects reloaded before import = 0Number of asset objects unloaded after import = 1

========================================================================
Received Import Request.
  Time since last request: 0.000033 seconds.
  path: Assets/Resources/OCC-Gemini/relief2.json
  artifactKey: Guid(b641c3ba6b426463ea744cc6d3510bbc) Importer(2089858483,b0f066a214c2f5e87bad3c948f4d605d)
Start importing Assets/Resources/OCC-Gemini/relief2.json using Guid(b641c3ba6b426463ea744cc6d3510bbc) Importer(2089858483,b0f066a214c2f5e87bad3c948f4d605d) (ScriptedImporter) -> (artifact id: '88e580c420f7023777209c8919ed444c') in 0.001831292 seconds
Number of updated asset objects reloaded before import = 0Number of asset objects unloaded after import = 1

========================================================================
Received Import Request.
  Time since last request: 0.000083 seconds.
  path: Assets/Resources/OCC-Gemini/satisfaction1.json
  artifactKey: Guid(ff7a265c625ca4aca9030b664cd09a8b) Importer(2089858483,b0f066a214c2f5e87bad3c948f4d605d)
Start importing Assets/Resources/OCC-Gemini/satisfaction1.json using Guid(ff7a265c625ca4aca9030b664cd09a8b) Importer(2089858483,b0f066a214c2f5e87bad3c948f4d605d) (ScriptedImporter) -> (artifact id: '040ca78044afbe22ef1556049c795611') in 0.004104042 seconds
Number of updated asset objects reloaded before import = 0Number of asset objects unloaded after import = 1

========================================================================
Received Import Request.
  Time since last request: 0.000043 seconds.
  path: Assets/Resources/OCC-Gemini/reproach1.json
  artifactKey: Guid(88167a6f0fa9a49db8f4debb70c435a2) Importer(2089858483,b0f066a214c2f5e87bad3c948f4d605d)
Start importing Assets/Resources/OCC-Gemini/reproach1.json using Guid(88167a6f0fa9a49db8f4debb70c435a2) Importer(2089858483,b0f066a214c2f5e87bad3c948f4d605d) (ScriptedImporter) -> (artifact id: 'ec7d6a167be1ecc1c4419510684599c2') in 0.001560583 seconds
Number of updated asset objects reloaded before import = 0Number of asset objects unloaded after import = 1

========================================================================
Received Import Request.
  Time since last request: 0.000034 seconds.
  path: Assets/Resources/OCC-Gemini/reproach2.json
  artifactKey: Guid(55b380cc50b4f42f7977005d4b1b4e36) Importer(2089858483,b0f066a214c2f5e87bad3c948f4d605d)
Start importing Assets/Resources/OCC-Gemini/reproach2.json using Guid(55b380cc50b4f42f7977005d4b1b4e36) Importer(2089858483,b0f066a214c2f5e87bad3c948f4d605d) (ScriptedImporter) -> (artifact id: '3119257731c3f886a7d39fe016003620') in 0.002037791 seconds
Number of updated asset objects reloaded before import = 0Number of asset objects unloaded after import = 1

========================================================================
Received Import Request.
  Time since last request: 0.000035 seconds.
  path: Assets/Resources/OCC-Gemini/relief4.json
  artifactKey: Guid(d208c8cda06d9436cbcff8e53f5eafa3) Importer(2089858483,b0f066a214c2f5e87bad3c948f4d605d)
Start importing Assets/Resources/OCC-Gemini/relief4.json using Guid(d208c8cda06d9436cbcff8e53f5eafa3) Importer(2089858483,b0f066a214c2f5e87bad3c948f4d605d) (ScriptedImporter) -> (artifact id: '1d3db8d2619ee288026642c9a92ea227') in 0.001509625 seconds
Number of updated asset objects reloaded before import = 0Number of asset objects unloaded after import = 1

========================================================================
Received Import Request.
  Time since last request: 0.000031 seconds.
  path: Assets/Resources/Theoretical/Admiration.json
  artifactKey: Guid(d5c071f01f4f8e441b5f71af2565e0ae) Importer(2089858483,b0f066a214c2f5e87bad3c948f4d605d)
Start importing Assets/Resources/Theoretical/Admiration.json using Guid(d5c071f01f4f8e441b5f71af2565e0ae) Importer(2089858483,b0f066a214c2f5e87bad3c948f4d605d) (ScriptedImporter) -> (artifact id: '0f36a08f8517ffd2fd6064463bba8037') in 0.001962125 seconds
Number of updated asset objects reloaded before import = 0Number of asset objects unloaded after import = 1

========================================================================
Received Import Request.
  Time since last request: 0.000036 seconds.
  path: Assets/Resources/Theoretical/Fear.json
  artifactKey: Guid(3240286c4fb31a845839812917cec6e0) Importer(2089858483,b0f066a214c2f5e87bad3c948f4d605d)
Start importing Assets/Resources/Theoretical/Fear.json using Guid(3240286c4fb31a845839812917cec6e0) Importer(2089858483,b0f066a214c2f5e87bad3c948f4d605d) (ScriptedImporter) -> (artifact id: '39bf82627d54295ceb3cb6a496622fb9') in 0.002030875 seconds
Number of updated asset objects reloaded before import = 0Number of asset objects unloaded after import = 1

========================================================================
Received Import Request.
  Time since last request: 0.000033 seconds.
  path: Assets/Resources/Theoretical/Coping-NoControl.json
  artifactKey: Guid(9f0f1de428a233443a17e5508a67d466) Importer(2089858483,b0f066a214c2f5e87bad3c948f4d605d)
Start importing Assets/Resources/Theoretical/Coping-NoControl.json using Guid(9f0f1de428a233443a17e5508a67d466) Importer(2089858483,b0f066a214c2f5e87bad3c948f4d605d) (ScriptedImporter) -> (artifact id: 'cd9bf2820f6236c184c9376692eb34d6') in 0.00254775 seconds
Number of updated asset objects reloaded before import = 0Number of asset objects unloaded after import = 1

========================================================================
Received Import Request.
  Time since last request: 0.000036 seconds.
  path: Assets/Resources/Theoretical/Happiness.json
  artifactKey: Guid(042f86caa5d838c44830467ab7ef9df0) Importer(2089858483,b0f066a214c2f5e87bad3c948f4d605d)
Start importing Assets/Resources/Theoretical/Happiness.json using Guid(042f86caa5d838c44830467ab7ef9df0) Importer(2089858483,b0f066a214c2f5e87bad3c948f4d605d) (ScriptedImporter) -> (artifact id: '11c26d5d4cb6d609f5714d8a42345f37') in 0.00191125 seconds
Number of updated asset objects reloaded before import = 0Number of asset objects unloaded after import = 1

========================================================================
Received Import Request.
  Time since last request: 0.000037 seconds.
  path: Assets/Resources/Theoretical/Anger.json
  artifactKey: Guid(dde53c9e7ca730d4b8acb58be6c227c7) Importer(2089858483,b0f066a214c2f5e87bad3c948f4d605d)
Start importing Assets/Resources/Theoretical/Anger.json using Guid(dde53c9e7ca730d4b8acb58be6c227c7) Importer(2089858483,b0f066a214c2f5e87bad3c948f4d605d) (ScriptedImporter) -> (artifact id: 'a753ce38d2bb0e2a897d8e238865cc5f') in 0.002196958 seconds
Number of updated asset objects reloaded before import = 0Number of asset objects unloaded after import = 1

========================================================================
Received Import Request.
  Time since last request: 0.000030 seconds.
  path: Assets/Resources/Theoretical/Coping-Control-LowPower.json
  artifactKey: Guid(fc8149dc530e0b74281dd8a01a56a67d) Importer(2089858483,b0f066a214c2f5e87bad3c948f4d605d)
Start importing Assets/Resources/Theoretical/Coping-Control-LowPower.json using Guid(fc8149dc530e0b74281dd8a01a56a67d) Importer(2089858483,b0f066a214c2f5e87bad3c948f4d605d) (ScriptedImporter) -> (artifact id: '72b9be30874203b7dfc39028190d3752') in 0.001883458 seconds
Number of updated asset objects reloaded before import = 0Number of asset objects unloaded after import = 1

========================================================================
Received Import Request.
  Time since last request: 0.000043 seconds.
  path: Assets/Resources/Theoretical/Gratitude.json
  artifactKey: Guid(71510e53da3d01146b9139054d774d38) Importer(2089858483,b0f066a214c2f5e87bad3c948f4d605d)
Start importing Assets/Resources/Theoretical/Gratitude.json using Guid(71510e53da3d01146b9139054d774d38) Importer(2089858483,b0f066a214c2f5e87bad3c948f4d605d) (ScriptedImporter) -> (artifact id: '98658ca0531be4aa2959eff4f111c071') in 0.001989375 seconds
Number of updated asset objects reloaded before import = 0Number of asset objects unloaded after import = 1

========================================================================
Received Import Request.
  Time since last request: 0.000031 seconds.
  path: Assets/Resources/OCC-Gemini/satisfaction5.json
  artifactKey: Guid(867f9fba4446e4d94a7cb110712b75f5) Importer(2089858483,b0f066a214c2f5e87bad3c948f4d605d)
Start importing Assets/Resources/OCC-Gemini/satisfaction5.json using Guid(867f9fba4446e4d94a7cb110712b75f5) Importer(2089858483,b0f066a214c2f5e87bad3c948f4d605d) (ScriptedImporter) -> (artifact id: 'dc29c7ed1e1887008167ef0ec810bf92') in 0.001972958 seconds
Number of updated asset objects reloaded before import = 0Number of asset objects unloaded after import = 1

========================================================================
Received Import Request.
  Time since last request: 0.000043 seconds.
  path: Assets/Resources/OCC-Gemini/shame1.json
  artifactKey: Guid(edf990dcbe6c8429ebc1638298ad37fc) Importer(2089858483,b0f066a214c2f5e87bad3c948f4d605d)
Start importing Assets/Resources/OCC-Gemini/shame1.json using Guid(edf990dcbe6c8429ebc1638298ad37fc) Importer(2089858483,b0f066a214c2f5e87bad3c948f4d605d) (ScriptedImporter) -> (artifact id: '0f8c09bde0d266ae8ac98aab8dc043dc') in 0.001929542 seconds
Number of updated asset objects reloaded before import = 0Number of asset objects unloaded after import = 1

========================================================================
Received Import Request.
  Time since last request: 0.000029 seconds.
  path: Assets/Resources/OCC-Gemini/shame3.json
  artifactKey: Guid(8b1327990271342de8c49a9f91852d0a) Importer(2089858483,b0f066a214c2f5e87bad3c948f4d605d)
Start importing Assets/Resources/OCC-Gemini/shame3.json using Guid(8b1327990271342de8c49a9f91852d0a) Importer(2089858483,b0f066a214c2f5e87bad3c948f4d605d) (ScriptedImporter) -> (artifact id: 'd48a26b9480ceff1327d69264e02c277') in 0.002036791 seconds
Number of updated asset objects reloaded before import = 0Number of asset objects unloaded after import = 1

========================================================================
Received Import Request.
  Time since last request: 0.000034 seconds.
  path: Assets/Resources/Theoretical/Embarrassment.json
  artifactKey: Guid(911d0a214fa38d44ba97c2bb82134090) Importer(2089858483,b0f066a214c2f5e87bad3c948f4d605d)
Start importing Assets/Resources/Theoretical/Embarrassment.json using Guid(911d0a214fa38d44ba97c2bb82134090) Importer(2089858483,b0f066a214c2f5e87bad3c948f4d605d) (ScriptedImporter) -> (artifact id: '5823e287d6c0898c71b650befff685ca') in 0.003683 seconds
Number of updated asset objects reloaded before import = 0Number of asset objects unloaded after import = 1

========================================================================
Received Import Request.
  Time since last request: 0.000037 seconds.
  path: Assets/Resources/Theoretical/Relevant-Inconsistent-Obstructive.json
  artifactKey: Guid(c4f0524dad513c74781fc75f10ad9e17) Importer(2089858483,b0f066a214c2f5e87bad3c948f4d605d)
Start importing Assets/Resources/Theoretical/Relevant-Inconsistent-Obstructive.json using Guid(c4f0524dad513c74781fc75f10ad9e17) Importer(2089858483,b0f066a214c2f5e87bad3c948f4d605d) (ScriptedImporter) -> (artifact id: 'f6fa9e15027459a9ad7a8096e15994eb') in 0.001931583 seconds
Number of updated asset objects reloaded before import = 0Number of asset objects unloaded after import = 1

========================================================================
Received Import Request.
  Time since last request: 0.000035 seconds.
  path: Assets/Resources/Theoretical/Positive_Surprise.json
  artifactKey: Guid(503c9d278c389df4b88208c2e6f6bf4c) Importer(2089858483,b0f066a214c2f5e87bad3c948f4d605d)
Start importing Assets/Resources/Theoretical/Positive_Surprise.json using Guid(503c9d278c389df4b88208c2e6f6bf4c) Importer(2089858483,b0f066a214c2f5e87bad3c948f4d605d) (ScriptedImporter) -> (artifact id: '7a9477f91718c352c47f7b219cbd6c24') in 0.002019709 seconds
Number of updated asset objects reloaded before import = 0Number of asset objects unloaded after import = 1

========================================================================
Received Import Request.
  Time since last request: 0.000030 seconds.
  path: Assets/Resources/Theoretical/Relevant-Consistent-Obstructive.json
  artifactKey: Guid(ff2528eed9be26846aa765389afb5b84) Importer(2089858483,b0f066a214c2f5e87bad3c948f4d605d)
Start importing Assets/Resources/Theoretical/Relevant-Consistent-Obstructive.json using Guid(ff2528eed9be26846aa765389afb5b84) Importer(2089858483,b0f066a214c2f5e87bad3c948f4d605d) (ScriptedImporter) -> (artifact id: '5e8e80bd7d716b56058c69893320d6f3') in 0.001884375 seconds
Number of updated asset objects reloaded before import = 0Number of asset objects unloaded after import = 1

========================================================================
Received Import Request.
  Time since last request: 0.000039 seconds.
  path: Assets/Resources/Theoretical/Shame.json
  artifactKey: Guid(20ef530c97487c94c841d31cede2d9b5) Importer(2089858483,b0f066a214c2f5e87bad3c948f4d605d)
Start importing Assets/Resources/Theoretical/Shame.json using Guid(20ef530c97487c94c841d31cede2d9b5) Importer(2089858483,b0f066a214c2f5e87bad3c948f4d605d) (ScriptedImporter) -> (artifact id: '409e06f728a264ce66a1bb45ae887f34') in 0.001921292 seconds
Number of updated asset objects reloaded before import = 0Number of asset objects unloaded after import = 1

========================================================================
Received Import Request.
  Time since last request: 0.000036 seconds.
  path: Assets/Resources/Theoretical/Pleasant.json
  artifactKey: Guid(ddee5a05df317e24596ab86634109895) Importer(2089858483,b0f066a214c2f5e87bad3c948f4d605d)
Start importing Assets/Resources/Theoretical/Pleasant.json using Guid(ddee5a05df317e24596ab86634109895) Importer(2089858483,b0f066a214c2f5e87bad3c948f4d605d) (ScriptedImporter) -> (artifact id: 'f4d7dc3a2da32ced51dd003aa3e21f50') in 0.002023959 seconds
Number of updated asset objects reloaded before import = 0Number of asset objects unloaded after import = 1

========================================================================
Received Import Request.
  Time since last request: 0.000044 seconds.
  path: Assets/Resources/Theoretical/Sympathy.json
  artifactKey: Guid(5fd9c7670d4763743a3ef60c78a614e6) Importer(2089858483,b0f066a214c2f5e87bad3c948f4d605d)
Start importing Assets/Resources/Theoretical/Sympathy.json using Guid(5fd9c7670d4763743a3ef60c78a614e6) Importer(2089858483,b0f066a214c2f5e87bad3c948f4d605d) (ScriptedImporter) -> (artifact id: 'aadbd6980afbd852b2ed2d0a0f5fc67e') in 0.002106584 seconds
Number of updated asset objects reloaded before import = 0Number of asset objects unloaded after import = 1

========================================================================
Received Import Request.
  Time since last request: 0.000038 seconds.
  path: Assets/Resources/Theoretical/Not-Novel.json
  artifactKey: Guid(2fa6588292c189c4d9ab8e8ad3d01506) Importer(2089858483,b0f066a214c2f5e87bad3c948f4d605d)
Start importing Assets/Resources/Theoretical/Not-Novel.json using Guid(2fa6588292c189c4d9ab8e8ad3d01506) Importer(2089858483,b0f066a214c2f5e87bad3c948f4d605d) (ScriptedImporter) -> (artifact id: 'fe7e6bca6af93e45e4ebec6ae56982d5') in 0.001947625 seconds
Number of updated asset objects reloaded before import = 0Number of asset objects unloaded after import = 1

========================================================================
Received Import Request.
  Time since last request: 0.000053 seconds.
  path: Assets/Resources/Theoretical/Sadness.json
  artifactKey: Guid(877e8364307a6854ba651b0db5263c00) Importer(2089858483,b0f066a214c2f5e87bad3c948f4d605d)
Start importing Assets/Resources/Theoretical/Sadness.json using Guid(877e8364307a6854ba651b0db5263c00) Importer(2089858483,b0f066a214c2f5e87bad3c948f4d605d) (ScriptedImporter) -> (artifact id: '8deddda157b8aeeba99469b1a1c27f4f') in 0.003311458 seconds
Number of updated asset objects reloaded before import = 0Number of asset objects unloaded after import = 1

========================================================================
Received Import Request.
  Time since last request: 0.000038 seconds.
  path: Assets/Resources/Theoretical/Relief.json
  artifactKey: Guid(b984d555035c35c4b819742905ae5a42) Importer(2089858483,b0f066a214c2f5e87bad3c948f4d605d)
Start importing Assets/Resources/Theoretical/Relief.json using Guid(b984d555035c35c4b819742905ae5a42) Importer(2089858483,b0f066a214c2f5e87bad3c948f4d605d) (ScriptedImporter) -> (artifact id: 'a14acf8d338f37c54c413285af2158e1') in 0.00204175 seconds
Number of updated asset objects reloaded before import = 0Number of asset objects unloaded after import = 1

========================================================================
Received Import Request.
  Time since last request: 0.000036 seconds.
  path: Assets/Resources/Theoretical/Standards-Surpassed.json
  artifactKey: Guid(cede54876625e6541ac96fb3acce13ff) Importer(2089858483,b0f066a214c2f5e87bad3c948f4d605d)
Start importing Assets/Resources/Theoretical/Standards-Surpassed.json using Guid(cede54876625e6541ac96fb3acce13ff) Importer(2089858483,b0f066a214c2f5e87bad3c948f4d605d) (ScriptedImporter) -> (artifact id: '77d21ef6e52091deac273379501570b4') in 0.001997416 seconds
Number of updated asset objects reloaded before import = 0Number of asset objects unloaded after import = 1

========================================================================
Received Import Request.
  Time since last request: 0.000065 seconds.
  path: Assets/Resources/Theoretical/Surprise.json
  artifactKey: Guid(e5516eafb2ebf334bb122be3515bf276) Importer(2089858483,b0f066a214c2f5e87bad3c948f4d605d)
Start importing Assets/Resources/Theoretical/Surprise.json using Guid(e5516eafb2ebf334bb122be3515bf276) Importer(2089858483,b0f066a214c2f5e87bad3c948f4d605d) (ScriptedImporter) -> (artifact id: '7491f5fc347676cc073bfb86c8c563f7') in 0.00202175 seconds
Number of updated asset objects reloaded before import = 0Number of asset objects unloaded after import = 1

========================================================================
Received Import Request.
  Time since last request: 0.000026 seconds.
  path: Assets/Scripts/GPT/Parsers.cs
  artifactKey: Guid(4cb46af49ab684222a41d4d4a3f9a268) Importer(2089858483,b0f066a214c2f5e87bad3c948f4d605d)
Start importing Assets/Scripts/GPT/Parsers.cs using Guid(4cb46af49ab684222a41d4d4a3f9a268) Importer(2089858483,b0f066a214c2f5e87bad3c948f4d605d) (ScriptedImporter) -> (artifact id: 'cafc8c1ca6679cac73493d43788c363c') in 0.001418458 seconds
Number of updated asset objects reloaded before import = 0Number of asset objects unloaded after import = 0

========================================================================
Received Import Request.
  Time since last request: 0.000037 seconds.
  path: Assets/Scripts/Face/FACS.cs
  artifactKey: Guid(3d79a29eba13a491ea088e4c85a2df15) Importer(2089858483,b0f066a214c2f5e87bad3c948f4d605d)
Start importing Assets/Scripts/Face/FACS.cs using Guid(3d79a29eba13a491ea088e4c85a2df15) Importer(2089858483,b0f066a214c2f5e87bad3c948f4d605d) (ScriptedImporter) -> (artifact id: '8cad7bbc5886d722cd0d7815371a66e0') in 0.001455625 seconds
Number of updated asset objects reloaded before import = 0Number of asset objects unloaded after import = 0

========================================================================
Received Import Request.
  Time since last request: 0.000077 seconds.
  path: Assets/TextMesh Pro/Shaders/TMP_Bitmap-Mobile.shader
  artifactKey: Guid(1e3b057af24249748ff873be7fafee47) Importer(2089858483,b0f066a214c2f5e87bad3c948f4d605d)
Start importing Assets/TextMesh Pro/Shaders/TMP_Bitmap-Mobile.shader using Guid(1e3b057af24249748ff873be7fafee47) Importer(2089858483,b0f066a214c2f5e87bad3c948f4d605d) (ScriptedImporter) -> (artifact id: '16f16662d5d02d4ed53be3f84398425b') in 0.003148958 seconds
Number of updated asset objects reloaded before import = 0Number of asset objects unloaded after import = 1

========================================================================
Received Import Request.
  Time since last request: 0.000059 seconds.
  path: Assets/Scripts/GPT/ChatNetClient.cs
  artifactKey: Guid(7839c3a8007e147639b043f06ccb3d2c) Importer(2089858483,b0f066a214c2f5e87bad3c948f4d605d)
Start importing Assets/Scripts/GPT/ChatNetClient.cs using Guid(7839c3a8007e147639b043f06ccb3d2c) Importer(2089858483,b0f066a214c2f5e87bad3c948f4d605d) (ScriptedImporter) -> (artifact id: '6583030e63603375d717853aac2fb5b7') in 0.00161025 seconds
Number of updated asset objects reloaded before import = 0Number of asset objects unloaded after import = 0

========================================================================
Received Import Request.
  Time since last request: 0.000049 seconds.
  path: Assets/Scripts/NetClient/LogMessage.cs
  artifactKey: Guid(8856ff872014c364aaa0dc98f1d313b4) Importer(2089858483,b0f066a214c2f5e87bad3c948f4d605d)
Start importing Assets/Scripts/NetClient/LogMessage.cs using Guid(8856ff872014c364aaa0dc98f1d313b4) Importer(2089858483,b0f066a214c2f5e87bad3c948f4d605d) (ScriptedImporter) -> (artifact id: 'e563ab33237037f5c13a38cc974d7b2c') in 0.001700625 seconds
Number of updated asset objects reloaded before import = 0Number of asset objects unloaded after import = 0

========================================================================
Received Import Request.
  Time since last request: 0.000034 seconds.
  path: Assets/TextMesh Pro/Shaders/TMP_SDF Overlay.shader
  artifactKey: Guid(dd89cf5b9246416f84610a006f916af7) Importer(2089858483,b0f066a214c2f5e87bad3c948f4d605d)
Start importing Assets/TextMesh Pro/Shaders/TMP_SDF Overlay.shader using Guid(dd89cf5b9246416f84610a006f916af7) Importer(2089858483,b0f066a214c2f5e87bad3c948f4d605d) (ScriptedImporter) -> (artifact id: 'd1026a50b249cbe621519a41eb480251') in 0.0031115 seconds
Number of updated asset objects reloaded before import = 0Number of asset objects unloaded after import = 1

========================================================================
Received Import Request.
  Time since last request: 0.000038 seconds.
  path: Assets/Scripts/NetClient/TestNetClient.cs
  artifactKey: Guid(da0344c5b20ef04488e0a32819d888b9) Importer(2089858483,b0f066a214c2f5e87bad3c948f4d605d)
Start importing Assets/Scripts/NetClient/TestNetClient.cs using Guid(da0344c5b20ef04488e0a32819d888b9) Importer(2089858483,b0f066a214c2f5e87bad3c948f4d605d) (ScriptedImporter) -> (artifact id: 'ddda87c4cf402ba5724af744eef5358a') in 0.00309575 seconds
Number of updated asset objects reloaded before import = 0Number of asset objects unloaded after import = 0

========================================================================
Received Import Request.
  Time since last request: 0.000058 seconds.
  path: Assets/TextMesh Pro/Shaders/TMP_Bitmap-Custom-Atlas.shader
  artifactKey: Guid(48bb5f55d8670e349b6e614913f9d910) Importer(2089858483,b0f066a214c2f5e87bad3c948f4d605d)
Start importing Assets/TextMesh Pro/Shaders/TMP_Bitmap-Custom-Atlas.shader using Guid(48bb5f55d8670e349b6e614913f9d910) Importer(2089858483,b0f066a214c2f5e87bad3c948f4d605d) (ScriptedImporter) -> (artifact id: '127ab6522381f13dd72cd115d7886436') in 0.002300875 seconds
Number of updated asset objects reloaded before import = 0Number of asset objects unloaded after import = 1

========================================================================
Received Import Request.
  Time since last request: 0.000040 seconds.
  path: Assets/Scripts/NetClient/ChatNetClient.cs
  artifactKey: Guid(13074196d45f4e1489d9bc81f866f5ce) Importer(2089858483,b0f066a214c2f5e87bad3c948f4d605d)
Start importing Assets/Scripts/NetClient/ChatNetClient.cs using Guid(13074196d45f4e1489d9bc81f866f5ce) Importer(2089858483,b0f066a214c2f5e87bad3c948f4d605d) (ScriptedImporter) -> (artifact id: '1da0183162ee83f1c70f778284073b01') in 0.0014795 seconds
Number of updated asset objects reloaded before import = 0Number of asset objects unloaded after import = 0

========================================================================
Received Import Request.
  Time since last request: 0.000034 seconds.
  path: Assets/TextMesh Pro/Shaders/SDFFunctions.hlsl
  artifactKey: Guid(96de908384869cd409c75efa351d5edf) Importer(2089858483,b0f066a214c2f5e87bad3c948f4d605d)
Start importing Assets/TextMesh Pro/Shaders/SDFFunctions.hlsl using Guid(96de908384869cd409c75efa351d5edf) Importer(2089858483,b0f066a214c2f5e87bad3c948f4d605d) (ScriptedImporter) -> (artifact id: 'd1a5474a1beb3e7c0cba725e3fcb8d75') in 0.001703292 seconds
Number of updated asset objects reloaded before import = 0Number of asset objects unloaded after import = 1

========================================================================
Received Import Request.
  Time since last request: 0.000037 seconds.
  path: Assets/TextMesh Pro/Fonts/LiberationSans - OFL.txt
  artifactKey: Guid(6e59c59b81ab47f9b6ec5781fa725d2c) Importer(2089858483,b0f066a214c2f5e87bad3c948f4d605d)
Start importing Assets/TextMesh Pro/Fonts/LiberationSans - OFL.txt using Guid(6e59c59b81ab47f9b6ec5781fa725d2c) Importer(2089858483,b0f066a214c2f5e87bad3c948f4d605d) (ScriptedImporter) -> (artifact id: 'df020dc025ac5360b51bebbb5b5c8430') in 0.001683209 seconds
Number of updated asset objects reloaded before import = 0Number of asset objects unloaded after import = 1

========================================================================
Received Import Request.
  Time since last request: 0.000038 seconds.
  path: Assets/TextMesh Pro/Shaders/TMP_SDF-Surface-Mobile.shader
  artifactKey: Guid(85187c2149c549c5b33f0cdb02836b17) Importer(2089858483,b0f066a214c2f5e87bad3c948f4d605d)
Start importing Assets/TextMesh Pro/Shaders/TMP_SDF-Surface-Mobile.shader using Guid(85187c2149c549c5b33f0cdb02836b17) Importer(2089858483,b0f066a214c2f5e87bad3c948f4d605d) (ScriptedImporter) -> (artifact id: 'e94d88250be8bfb58c32ef8dc2fa67be') in 0.002916791 seconds
Number of updated asset objects reloaded before import = 0Number of asset objects unloaded after import = 1

========================================================================
Received Import Request.
  Time since last request: 0.000030 seconds.
  path: Assets/TextMesh Pro/Sprites/EmojiOne.json
  artifactKey: Guid(8f05276190cf498a8153f6cbe761d4e6) Importer(2089858483,b0f066a214c2f5e87bad3c948f4d605d)
Start importing Assets/TextMesh Pro/Sprites/EmojiOne.json using Guid(8f05276190cf498a8153f6cbe761d4e6) Importer(2089858483,b0f066a214c2f5e87bad3c948f4d605d) (ScriptedImporter) -> (artifact id: '44b8260b6451e8f38c94d7ab67a181bc') in 0.002135916 seconds
Number of updated asset objects reloaded before import = 0Number of asset objects unloaded after import = 1

========================================================================
Received Import Request.
  Time since last request: 0.000032 seconds.
  path: Assets/TextMesh Pro/Shaders/TMPro.cginc
  artifactKey: Guid(407bc68d299748449bbf7f48ee690f8d) Importer(2089858483,b0f066a214c2f5e87bad3c948f4d605d)
Start importing Assets/TextMesh Pro/Shaders/TMPro.cginc using Guid(407bc68d299748449bbf7f48ee690f8d) Importer(2089858483,b0f066a214c2f5e87bad3c948f4d605d) (ScriptedImporter) -> (artifact id: 'a133e1f86fe21cae0a76c985a1f71fff') in 0.003188334 seconds
Number of updated asset objects reloaded before import = 0Number of asset objects unloaded after import = 1

========================================================================
Received Import Request.
  Time since last request: 0.000021 seconds.
  path: Assets/TextMesh Pro/Shaders/TMP_SDF-URP Lit.shadergraph
  artifactKey: Guid(a3d800b099a06e0478fb790c5e79057a) Importer(2089858483,b0f066a214c2f5e87bad3c948f4d605d)
Start importing Assets/TextMesh Pro/Shaders/TMP_SDF-URP Lit.shadergraph using Guid(a3d800b099a06e0478fb790c5e79057a) Importer(2089858483,b0f066a214c2f5e87bad3c948f4d605d) (ScriptedImporter) -> (artifact id: 'c8eac9db613c08336233beda329d0b23') in 0.009309291 seconds
Number of updated asset objects reloaded before import = 0Number of asset objects unloaded after import = 3

========================================================================
Received Import Request.
  Time since last request: 0.000035 seconds.
  path: Assets/TextMesh Pro/Shaders/TMPro_Surface.cginc
  artifactKey: Guid(d930090c0cd643c7b55f19a38538c162) Importer(2089858483,b0f066a214c2f5e87bad3c948f4d605d)
Start importing Assets/TextMesh Pro/Shaders/TMPro_Surface.cginc using Guid(d930090c0cd643c7b55f19a38538c162) Importer(2089858483,b0f066a214c2f5e87bad3c948f4d605d) (ScriptedImporter) -> (artifact id: '007703b552639c49d1c29b47277e73ce') in 0.001482666 seconds
Number of updated asset objects reloaded before import = 0Number of asset objects unloaded after import = 1

========================================================================
Received Import Request.
  Time since last request: 0.000034 seconds.
  path: Assets/TextMesh Pro/Shaders/TMP_SDF-Mobile.shader
  artifactKey: Guid(fe393ace9b354375a9cb14cdbbc28be4) Importer(2089858483,b0f066a214c2f5e87bad3c948f4d605d)
Start importing Assets/TextMesh Pro/Shaders/TMP_SDF-Mobile.shader using Guid(fe393ace9b354375a9cb14cdbbc28be4) Importer(2089858483,b0f066a214c2f5e87bad3c948f4d605d) (ScriptedImporter) -> (artifact id: '31f20d86642bf0b3b8f89bfc7c7162e9') in 0.002186917 seconds
Number of updated asset objects reloaded before import = 0Number of asset objects unloaded after import = 1

========================================================================
Received Import Request.
  Time since last request: 0.000034 seconds.
  path: Assets/Characters/2/2.fbm/Basic_T_shirts_Diffuse.jpg
  artifactKey: Guid(e21af1626682e754f9662c7f3b948f1c) Importer(2089858483,b0f066a214c2f5e87bad3c948f4d605d)
Start importing Assets/Characters/2/2.fbm/Basic_T_shirts_Diffuse.jpg using Guid(e21af1626682e754f9662c7f3b948f1c) Importer(2089858483,b0f066a214c2f5e87bad3c948f4d605d) (ScriptedImporter) -> (artifact id: '2ed25d24af36f4145c3d1d90342e7272') in 0.00496875 seconds
Number of updated asset objects reloaded before import = 0Number of asset objects unloaded after import = 1

========================================================================
Received Import Request.
  Time since last request: 0.000057 seconds.
  path: Assets/TextMesh Pro/Shaders/TMP_SDF-Mobile Masking.shader
  artifactKey: Guid(bc1ede39bf3643ee8e493720e4259791) Importer(2089858483,b0f066a214c2f5e87bad3c948f4d605d)
Start importing Assets/TextMesh Pro/Shaders/TMP_SDF-Mobile Masking.shader using Guid(bc1ede39bf3643ee8e493720e4259791) Importer(2089858483,b0f066a214c2f5e87bad3c948f4d605d) (ScriptedImporter) -> (artifact id: '43a516e381e84a13bae169eba5616634') in 0.003292375 seconds
Number of updated asset objects reloaded before import = 0Number of asset objects unloaded after import = 1

========================================================================
Received Import Request.
  Time since last request: 0.000031 seconds.
  path: Assets/TextMesh Pro/Shaders/TMP_SDF-Mobile-2-Pass.shader
  artifactKey: Guid(0178fcb869bafef4690d177d31d17db8) Importer(2089858483,b0f066a214c2f5e87bad3c948f4d605d)
Start importing Assets/TextMesh Pro/Shaders/TMP_SDF-Mobile-2-Pass.shader using Guid(0178fcb869bafef4690d177d31d17db8) Importer(2089858483,b0f066a214c2f5e87bad3c948f4d605d) (ScriptedImporter) -> (artifact id: 'c5577b7e71fdd7430984c88de1101838') in 0.003358667 seconds
Number of updated asset objects reloaded before import = 0Number of asset objects unloaded after import = 1

========================================================================
Received Import Request.
  Time since last request: 0.000047 seconds.
  path: Assets/TextMesh Pro/Shaders/TMP_SDF-HDRP LIT.shadergraph
  artifactKey: Guid(ca2ed216f98028c4dae6c5224a952b3c) Importer(2089858483,b0f066a214c2f5e87bad3c948f4d605d)
Start importing Assets/TextMesh Pro/Shaders/TMP_SDF-HDRP LIT.shadergraph using Guid(ca2ed216f98028c4dae6c5224a952b3c) Importer(2089858483,b0f066a214c2f5e87bad3c948f4d605d) (ScriptedImporter) -> (artifact id: 'e28f14a41d4a57e21ff584f17f6b1198') in 0.025376625 seconds
Number of updated asset objects reloaded before import = 0Number of asset objects unloaded after import = 4

========================================================================
Received Import Request.
  Time since last request: 0.000083 seconds.
  path: Assets/Resources/OCC-Gemini/pity4.json
  artifactKey: Guid(a8258386b542a47e5a01c86e67061e88) Importer(2089858483,b0f066a214c2f5e87bad3c948f4d605d)
Start importing Assets/Resources/OCC-Gemini/pity4.json using Guid(a8258386b542a47e5a01c86e67061e88) Importer(2089858483,b0f066a214c2f5e87bad3c948f4d605d) (ScriptedImporter) -> (artifact id: '5bf4030ea559bd16c64a5d0ca8064247') in 0.002932042 seconds
Number of updated asset objects reloaded before import = 0Number of asset objects unloaded after import = 1

========================================================================
Received Import Request.
  Time since last request: 0.000109 seconds.
  path: Assets/Resources/OCC-Gemini/fear2.json
  artifactKey: Guid(0c77c7ec7098e45e39a23244d3352f71) Importer(2089858483,b0f066a214c2f5e87bad3c948f4d605d)
Start importing Assets/Resources/OCC-Gemini/fear2.json using Guid(0c77c7ec7098e45e39a23244d3352f71) Importer(2089858483,b0f066a214c2f5e87bad3c948f4d605d) (ScriptedImporter) -> (artifact id: 'f1c8c7252f560ab91c87f1f4fd0a930c') in 0.004145792 seconds
Number of updated asset objects reloaded before import = 0Number of asset objects unloaded after import = 1

========================================================================
Received Import Request.
  Time since last request: 0.000072 seconds.
  path: Assets/Resources/OCC-Gemini/hope3.json
  artifactKey: Guid(5129ab6da3e4b4892a02a9f77883d4f8) Importer(2089858483,b0f066a214c2f5e87bad3c948f4d605d)
Start importing Assets/Resources/OCC-Gemini/hope3.json using Guid(5129ab6da3e4b4892a02a9f77883d4f8) Importer(2089858483,b0f066a214c2f5e87bad3c948f4d605d) (ScriptedImporter) -> (artifact id: 'b1eb8c3494e79fa7593492e7093204de') in 0.00250075 seconds
Number of updated asset objects reloaded before import = 0Number of asset objects unloaded after import = 1

========================================================================
Received Import Request.
  Time since last request: 0.000053 seconds.
  path: Assets/Resources/OCC-GPT-4o/anger3.json
  artifactKey: Guid(852060a8d510448a6981c5530df9a78b) Importer(2089858483,b0f066a214c2f5e87bad3c948f4d605d)
Start importing Assets/Resources/OCC-GPT-4o/anger3.json using Guid(852060a8d510448a6981c5530df9a78b) Importer(2089858483,b0f066a214c2f5e87bad3c948f4d605d) (ScriptedImporter) -> (artifact id: 'f7d0e2e44591b18695fe7bac4890486e') in 0.002505625 seconds
Number of updated asset objects reloaded before import = 0Number of asset objects unloaded after import = 1

========================================================================
Received Import Request.
  Time since last request: 0.000093 seconds.
  path: Assets/Settings/High_PipelineAsset.asset
  artifactKey: Guid(3909d7cf0d2f947cdbffc9e454737146) Importer(2089858483,b0f066a214c2f5e87bad3c948f4d605d)
Start importing Assets/Settings/High_PipelineAsset.asset using Guid(3909d7cf0d2f947cdbffc9e454737146) Importer(2089858483,b0f066a214c2f5e87bad3c948f4d605d) (ScriptedImporter) -> (artifact id: 'bf62b367edc7fa158c20ebfda57a36ab') in 0.002243375 seconds
Number of updated asset objects reloaded before import = 0Number of asset objects unloaded after import = 1

========================================================================
Received Import Request.
  Time since last request: 0.000063 seconds.
  path: Assets/Resources/OCC-GPT-4o/fear3.json
  artifactKey: Guid(16ea46518fc904b9c9a9197db08d6b7c) Importer(2089858483,b0f066a214c2f5e87bad3c948f4d605d)
Start importing Assets/Resources/OCC-GPT-4o/fear3.json using Guid(16ea46518fc904b9c9a9197db08d6b7c) Importer(2089858483,b0f066a214c2f5e87bad3c948f4d605d) (ScriptedImporter) -> (artifact id: 'e9bab05e92a4552c7339dcc282721598') in 0.001545 seconds
Number of updated asset objects reloaded before import = 0Number of asset objects unloaded after import = 1

========================================================================
Received Import Request.
  Time since last request: 0.000031 seconds.
  path: Assets/Gizmos/FACS_ControlPanel/drawing_AU20.png
  artifactKey: Guid(fd0e2be94ad0f06449336613070d8663) Importer(2089858483,b0f066a214c2f5e87bad3c948f4d605d)
Start importing Assets/Gizmos/FACS_ControlPanel/drawing_AU20.png using Guid(fd0e2be94ad0f06449336613070d8663) Importer(2089858483,b0f066a214c2f5e87bad3c948f4d605d) (ScriptedImporter) -> (artifact id: 'cf051a54400ddd7b78fd7734acf3664a') in 0.004065458 seconds
Number of updated asset objects reloaded before import = 0Number of asset objects unloaded after import = 3

========================================================================
Received Import Request.
  Time since last request: 0.000047 seconds.
  path: Assets/Resources/Clusters-6/cluster-aveface-3.json
  artifactKey: Guid(ee481a5518a7cbf459a59c697cd2b759) Importer(2089858483,b0f066a214c2f5e87bad3c948f4d605d)
Start importing Assets/Resources/Clusters-6/cluster-aveface-3.json using Guid(ee481a5518a7cbf459a59c697cd2b759) Importer(2089858483,b0f066a214c2f5e87bad3c948f4d605d) (ScriptedImporter) -> (artifact id: '2b33603703ecb5e7aa60b696cca38a97') in 0.001862792 seconds
Number of updated asset objects reloaded before import = 0Number of asset objects unloaded after import = 1

========================================================================
Received Import Request.
  Time since last request: 0.000051 seconds.
  path: Assets/Characters/2/2.fbm/Rocker_Jeans_Diffuse.png
  artifactKey: Guid(75b8d55070c77684ba580f176006e1d2) Importer(2089858483,b0f066a214c2f5e87bad3c948f4d605d)
Start importing Assets/Characters/2/2.fbm/Rocker_Jeans_Diffuse.png using Guid(75b8d55070c77684ba580f176006e1d2) Importer(2089858483,b0f066a214c2f5e87bad3c948f4d605d) (ScriptedImporter) -> (artifact id: '1a5f6206d6a45ea9a09213e8741e9228') in 0.005296166 seconds
Number of updated asset objects reloaded before import = 0Number of asset objects unloaded after import = 1

========================================================================
Received Import Request.
  Time since last request: 0.000072 seconds.
  path: Assets/Characters/2/2.fbm/Std_Skin_Leg_Diffuse.png
  artifactKey: Guid(d6ae611bdcae31d48a6d68d14e32f173) Importer(2089858483,b0f066a214c2f5e87bad3c948f4d605d)
Start importing Assets/Characters/2/2.fbm/Std_Skin_Leg_Diffuse.png using Guid(d6ae611bdcae31d48a6d68d14e32f173) Importer(2089858483,b0f066a214c2f5e87bad3c948f4d605d) (ScriptedImporter) -> (artifact id: '584906f3b03bcfbfc568fefc4a27eb53') in 0.005930333 seconds
Number of updated asset objects reloaded before import = 0Number of asset objects unloaded after import = 1

========================================================================
Received Import Request.
  Time since last request: 0.000037 seconds.
  path: Assets/Characters/2/2.fbm/Std_Nails_Normal.png
  artifactKey: Guid(7d51b10101ae9e44c8f4bfdec757858d) Importer(2089858483,b0f066a214c2f5e87bad3c948f4d605d)
Start importing Assets/Characters/2/2.fbm/Std_Nails_Normal.png using Guid(7d51b10101ae9e44c8f4bfdec757858d) Importer(2089858483,b0f066a214c2f5e87bad3c948f4d605d) (ScriptedImporter) -> (artifact id: '0304b1a9b7b8f28173c631d3feb49009') in 0.007456292 seconds
Number of updated asset objects reloaded before import = 0Number of asset objects unloaded after import = 1

========================================================================
Received Import Request.
  Time since last request: 0.000036 seconds.
  path: Assets/Characters/2/2.fbm/Hair_Transparency_1_Diffuse.png
  artifactKey: Guid(d189ef6c228da194e9982b3d82950eea) Importer(2089858483,b0f066a214c2f5e87bad3c948f4d605d)
Start importing Assets/Characters/2/2.fbm/Hair_Transparency_1_Diffuse.png using Guid(d189ef6c228da194e9982b3d82950eea) Importer(2089858483,b0f066a214c2f5e87bad3c948f4d605d) (ScriptedImporter) -> (artifact id: '99b3b7c1c45fe071351cfd671ff55fa4') in 0.006693833 seconds
Number of updated asset objects reloaded before import = 0Number of asset objects unloaded after import = 1

========================================================================
Received Import Request.
  Time since last request: 0.000119 seconds.
  path: Assets/Characters/2/2.fbm/Std_Tearline_L_Diffuse.png
  artifactKey: Guid(a23d728a547158b4da2669ffbcf88105) Importer(2089858483,b0f066a214c2f5e87bad3c948f4d605d)
Start importing Assets/Characters/2/2.fbm/Std_Tearline_L_Diffuse.png using Guid(a23d728a547158b4da2669ffbcf88105) Importer(2089858483,b0f066a214c2f5e87bad3c948f4d605d) (ScriptedImporter) -> (artifact id: 'b0093312d461583ef6e19d81b206405d') in 0.004034875 seconds
Number of updated asset objects reloaded before import = 0Number of asset objects unloaded after import = 1

========================================================================
Received Import Request.
  Time since last request: 0.000044 seconds.
  path: Assets/Characters/2/2.fbm/Std_Eye_Occlusion_L_Diffuse.png
  artifactKey: Guid(f8a089dcf10e5aa4c8cb6b6c868b32e9) Importer(2089858483,b0f066a214c2f5e87bad3c948f4d605d)
Start importing Assets/Characters/2/2.fbm/Std_Eye_Occlusion_L_Diffuse.png using Guid(f8a089dcf10e5aa4c8cb6b6c868b32e9) Importer(2089858483,b0f066a214c2f5e87bad3c948f4d605d) (ScriptedImporter) -> (artifact id: '18687fe6fb72d3f9f91db489e66089d3') in 0.003594833 seconds
Number of updated asset objects reloaded before import = 0Number of asset objects unloaded after import = 1

========================================================================
Received Import Request.
  Time since last request: 0.000049 seconds.
  path: Assets/Characters/2/2.fbm/Std_Eye_R_Normal.png
  artifactKey: Guid(295daf53110729d4f8080699d9377c9e) Importer(2089858483,b0f066a214c2f5e87bad3c948f4d605d)
Start importing Assets/Characters/2/2.fbm/Std_Eye_R_Normal.png using Guid(295daf53110729d4f8080699d9377c9e) Importer(2089858483,b0f066a214c2f5e87bad3c948f4d605d) (ScriptedImporter) -> (artifact id: '96fe45a98ecf7c1be174e35a441eb841') in 0.00412125 seconds
Number of updated asset objects reloaded before import = 0Number of asset objects unloaded after import = 1

========================================================================
Received Import Request.
  Time since last request: 0.000025 seconds.
  path: Assets/Characters/2/2.fbm/Scalp_Transparency_Diffuse.png
  artifactKey: Guid(809e773502ed22a4285a814627ce54fc) Importer(2089858483,b0f066a214c2f5e87bad3c948f4d605d)
Start importing Assets/Characters/2/2.fbm/Scalp_Transparency_Diffuse.png using Guid(809e773502ed22a4285a814627ce54fc) Importer(2089858483,b0f066a214c2f5e87bad3c948f4d605d) (ScriptedImporter) -> (artifact id: '62b768250796a495656d92b10ce49445') in 0.005142083 seconds
Number of updated asset objects reloaded before import = 0Number of asset objects unloaded after import = 1

========================================================================
Received Import Request.
  Time since last request: 0.000044 seconds.
  path: Assets/Characters/2/2.fbm/Std_Eye_L_Diffuse.jpg
  artifactKey: Guid(0e5fbda4a4a494a419e70861b440a004) Importer(2089858483,b0f066a214c2f5e87bad3c948f4d605d)
Start importing Assets/Characters/2/2.fbm/Std_Eye_L_Diffuse.jpg using Guid(0e5fbda4a4a494a419e70861b440a004) Importer(2089858483,b0f066a214c2f5e87bad3c948f4d605d) (ScriptedImporter) -> (artifact id: '31f7cd2a99d0d555a64c019a89d7e513') in 0.004702958 seconds
Number of updated asset objects reloaded before import = 0Number of asset objects unloaded after import = 1

========================================================================
Received Import Request.
  Time since last request: 0.000037 seconds.
  path: Assets/Characters/2/2.fbm/Std_Skin_Leg_Normal.png
  artifactKey: Guid(67655ad89ad56a24d9bcbbf29cf39144) Importer(2089858483,b0f066a214c2f5e87bad3c948f4d605d)
Start importing Assets/Characters/2/2.fbm/Std_Skin_Leg_Normal.png using Guid(67655ad89ad56a24d9bcbbf29cf39144) Importer(2089858483,b0f066a214c2f5e87bad3c948f4d605d) (ScriptedImporter) -> (artifact id: '507ed6c22048a69913f0022c9af321ef') in 0.00696925 seconds
Number of updated asset objects reloaded before import = 0Number of asset objects unloaded after import = 1

========================================================================
Received Import Request.
  Time since last request: 0.000045 seconds.
  path: Assets/Characters/2/2.fbm/Std_Eye_L_Normal.png
  artifactKey: Guid(dc75f1f9a1f1b264b848d832e14398fb) Importer(2089858483,b0f066a214c2f5e87bad3c948f4d605d)
Start importing Assets/Characters/2/2.fbm/Std_Eye_L_Normal.png using Guid(dc75f1f9a1f1b264b848d832e14398fb) Importer(2089858483,b0f066a214c2f5e87bad3c948f4d605d) (ScriptedImporter) -> (artifact id: '0be2b9176c52ea8ba195c48621deae26') in 0.007927416 seconds
Number of updated asset objects reloaded before import = 0Number of asset objects unloaded after import = 1

========================================================================
Received Import Request.
  Time since last request: 0.000027 seconds.
  path: Assets/Characters/2/2.fbm/Std_Skin_Body_Diffuse.png
  artifactKey: Guid(2bf1a772026139f4082353c248b52882) Importer(2089858483,b0f066a214c2f5e87bad3c948f4d605d)
Start importing Assets/Characters/2/2.fbm/Std_Skin_Body_Diffuse.png using Guid(2bf1a772026139f4082353c248b52882) Importer(2089858483,b0f066a214c2f5e87bad3c948f4d605d) (ScriptedImporter) -> (artifact id: '17f9bf922da6eaceba7885ffbede2f62') in 0.005601 seconds
Number of updated asset objects reloaded before import = 0Number of asset objects unloaded after import = 1

========================================================================
Received Import Request.
  Time since last request: 0.000037 seconds.
  path: Assets/Characters/cc4-female/materials/Std_Eye_R.mat
  artifactKey: Guid(a230fbe937e9c4a058a68b31a8851e4a) Importer(2089858483,b0f066a214c2f5e87bad3c948f4d605d)
Start importing Assets/Characters/cc4-female/materials/Std_Eye_R.mat using Guid(a230fbe937e9c4a058a68b31a8851e4a) Importer(2089858483,b0f066a214c2f5e87bad3c948f4d605d) (ScriptedImporter) -> (artifact id: '38f9cb216fdbaf8fb0dba3c686adbace') in 0.002372958 seconds
Number of updated asset objects reloaded before import = 0Number of asset objects unloaded after import = 1

========================================================================
Received Import Request.
  Time since last request: 0.000056 seconds.
  path: Assets/Characters/2/2.fbm/Std_Eyelash_Diffuse.png
  artifactKey: Guid(924c636accbafb044b8c912f9cc4d1b4) Importer(2089858483,b0f066a214c2f5e87bad3c948f4d605d)
Start importing Assets/Characters/2/2.fbm/Std_Eyelash_Diffuse.png using Guid(924c636accbafb044b8c912f9cc4d1b4) Importer(2089858483,b0f066a214c2f5e87bad3c948f4d605d) (ScriptedImporter) -> (artifact id: '11ea40deb0ef81b06e2576b9fca4f703') in 0.008871833 seconds
Number of updated asset objects reloaded before import = 0Number of asset objects unloaded after import = 1

========================================================================
Received Import Request.
  Time since last request: 0.000040 seconds.
  path: Assets/Characters/cc4-female/materials/Scalp_Transparency.mat
  artifactKey: Guid(2709d299b610a4abc95276590ff880c0) Importer(2089858483,b0f066a214c2f5e87bad3c948f4d605d)
Start importing Assets/Characters/cc4-female/materials/Scalp_Transparency.mat using Guid(2709d299b610a4abc95276590ff880c0) Importer(2089858483,b0f066a214c2f5e87bad3c948f4d605d) (ScriptedImporter) -> (artifact id: '6e0a9bc12a663b2f4ed8392bddf12a30') in 0.003714625 seconds
Number of updated asset objects reloaded before import = 0Number of asset objects unloaded after import = 1

========================================================================
Received Import Request.
  Time since last request: 0.000025 seconds.
  path: Assets/Characters/cc4-female/materials/Rolled_sleeves_shirt.mat
  artifactKey: Guid(789d6c91595f440499f3fe178bd12919) Importer(2089858483,b0f066a214c2f5e87bad3c948f4d605d)
Start importing Assets/Characters/cc4-female/materials/Rolled_sleeves_shirt.mat using Guid(789d6c91595f440499f3fe178bd12919) Importer(2089858483,b0f066a214c2f5e87bad3c948f4d605d) (ScriptedImporter) -> (artifact id: 'fb541f78c91a79fdebadd873a183f741') in 0.005158584 seconds
Number of updated asset objects reloaded before import = 0Number of asset objects unloaded after import = 1

========================================================================
Received Import Request.
  Time since last request: 0.000028 seconds.
  path: Assets/Resources/OCC-GPT-4o/admiration2.json
  artifactKey: Guid(d6bef802ff6954087b8590ebaf442a90) Importer(2089858483,b0f066a214c2f5e87bad3c948f4d605d)
Start importing Assets/Resources/OCC-GPT-4o/admiration2.json using Guid(d6bef802ff6954087b8590ebaf442a90) Importer(2089858483,b0f066a214c2f5e87bad3c948f4d605d) (ScriptedImporter) -> (artifact id: '360abc19133cacd7a957a5b4a4bd7efe') in 0.002348083 seconds
Number of updated asset objects reloaded before import = 0Number of asset objects unloaded after import = 1

========================================================================
Received Import Request.
  Time since last request: 0.000032 seconds.
  path: Assets/Resources/Clusters-22/cluster-aveface-19.json
  artifactKey: Guid(51f43e77c7ffb9b4d9993748c07d7f90) Importer(2089858483,b0f066a214c2f5e87bad3c948f4d605d)
Start importing Assets/Resources/Clusters-22/cluster-aveface-19.json using Guid(51f43e77c7ffb9b4d9993748c07d7f90) Importer(2089858483,b0f066a214c2f5e87bad3c948f4d605d) (ScriptedImporter) -> (artifact id: 'fc609630b39dca450c09866aa699db1a') in 0.003145292 seconds
Number of updated asset objects reloaded before import = 0Number of asset objects unloaded after import = 1

========================================================================
Received Import Request.
  Time since last request: 0.000029 seconds.
  path: Assets/Characters/cc4-female/materials/Std_Skin_Body.mat
  artifactKey: Guid(e7cb45ff8318b41ab9d2fd76a709273c) Importer(2089858483,b0f066a214c2f5e87bad3c948f4d605d)
Start importing Assets/Characters/cc4-female/materials/Std_Skin_Body.mat using Guid(e7cb45ff8318b41ab9d2fd76a709273c) Importer(2089858483,b0f066a214c2f5e87bad3c948f4d605d) (ScriptedImporter) -> (artifact id: 'd62d4ab6e35e399b21fa396d81c8a998') in 0.002771666 seconds
Number of updated asset objects reloaded before import = 0Number of asset objects unloaded after import = 1

========================================================================
Received Import Request.
  Time since last request: 0.000067 seconds.
  path: Assets/Characters/cc4-female/materials/Std_Tearline_L.mat
  artifactKey: Guid(07e23acf6a7c24b7baab0dce8af6a34e) Importer(2089858483,b0f066a214c2f5e87bad3c948f4d605d)
Start importing Assets/Characters/cc4-female/materials/Std_Tearline_L.mat using Guid(07e23acf6a7c24b7baab0dce8af6a34e) Importer(2089858483,b0f066a214c2f5e87bad3c948f4d605d) (ScriptedImporter) -> (artifact id: 'c5e30f77f749528ed4db3c908109154d') in 0.002263666 seconds
Number of updated asset objects reloaded before import = 0Number of asset objects unloaded after import = 1

========================================================================
Received Import Request.
  Time since last request: 0.000055 seconds.
  path: Assets/Characters/cc4-female/textures/Female_Brow_Base_Transparency_Opacity.png
  artifactKey: Guid(1fc7368a60e054355ac59ba2f15153a2) Importer(2089858483,b0f066a214c2f5e87bad3c948f4d605d)
Start importing Assets/Characters/cc4-female/textures/Female_Brow_Base_Transparency_Opacity.png using Guid(1fc7368a60e054355ac59ba2f15153a2) Importer(2089858483,b0f066a214c2f5e87bad3c948f4d605d) (ScriptedImporter) -> (artifact id: 'e5647bdbca6717a44bbc6030953ea7dd') in 0.006426042 seconds
Number of updated asset objects reloaded before import = 0Number of asset objects unloaded after import = 1

========================================================================
Received Import Request.
  Time since last request: 0.000036 seconds.
  path: Assets/Characters/cc4-female/materials/Std_Skin_Arm.mat
  artifactKey: Guid(d7005979c070f472d951713cb3e24250) Importer(2089858483,b0f066a214c2f5e87bad3c948f4d605d)
Start importing Assets/Characters/cc4-female/materials/Std_Skin_Arm.mat using Guid(d7005979c070f472d951713cb3e24250) Importer(2089858483,b0f066a214c2f5e87bad3c948f4d605d) (ScriptedImporter) -> (artifact id: '6a8922fa24b84167b7f7ccd86f701a69') in 0.002826125 seconds
Number of updated asset objects reloaded before import = 0Number of asset objects unloaded after import = 1

========================================================================
Received Import Request.
  Time since last request: 0.000038 seconds.
  path: Assets/Characters/cc4-female/materials/Std_Upper_Teeth.mat
  artifactKey: Guid(482df7a7d0c3e4404a901a029aed6862) Importer(2089858483,b0f066a214c2f5e87bad3c948f4d605d)
Start importing Assets/Characters/cc4-female/materials/Std_Upper_Teeth.mat using Guid(482df7a7d0c3e4404a901a029aed6862) Importer(2089858483,b0f066a214c2f5e87bad3c948f4d605d) (ScriptedImporter) -> (artifact id: '310d16bb468b15985f0abadba67f4bde') in 0.002659 seconds
Number of updated asset objects reloaded before import = 0Number of asset objects unloaded after import = 1

========================================================================
Received Import Request.
  Time since last request: 0.000035 seconds.
  path: Assets/HDRPDefaultResources/SkinDiffusionProfile.asset
  artifactKey: Guid(94be9bb8210b8c34881ee2caedf56ee8) Importer(2089858483,b0f066a214c2f5e87bad3c948f4d605d)
Start importing Assets/HDRPDefaultResources/SkinDiffusionProfile.asset using Guid(94be9bb8210b8c34881ee2caedf56ee8) Importer(2089858483,b0f066a214c2f5e87bad3c948f4d605d) (ScriptedImporter) -> (artifact id: 'e433fa71199196cf9b146bad7be140fd') in 0.005332542 seconds
Number of updated asset objects reloaded before import = 0Number of asset objects unloaded after import = 1

========================================================================
Received Import Request.
  Time since last request: 0.000054 seconds.
  path: Assets/Idle.anim
  artifactKey: Guid(144523525f7cd4ce29aa8598c161dc8c) Importer(2089858483,b0f066a214c2f5e87bad3c948f4d605d)
Start importing Assets/Idle.anim using Guid(144523525f7cd4ce29aa8598c161dc8c) Importer(2089858483,b0f066a214c2f5e87bad3c948f4d605d) (ScriptedImporter) -> (artifact id: 'ce0ebc09cab333e46f7187bd8cc66d9d') in 0.039447458 seconds
Number of updated asset objects reloaded before import = 0Number of asset objects unloaded after import = 1

========================================================================
Received Import Request.
  Time since last request: 0.000062 seconds.
  path: Assets/Characters/2/2_ImportInfo.txt
  artifactKey: Guid(c94a9553034e3454e93c79ebd692387f) Importer(2089858483,b0f066a214c2f5e87bad3c948f4d605d)
Start importing Assets/Characters/2/2_ImportInfo.txt using Guid(c94a9553034e3454e93c79ebd692387f) Importer(2089858483,b0f066a214c2f5e87bad3c948f4d605d) (ScriptedImporter) -> (artifact id: '6cbede7729e8a3a633b83f773eb2d3f1') in 0.00197975 seconds
Number of updated asset objects reloaded before import = 0Number of asset objects unloaded after import = 1

========================================================================
Received Import Request.
  Time since last request: 0.000036 seconds.
  path: Assets/Characters/cc4-female/textures/Rolled_sleeves_shirt_Diffuse.jpg
  artifactKey: Guid(ed98489a53ce14b34bb33228ecf9405b) Importer(2089858483,b0f066a214c2f5e87bad3c948f4d605d)
Start importing Assets/Characters/cc4-female/textures/Rolled_sleeves_shirt_Diffuse.jpg using Guid(ed98489a53ce14b34bb33228ecf9405b) Importer(2089858483,b0f066a214c2f5e87bad3c948f4d605d) (ScriptedImporter) -> (artifact id: 'c9a6cc9e0ae40a752ce857b5da701362') in 0.005568083 seconds
Number of updated asset objects reloaded before import = 0Number of asset objects unloaded after import = 1

========================================================================
Received Import Request.
  Time since last request: 0.000070 seconds.
  path: Assets/Resources/Clusters-22/cluster-aveface-10.json
  artifactKey: Guid(9affe175e16e57d449802afc04094024) Importer(2089858483,b0f066a214c2f5e87bad3c948f4d605d)
Start importing Assets/Resources/Clusters-22/cluster-aveface-10.json using Guid(9affe175e16e57d449802afc04094024) Importer(2089858483,b0f066a214c2f5e87bad3c948f4d605d) (ScriptedImporter) -> (artifact id: '6f965f2493ff751351fe9d3e87a73a40') in 0.002532542 seconds
Number of updated asset objects reloaded before import = 0Number of asset objects unloaded after import = 1

========================================================================
Received Import Request.
  Time since last request: 0.000035 seconds.
  path: Assets/Resources/Ground-Truth-Examples/wfdis.json
  artifactKey: Guid(c49a018b4c8cf0241ac079a1fb66aacb) Importer(2089858483,b0f066a214c2f5e87bad3c948f4d605d)
Start importing Assets/Resources/Ground-Truth-Examples/wfdis.json using Guid(c49a018b4c8cf0241ac079a1fb66aacb) Importer(2089858483,b0f066a214c2f5e87bad3c948f4d605d) (ScriptedImporter) -> (artifact id: 'e3dce2e2ed6b8e6dac1790e97fa3ff6b') in 0.001931375 seconds
Number of updated asset objects reloaded before import = 0Number of asset objects unloaded after import = 1

========================================================================
Received Import Request.
  Time since last request: 0.000038 seconds.
  path: Assets/Resources/Clusters-6/cluster-aveface-0.json
  artifactKey: Guid(4a762c72664029641ba91602f584c912) Importer(2089858483,b0f066a214c2f5e87bad3c948f4d605d)
Start importing Assets/Resources/Clusters-6/cluster-aveface-0.json using Guid(4a762c72664029641ba91602f584c912) Importer(2089858483,b0f066a214c2f5e87bad3c948f4d605d) (ScriptedImporter) -> (artifact id: '8b89216299bba886c31a4a62eebb3d52') in 0.002078625 seconds
Number of updated asset objects reloaded before import = 0Number of asset objects unloaded after import = 1

========================================================================
Received Import Request.
  Time since last request: 0.000040 seconds.
  path: Assets/Resources/OCC-GPT-4o/reproach1.json
  artifactKey: Guid(aeef3921a3f404ae0a1ddcebf6d51c5b) Importer(2089858483,b0f066a214c2f5e87bad3c948f4d605d)
Start importing Assets/Resources/OCC-GPT-4o/reproach1.json using Guid(aeef3921a3f404ae0a1ddcebf6d51c5b) Importer(2089858483,b0f066a214c2f5e87bad3c948f4d605d) (ScriptedImporter) -> (artifact id: 'dbc818be5ff692df720b408fa5ee001e') in 0.00206175 seconds
Number of updated asset objects reloaded before import = 0Number of asset objects unloaded after import = 1

========================================================================
Received Import Request.
  Time since last request: 0.000041 seconds.
  path: Assets/Resources/Ground-Truth-Examples/ampr1-nahile-v2.json
  artifactKey: Guid(b531c99a40bfed84582133b0356a09e6) Importer(2089858483,b0f066a214c2f5e87bad3c948f4d605d)
Start importing Assets/Resources/Ground-Truth-Examples/ampr1-nahile-v2.json using Guid(b531c99a40bfed84582133b0356a09e6) Importer(2089858483,b0f066a214c2f5e87bad3c948f4d605d) (ScriptedImporter) -> (artifact id: '39c050fd35f86f8b72b30aef9e14601c') in 0.001961458 seconds
Number of updated asset objects reloaded before import = 0Number of asset objects unloaded after import = 1

========================================================================
Received Import Request.
  Time since last request: 0.000030 seconds.
  path: Assets/Resources/Ground-Truth-Examples/wffear1.json
  artifactKey: Guid(3b27b9e9baf959a43a748ebf9ce25154) Importer(2089858483,b0f066a214c2f5e87bad3c948f4d605d)
Start importing Assets/Resources/Ground-Truth-Examples/wffear1.json using Guid(3b27b9e9baf959a43a748ebf9ce25154) Importer(2089858483,b0f066a214c2f5e87bad3c948f4d605d) (ScriptedImporter) -> (artifact id: '08cbc0ecd36cb4cb105a926037df3afb') in 0.002047334 seconds
Number of updated asset objects reloaded before import = 0Number of asset objects unloaded after import = 1

========================================================================
Received Import Request.
  Time since last request: 0.000036 seconds.
  path: Assets/Resources/OCC-GPT-4o/resentment4.json
  artifactKey: Guid(82489409308174fa3a529052781e7fe4) Importer(2089858483,b0f066a214c2f5e87bad3c948f4d605d)
Start importing Assets/Resources/OCC-GPT-4o/resentment4.json using Guid(82489409308174fa3a529052781e7fe4) Importer(2089858483,b0f066a214c2f5e87bad3c948f4d605d) (ScriptedImporter) -> (artifact id: 'e115f5947460ec6ef43a314f3aadc4ea') in 0.001897583 seconds
Number of updated asset objects reloaded before import = 0Number of asset objects unloaded after import = 1

========================================================================
Received Import Request.
  Time since last request: 0.000067 seconds.
  path: Assets/Resources/Ground-Truth-Examples/afsur.json
  artifactKey: Guid(3097aae550d7ca84d8a3fd687ea27cef) Importer(2089858483,b0f066a214c2f5e87bad3c948f4d605d)
Start importing Assets/Resources/Ground-Truth-Examples/afsur.json using Guid(3097aae550d7ca84d8a3fd687ea27cef) Importer(2089858483,b0f066a214c2f5e87bad3c948f4d605d) (ScriptedImporter) -> (artifact id: '76ea29480fb33f794c9e372fd9cc8432') in 0.002117666 seconds
Number of updated asset objects reloaded before import = 0Number of asset objects unloaded after import = 1

========================================================================
Received Import Request.
  Time since last request: 0.000059 seconds.
  path: Assets/Characters/cc4-female/textures/Std_Eye_R_Normal.jpg
  artifactKey: Guid(e0aba2d4d6172434bb2e44816aba061c) Importer(2089858483,b0f066a214c2f5e87bad3c948f4d605d)
Start importing Assets/Characters/cc4-female/textures/Std_Eye_R_Normal.jpg using Guid(e0aba2d4d6172434bb2e44816aba061c) Importer(2089858483,b0f066a214c2f5e87bad3c948f4d605d) (ScriptedImporter) -> (artifact id: 'd728f054a312ed80539ec6a4ac4d257b') in 0.005572541 seconds
Number of updated asset objects reloaded before import = 0Number of asset objects unloaded after import = 1

========================================================================
Received Import Request.
  Time since last request: 0.000037 seconds.
  path: Assets/Characters/cc4-female/textures/Std_Nails_Normal.jpg
  artifactKey: Guid(3ab52f65ac65b4758a70b498205ac391) Importer(2089858483,b0f066a214c2f5e87bad3c948f4d605d)
Start importing Assets/Characters/cc4-female/textures/Std_Nails_Normal.jpg using Guid(3ab52f65ac65b4758a70b498205ac391) Importer(2089858483,b0f066a214c2f5e87bad3c948f4d605d) (ScriptedImporter) -> (artifact id: 'f407c5bd17c83700ac517c1d9aaa2500') in 0.00519725 seconds
Number of updated asset objects reloaded before import = 0Number of asset objects unloaded after import = 1

========================================================================
Received Import Request.
  Time since last request: 0.000043 seconds.
  path: Assets/Characters/cc4-female/textures/Std_Eyelash_Diffuse.jpg
  artifactKey: Guid(03aea91f9402442b09bf0b8f6dab2d3a) Importer(2089858483,b0f066a214c2f5e87bad3c948f4d605d)
Start importing Assets/Characters/cc4-female/textures/Std_Eyelash_Diffuse.jpg using Guid(03aea91f9402442b09bf0b8f6dab2d3a) Importer(2089858483,b0f066a214c2f5e87bad3c948f4d605d) (ScriptedImporter) -> (artifact id: '612025413f6377f20fb587cbbf4c0b6f') in 0.005528792 seconds
Number of updated asset objects reloaded before import = 0Number of asset objects unloaded after import = 1

========================================================================
Received Import Request.
  Time since last request: 0.000039 seconds.
  path: Assets/Characters/cc4-female/textures/Std_Lower_Teeth_Normal.jpg
  artifactKey: Guid(e121698e12c8b4f7a9968090766c9ceb) Importer(2089858483,b0f066a214c2f5e87bad3c948f4d605d)
Start importing Assets/Characters/cc4-female/textures/Std_Lower_Teeth_Normal.jpg using Guid(e121698e12c8b4f7a9968090766c9ceb) Importer(2089858483,b0f066a214c2f5e87bad3c948f4d605d) (ScriptedImporter) -> (artifact id: '2425c40e779d76515adde40622eb94c5') in 0.006819792 seconds
Number of updated asset objects reloaded before import = 0Number of asset objects unloaded after import = 1

========================================================================
Received Import Request.
  Time since last request: 0.000084 seconds.
  path: Assets/Characters/cc4-female/textures/Std_Skin_Arm_Normal.jpg
  artifactKey: Guid(bcd8b5b114a64423890a2430da84b936) Importer(2089858483,b0f066a214c2f5e87bad3c948f4d605d)
Start importing Assets/Characters/cc4-female/textures/Std_Skin_Arm_Normal.jpg using Guid(bcd8b5b114a64423890a2430da84b936) Importer(2089858483,b0f066a214c2f5e87bad3c948f4d605d) (ScriptedImporter) -> (artifact id: 'ca397fd17a3b669702c8a8e421103961') in 0.007203333 seconds
Number of updated asset objects reloaded before import = 0Number of asset objects unloaded after import = 1

========================================================================
Received Import Request.
  Time since last request: 0.000039 seconds.
  path: Assets/Characters/cc4-female/textures/Female_Brow_Transparency_Diffuse.png
  artifactKey: Guid(33699224b776f47288b51b31d4690c79) Importer(2089858483,b0f066a214c2f5e87bad3c948f4d605d)
Start importing Assets/Characters/cc4-female/textures/Female_Brow_Transparency_Diffuse.png using Guid(33699224b776f47288b51b31d4690c79) Importer(2089858483,b0f066a214c2f5e87bad3c948f4d605d) (ScriptedImporter) -> (artifact id: '86449130df04ec0ad7dc749069b7b40a') in 0.007046042 seconds
Number of updated asset objects reloaded before import = 0Number of asset objects unloaded after import = 1

========================================================================
Received Import Request.
  Time since last request: 0.000029 seconds.
  path: Assets/Gizmos/FACS_ControlPanel/drawing_AU5.png
  artifactKey: Guid(317c69db08ee0a142974d129cd5c8b68) Importer(2089858483,b0f066a214c2f5e87bad3c948f4d605d)
Start importing Assets/Gizmos/FACS_ControlPanel/drawing_AU5.png using Guid(317c69db08ee0a142974d129cd5c8b68) Importer(2089858483,b0f066a214c2f5e87bad3c948f4d605d) (ScriptedImporter) -> (artifact id: 'b87e26d6e04e2844ca8c8b91da449c7b') in 0.004621791 seconds
Number of updated asset objects reloaded before import = 0Number of asset objects unloaded after import = 3

========================================================================
Received Import Request.
  Time since last request: 0.000122 seconds.
  path: Assets/Gizmos/FACS_ControlPanel/drawing_AU9.png
  artifactKey: Guid(b1f6daf8b5828e648b9906abc7347a2b) Importer(2089858483,b0f066a214c2f5e87bad3c948f4d605d)
Start importing Assets/Gizmos/FACS_ControlPanel/drawing_AU9.png using Guid(b1f6daf8b5828e648b9906abc7347a2b) Importer(2089858483,b0f066a214c2f5e87bad3c948f4d605d) (ScriptedImporter) -> (artifact id: '0fd74e4d1e8762759bfb73714107d101') in 0.004642667 seconds
Number of updated asset objects reloaded before import = 0Number of asset objects unloaded after import = 3

========================================================================
Received Import Request.
  Time since last request: 0.000039 seconds.
  path: Assets/Characters/cc4-female/textures/Std_Tongue_Diffuse.jpg
  artifactKey: Guid(2d9186509704148a1b2cb4e599a7f318) Importer(2089858483,b0f066a214c2f5e87bad3c948f4d605d)
Start importing Assets/Characters/cc4-female/textures/Std_Tongue_Diffuse.jpg using Guid(2d9186509704148a1b2cb4e599a7f318) Importer(2089858483,b0f066a214c2f5e87bad3c948f4d605d) (ScriptedImporter) -> (artifact id: '125309056656035bf98a872d26916a22') in 0.009241875 seconds
Number of updated asset objects reloaded before import = 0Number of asset objects unloaded after import = 1

========================================================================
Received Import Request.
  Time since last request: 0.000052 seconds.
  path: Assets/Characters/cc4-female/textures/Std_Upper_Teeth_Diffuse.jpg
  artifactKey: Guid(0a24ee0791b98473b88af900bed105d2) Importer(2089858483,b0f066a214c2f5e87bad3c948f4d605d)
Start importing Assets/Characters/cc4-female/textures/Std_Upper_Teeth_Diffuse.jpg using Guid(0a24ee0791b98473b88af900bed105d2) Importer(2089858483,b0f066a214c2f5e87bad3c948f4d605d) (ScriptedImporter) -> (artifact id: '477809fb2ab0f1b25758bd8188a4fd6a') in 0.005577125 seconds
Number of updated asset objects reloaded before import = 0Number of asset objects unloaded after import = 1

========================================================================
Received Import Request.
  Time since last request: 0.000032 seconds.
  path: Assets/Characters/cc4-female/textures/Std_Eyelash_Opacity.jpg
  artifactKey: Guid(288998ba58263418283c13de09bc4fc6) Importer(2089858483,b0f066a214c2f5e87bad3c948f4d605d)
Start importing Assets/Characters/cc4-female/textures/Std_Eyelash_Opacity.jpg using Guid(288998ba58263418283c13de09bc4fc6) Importer(2089858483,b0f066a214c2f5e87bad3c948f4d605d) (ScriptedImporter) -> (artifact id: '7cd72a743f1792a7a2f521d155898a56') in 0.007931208 seconds
Number of updated asset objects reloaded before import = 0Number of asset objects unloaded after import = 1

========================================================================
Received Import Request.
  Time since last request: 0.000054 seconds.
  path: Assets/Resources/OCC-GPT-4o/reproach2.json
  artifactKey: Guid(a7148210f510b44c5b7dc37e69d1d36b) Importer(2089858483,b0f066a214c2f5e87bad3c948f4d605d)
Start importing Assets/Resources/OCC-GPT-4o/reproach2.json using Guid(a7148210f510b44c5b7dc37e69d1d36b) Importer(2089858483,b0f066a214c2f5e87bad3c948f4d605d) (ScriptedImporter) -> (artifact id: '6684a7f8e04e952c1dcbc705d6d30596') in 0.002081791 seconds
Number of updated asset objects reloaded before import = 0Number of asset objects unloaded after import = 1

========================================================================
Received Import Request.
  Time since last request: 0.000034 seconds.
  path: Assets/Gizmos/FACS_ControlPanel/drawing_AU15.png
  artifactKey: Guid(6f24ba6ebac2a07448c5f7bae1d472f5) Importer(2089858483,b0f066a214c2f5e87bad3c948f4d605d)
Start importing Assets/Gizmos/FACS_ControlPanel/drawing_AU15.png using Guid(6f24ba6ebac2a07448c5f7bae1d472f5) Importer(2089858483,b0f066a214c2f5e87bad3c948f4d605d) (ScriptedImporter) -> (artifact id: 'd0f11ea12780950d47485506ec12d33a') in 0.004247375 seconds
Number of updated asset objects reloaded before import = 0Number of asset objects unloaded after import = 3

========================================================================
Received Import Request.
  Time since last request: 0.000035 seconds.
  path: Assets/Scenes/Main.unity
  artifactKey: Guid(647029cd076b54efc95309376270baf9) Importer(815301076,1909f56bfc062723c751e8b465ee728b)
Start importing Assets/Scenes/Main.unity using Guid(647029cd076b54efc95309376270baf9) Importer(815301076,1909f56bfc062723c751e8b465ee728b) (PreviewImporter) -> (artifact id: 'b1eac3d4ea760afd7c4e7215f907c2eb') in 0.000941583 seconds
Number of updated asset objects reloaded before import = 0Number of asset objects unloaded after import = 0

========================================================================
Received Import Request.
  Time since last request: 0.000069 seconds.
  path: Assets/Resources/OCC-GPT-4o/fearsConfirmed5.json
  artifactKey: Guid(6e018c03eef674c14a4d14dfe553c690) Importer(2089858483,b0f066a214c2f5e87bad3c948f4d605d)
Start importing Assets/Resources/OCC-GPT-4o/fearsConfirmed5.json using Guid(6e018c03eef674c14a4d14dfe553c690) Importer(2089858483,b0f066a214c2f5e87bad3c948f4d605d) (ScriptedImporter) -> (artifact id: '47f1275eff58ea090372b1f131ddace3') in 0.00285575 seconds
Number of updated asset objects reloaded before import = 0Number of asset objects unloaded after import = 1

========================================================================
Received Import Request.
  Time since last request: 0.000031 seconds.
  path: Assets/Characters/cc4-female/textures/Std_Tearline_R_Diffuse.jpg
  artifactKey: Guid(74350b03305784914ae3c36037020c6f) Importer(2089858483,b0f066a214c2f5e87bad3c948f4d605d)
Start importing Assets/Characters/cc4-female/textures/Std_Tearline_R_Diffuse.jpg using Guid(74350b03305784914ae3c36037020c6f) Importer(2089858483,b0f066a214c2f5e87bad3c948f4d605d) (ScriptedImporter) -> (artifact id: 'c3cbbda89bf2d39f93957fe9c8f889cc') in 0.005473333 seconds
Number of updated asset objects reloaded before import = 0Number of asset objects unloaded after import = 1

========================================================================
Received Import Request.
  Time since last request: 0.000041 seconds.
  path: Assets/Characters/cc4-female/textures/Std_Skin_Leg_Diffuse.jpg
  artifactKey: Guid(7263a60c20a3f4360ab54d7bed51c66b) Importer(2089858483,b0f066a214c2f5e87bad3c948f4d605d)
Start importing Assets/Characters/cc4-female/textures/Std_Skin_Leg_Diffuse.jpg using Guid(7263a60c20a3f4360ab54d7bed51c66b) Importer(2089858483,b0f066a214c2f5e87bad3c948f4d605d) (ScriptedImporter) -> (artifact id: 'a4aa1bf950f71a3d3e20ea1f0c7000b4') in 0.005872708 seconds
Number of updated asset objects reloaded before import = 0Number of asset objects unloaded after import = 1

========================================================================
Received Import Request.
  Time since last request: 0.000123 seconds.
  path: Assets/Reallusion/CCiC Unity Tools/Textures/RL_GameBaseMulti_Arm_Transmission.png
  artifactKey: Guid(5e86db9598ef3e74cb80b70958f47293) Importer(2089858483,b0f066a214c2f5e87bad3c948f4d605d)
Start importing Assets/Reallusion/CCiC Unity Tools/Textures/RL_GameBaseMulti_Arm_Transmission.png using Guid(5e86db9598ef3e74cb80b70958f47293) Importer(2089858483,b0f066a214c2f5e87bad3c948f4d605d) (ScriptedImporter) -> (artifact id: '02875c1e4cfcfae07731ddf0435b5c88') in 0.004004958 seconds
Number of updated asset objects reloaded before import = 0Number of asset objects unloaded after import = 1

========================================================================
Received Import Request.
  Time since last request: 0.000030 seconds.
  path: Assets/Reallusion/CCiC Unity Tools/Textures/RL_GameBaseMulti_Body_Thickness.png
  artifactKey: Guid(7e3bba854aed4e8439eaca0042580e14) Importer(2089858483,b0f066a214c2f5e87bad3c948f4d605d)
Start importing Assets/Reallusion/CCiC Unity Tools/Textures/RL_GameBaseMulti_Body_Thickness.png using Guid(7e3bba854aed4e8439eaca0042580e14) Importer(2089858483,b0f066a214c2f5e87bad3c948f4d605d) (ScriptedImporter) -> (artifact id: '4e1bafdd45a54f4ff1ea4567a99fc822') in 0.00453625 seconds
Number of updated asset objects reloaded before import = 0Number of asset objects unloaded after import = 1

========================================================================
Received Import Request.
  Time since last request: 0.000033 seconds.
  path: Assets/Reallusion/CCiC Unity Tools/Textures/RL_RoughnessToSmoothness.png
  artifactKey: Guid(bc1252fead182e847ab4ce24c9b29553) Importer(2089858483,b0f066a214c2f5e87bad3c948f4d605d)
Start importing Assets/Reallusion/CCiC Unity Tools/Textures/RL_RoughnessToSmoothness.png using Guid(bc1252fead182e847ab4ce24c9b29553) Importer(2089858483,b0f066a214c2f5e87bad3c948f4d605d) (ScriptedImporter) -> (artifact id: '26e8356cfbaa071ac95aa683627445cd') in 0.004121333 seconds
Number of updated asset objects reloaded before import = 0Number of asset objects unloaded after import = 1

========================================================================
Received Import Request.
  Time since last request: 0.230489 seconds.
  path: Assets/Reallusion/CCiC Unity Tools/Textures/RL_WrinkleMask_Set1A.png
  artifactKey: Guid(4f58cb93c013e59488863ac348237355) Importer(2089858483,b0f066a214c2f5e87bad3c948f4d605d)
Start importing Assets/Reallusion/CCiC Unity Tools/Textures/RL_WrinkleMask_Set1A.png using Guid(4f58cb93c013e59488863ac348237355) Importer(2089858483,b0f066a214c2f5e87bad3c948f4d605d) (ScriptedImporter) -> (artifact id: 'c6f3714128db5349890366b1881ac1da') in 0.00405125 seconds
Number of updated asset objects reloaded before import = 1Number of asset objects unloaded after import = 1

========================================================================
Received Import Request.
  Time since last request: 0.000030 seconds.
  path: Assets/Reallusion/CCiC Unity Tools/Textures/RL_WrinkleMask_Set1B.png
  artifactKey: Guid(e56acaa506c01db4e912564a65eff007) Importer(2089858483,b0f066a214c2f5e87bad3c948f4d605d)
Start importing Assets/Reallusion/CCiC Unity Tools/Textures/RL_WrinkleMask_Set1B.png using Guid(e56acaa506c01db4e912564a65eff007) Importer(2089858483,b0f066a214c2f5e87bad3c948f4d605d) (ScriptedImporter) -> (artifact id: '9af76a04555a4fed04dfda7bd6d7ca35') in 0.004368583 seconds
Number of updated asset objects reloaded before import = 0Number of asset objects unloaded after import = 1

========================================================================
Received Import Request.
  Time since last request: 0.000024 seconds.
  path: Assets/Reallusion/CCiC Unity Tools/Textures/RL_WrinkleMask_Set3.png
  artifactKey: Guid(58c20b71f3ae7d44188826e3f92f6e93) Importer(2089858483,b0f066a214c2f5e87bad3c948f4d605d)
Start importing Assets/Reallusion/CCiC Unity Tools/Textures/RL_WrinkleMask_Set3.png using Guid(58c20b71f3ae7d44188826e3f92f6e93) Importer(2089858483,b0f066a214c2f5e87bad3c948f4d605d) (ScriptedImporter) -> (artifact id: '0f99ac65fc97facdf6622e7d93a1ca89') in 0.003724541 seconds
Number of updated asset objects reloaded before import = 0Number of asset objects unloaded after import = 1

========================================================================
Received Import Request.
  Time since last request: 0.000033 seconds.
  path: Assets/Resources/Ground-Truth-Examples/anger/afang.json
  artifactKey: Guid(04941ed4485346540a9312887ea0e0e8) Importer(2089858483,b0f066a214c2f5e87bad3c948f4d605d)
Start importing Assets/Resources/Ground-Truth-Examples/anger/afang.json using Guid(04941ed4485346540a9312887ea0e0e8) Importer(2089858483,b0f066a214c2f5e87bad3c948f4d605d) (ScriptedImporter) -> (artifact id: 'f4413dd9a590725a5d3d9faf013ede1a') in 0.001480625 seconds
Number of updated asset objects reloaded before import = 0Number of asset objects unloaded after import = 1

========================================================================
Received Import Request.
  Time since last request: 0.264411 seconds.
  path: Assets/Resources/Ground-Truth-Examples/disgust/afdisgust-2.json
  artifactKey: Guid(a3afa5148b84bc449877f9284338039d) Importer(2089858483,b0f066a214c2f5e87bad3c948f4d605d)
Start importing Assets/Resources/Ground-Truth-Examples/disgust/afdisgust-2.json using Guid(a3afa5148b84bc449877f9284338039d) Importer(2089858483,b0f066a214c2f5e87bad3c948f4d605d) (ScriptedImporter) -> (artifact id: '49f2a666c95b0875c1ad846f7fa88db6') in 0.001426458 seconds
Number of updated asset objects reloaded before import = 0Number of asset objects unloaded after import = 1

========================================================================
Received Import Request.
  Time since last request: 0.000036 seconds.
  path: Assets/Resources/Ground-Truth-Examples/disgust/amdis1.json
  artifactKey: Guid(948e0055bb2d8f741b1d3c1785acad68) Importer(2089858483,b0f066a214c2f5e87bad3c948f4d605d)
Start importing Assets/Resources/Ground-Truth-Examples/disgust/amdis1.json using Guid(948e0055bb2d8f741b1d3c1785acad68) Importer(2089858483,b0f066a214c2f5e87bad3c948f4d605d) (ScriptedImporter) -> (artifact id: 'e59c3a165cde71633614bc78c36735ad') in 0.001314125 seconds
Number of updated asset objects reloaded before import = 0Number of asset objects unloaded after import = 1

========================================================================
Received Import Request.
  Time since last request: 0.000027 seconds.
  path: Assets/Resources/Ground-Truth-Examples/fear/amfear1.json
  artifactKey: Guid(9517d6234d43b284e88eb87f81765b0c) Importer(2089858483,b0f066a214c2f5e87bad3c948f4d605d)
Start importing Assets/Resources/Ground-Truth-Examples/fear/amfear1.json using Guid(9517d6234d43b284e88eb87f81765b0c) Importer(2089858483,b0f066a214c2f5e87bad3c948f4d605d) (ScriptedImporter) -> (artifact id: '5f70150203077cbd8ae90523d9015fe3') in 0.001372125 seconds
Number of updated asset objects reloaded before import = 0Number of asset objects unloaded after import = 1

========================================================================
Received Import Request.
  Time since last request: 0.000035 seconds.
  path: Assets/Resources/Ground-Truth-Examples/fear/wffear1.json
  artifactKey: Guid(7eabe202415feec4cbb8941adce75bc0) Importer(2089858483,b0f066a214c2f5e87bad3c948f4d605d)
Start importing Assets/Resources/Ground-Truth-Examples/fear/wffear1.json using Guid(7eabe202415feec4cbb8941adce75bc0) Importer(2089858483,b0f066a214c2f5e87bad3c948f4d605d) (ScriptedImporter) -> (artifact id: 'ab2d502dd143af9e8af06c084a55e168') in 0.00124225 seconds
Number of updated asset objects reloaded before import = 0Number of asset objects unloaded after import = 1

========================================================================
Received Import Request.
  Time since last request: 1.259337 seconds.
  path: Assets/Resources/Ground-Truth-Examples/happiness/afhap.json
  artifactKey: Guid(0b3a40c7da24b0f4a8c40f669b51c700) Importer(2089858483,b0f066a214c2f5e87bad3c948f4d605d)
Start importing Assets/Resources/Ground-Truth-Examples/happiness/afhap.json using Guid(0b3a40c7da24b0f4a8c40f669b51c700) Importer(2089858483,b0f066a214c2f5e87bad3c948f4d605d) (ScriptedImporter) -> (artifact id: '5d8bcd4b88cf02b873599339c2c5c438') in 0.001936667 seconds
Number of updated asset objects reloaded before import = 0Number of asset objects unloaded after import = 1

========================================================================
Received Import Request.
  Time since last request: 0.000038 seconds.
  path: Assets/Resources/Ground-Truth-Examples/happiness/wmjoy.json
  artifactKey: Guid(6b5634a97352d5d42bb7870913d2ec4f) Importer(2089858483,b0f066a214c2f5e87bad3c948f4d605d)
Start importing Assets/Resources/Ground-Truth-Examples/happiness/wmjoy.json using Guid(6b5634a97352d5d42bb7870913d2ec4f) Importer(2089858483,b0f066a214c2f5e87bad3c948f4d605d) (ScriptedImporter) -> (artifact id: 'f5bdc89f1d67a6d9f9726031f7bff50c') in 0.002398541 seconds
Number of updated asset objects reloaded before import = 0Number of asset objects unloaded after import = 1

========================================================================
Received Import Request.
  Time since last request: 0.000030 seconds.
  path: Assets/Resources/Ground-Truth-Examples/pride/afpr2-highres.json
  artifactKey: Guid(e4b802fc07c4a55478e23130e2307bea) Importer(2089858483,b0f066a214c2f5e87bad3c948f4d605d)
Start importing Assets/Resources/Ground-Truth-Examples/pride/afpr2-highres.json using Guid(e4b802fc07c4a55478e23130e2307bea) Importer(2089858483,b0f066a214c2f5e87bad3c948f4d605d) (ScriptedImporter) -> (artifact id: 'd606555d08d4d3b43fd8e54b7bcf7843') in 0.001253292 seconds
Number of updated asset objects reloaded before import = 0Number of asset objects unloaded after import = 1

========================================================================
Received Import Request.
  Time since last request: 0.000033 seconds.
  path: Assets/Resources/Ground-Truth-Examples/happiness/amhap2.json
  artifactKey: Guid(e1aaa3570655fcf4e8459c1f8757a3c5) Importer(2089858483,b0f066a214c2f5e87bad3c948f4d605d)
Start importing Assets/Resources/Ground-Truth-Examples/happiness/amhap2.json using Guid(e1aaa3570655fcf4e8459c1f8757a3c5) Importer(2089858483,b0f066a214c2f5e87bad3c948f4d605d) (ScriptedImporter) -> (artifact id: 'b8fc8fdcdfd012621e47295448c8f520') in 0.001506916 seconds
Number of updated asset objects reloaded before import = 0Number of asset objects unloaded after import = 1

========================================================================
Received Import Request.
  Time since last request: 0.242106 seconds.
  path: Assets/Resources/Ground-Truth-Examples/pride/wfpr1.json
  artifactKey: Guid(fa963c6afe12c0d45b584fcb3ef380f5) Importer(2089858483,b0f066a214c2f5e87bad3c948f4d605d)
Start importing Assets/Resources/Ground-Truth-Examples/pride/wfpr1.json using Guid(fa963c6afe12c0d45b584fcb3ef380f5) Importer(2089858483,b0f066a214c2f5e87bad3c948f4d605d) (ScriptedImporter) -> (artifact id: '05f274f81beaf034a89a58bdf5b1076f') in 0.001170083 seconds
Number of updated asset objects reloaded before import = 0Number of asset objects unloaded after import = 1

========================================================================
Received Import Request.
  Time since last request: 0.000072 seconds.
  path: Assets/Resources/Ground-Truth-Examples/sadness/afsad.json
  artifactKey: Guid(17cf6a7e3d5e1344b84c54003bc2d389) Importer(2089858483,b0f066a214c2f5e87bad3c948f4d605d)
Start importing Assets/Resources/Ground-Truth-Examples/sadness/afsad.json using Guid(17cf6a7e3d5e1344b84c54003bc2d389) Importer(2089858483,b0f066a214c2f5e87bad3c948f4d605d) (ScriptedImporter) -> (artifact id: 'ca10279e9df32c027f7473dac127b907') in 0.001903042 seconds
Number of updated asset objects reloaded before import = 0Number of asset objects unloaded after import = 1

========================================================================
Received Import Request.
  Time since last request: 0.000028 seconds.
  path: Assets/Resources/Ground-Truth-Examples/pride/wmpr2.json
  artifactKey: Guid(d4dc54d64da62cd48b6ebf9c7bb030a6) Importer(2089858483,b0f066a214c2f5e87bad3c948f4d605d)
Start importing Assets/Resources/Ground-Truth-Examples/pride/wmpr2.json using Guid(d4dc54d64da62cd48b6ebf9c7bb030a6) Importer(2089858483,b0f066a214c2f5e87bad3c948f4d605d) (ScriptedImporter) -> (artifact id: 'a9e04e88ff99a3fe7f9ab85f3438c13a') in 0.001320958 seconds
Number of updated asset objects reloaded before import = 0Number of asset objects unloaded after import = 1

========================================================================
Received Import Request.
  Time since last request: 0.000034 seconds.
  path: Assets/Resources/Ground-Truth-Examples/sadness/wfsad.json
  artifactKey: Guid(edb7c29ad580c1f4992b9a131a579efc) Importer(2089858483,b0f066a214c2f5e87bad3c948f4d605d)
Start importing Assets/Resources/Ground-Truth-Examples/sadness/wfsad.json using Guid(edb7c29ad580c1f4992b9a131a579efc) Importer(2089858483,b0f066a214c2f5e87bad3c948f4d605d) (ScriptedImporter) -> (artifact id: '616d9905c99330a2685ac6910e8d5061') in 0.001373792 seconds
Number of updated asset objects reloaded before import = 0Number of asset objects unloaded after import = 1

========================================================================
Received Import Request.
  Time since last request: 0.244414 seconds.
  path: Assets/Resources/Ground-Truth-Examples/shame/amshame2-v2-cropped.json
  artifactKey: Guid(b84d48fc973d12b46b9585ff7559ed9a) Importer(2089858483,b0f066a214c2f5e87bad3c948f4d605d)
Start importing Assets/Resources/Ground-Truth-Examples/shame/amshame2-v2-cropped.json using Guid(b84d48fc973d12b46b9585ff7559ed9a) Importer(2089858483,b0f066a214c2f5e87bad3c948f4d605d) (ScriptedImporter) -> (artifact id: '558e61144e81ea13544fe9b7bce04f08') in 0.00130875 seconds
Number of updated asset objects reloaded before import = 0Number of asset objects unloaded after import = 1

========================================================================
Received Import Request.
  Time since last request: 0.000038 seconds.
  path: Assets/Resources/Ground-Truth-Examples/surprise/wfsur.json
  artifactKey: Guid(512bae1acc74cd142ba8d9660a1ddd61) Importer(2089858483,b0f066a214c2f5e87bad3c948f4d605d)
Start importing Assets/Resources/Ground-Truth-Examples/surprise/wfsur.json using Guid(512bae1acc74cd142ba8d9660a1ddd61) Importer(2089858483,b0f066a214c2f5e87bad3c948f4d605d) (ScriptedImporter) -> (artifact id: '184e8abd38cecab0d06b2334d85fa106') in 0.001232416 seconds
Number of updated asset objects reloaded before import = 0Number of asset objects unloaded after import = 1

========================================================================
Received Import Request.
  Time since last request: 0.000026 seconds.
  path: Assets/Resources/Ground-Truth-Examples/surprise/afsur.json
  artifactKey: Guid(384706dc9444ea648aeb9e0eed6376ed) Importer(2089858483,b0f066a214c2f5e87bad3c948f4d605d)
Start importing Assets/Resources/Ground-Truth-Examples/surprise/afsur.json using Guid(384706dc9444ea648aeb9e0eed6376ed) Importer(2089858483,b0f066a214c2f5e87bad3c948f4d605d) (ScriptedImporter) -> (artifact id: '259342a93757cd2e4aff4579c9e3f1eb') in 0.001498583 seconds
Number of updated asset objects reloaded before import = 0Number of asset objects unloaded after import = 1

========================================================================
Received Import Request.
  Time since last request: 0.000035 seconds.
  path: Assets/Resources/Ground-Truth-Examples/shame/wfshame2.json
  artifactKey: Guid(3d0387e505dfa8640a9d3b38b05a028e) Importer(2089858483,b0f066a214c2f5e87bad3c948f4d605d)
Start importing Assets/Resources/Ground-Truth-Examples/shame/wfshame2.json using Guid(3d0387e505dfa8640a9d3b38b05a028e) Importer(2089858483,b0f066a214c2f5e87bad3c948f4d605d) (ScriptedImporter) -> (artifact id: '897bd254e98e323b888550c0d3d95397') in 0.001386667 seconds
Number of updated asset objects reloaded before import = 0Number of asset objects unloaded after import = 1

========================================================================
Received Import Request.
  Time since last request: 0.246666 seconds.
  path: Assets/TextMesh Pro/Resources/Fonts & Materials/LiberationSans SDF - Fallback.asset
  artifactKey: Guid(2e498d1c8094910479dc3e1b768306a4) Importer(2089858483,b0f066a214c2f5e87bad3c948f4d605d)
Start importing Assets/TextMesh Pro/Resources/Fonts & Materials/LiberationSans SDF - Fallback.asset using Guid(2e498d1c8094910479dc3e1b768306a4) Importer(2089858483,b0f066a214c2f5e87bad3c948f4d605d) (ScriptedImporter) -> (artifact id: 'a3d163969d2e7b9e129440155442db43') in 0.009197958 seconds
Number of updated asset objects reloaded before import = 0Number of asset objects unloaded after import = 5

========================================================================
Received Import Request.
  Time since last request: 0.000037 seconds.
  path: Assets/TextMesh Pro/Resources/Fonts & Materials/LiberationSans SDF.asset
  artifactKey: Guid(8f586378b4e144a9851e7b34d9b748ee) Importer(2089858483,b0f066a214c2f5e87bad3c948f4d605d)
Start importing Assets/TextMesh Pro/Resources/Fonts & Materials/LiberationSans SDF.asset using Guid(8f586378b4e144a9851e7b34d9b748ee) Importer(2089858483,b0f066a214c2f5e87bad3c948f4d605d) (ScriptedImporter) -> (artifact id: '01719e86dee949f45b50abd974a76aaf') in 0.018841291 seconds
Number of updated asset objects reloaded before import = 0Number of asset objects unloaded after import = 8

========================================================================
Received Import Request.
  Time since last request: 0.000050 seconds.
  path: Assets/TextMesh Pro/Resources/Style Sheets/Default Style Sheet.asset
  artifactKey: Guid(f952c082cb03451daed3ee968ac6c63e) Importer(2089858483,b0f066a214c2f5e87bad3c948f4d605d)
Start importing Assets/TextMesh Pro/Resources/Style Sheets/Default Style Sheet.asset using Guid(f952c082cb03451daed3ee968ac6c63e) Importer(2089858483,b0f066a214c2f5e87bad3c948f4d605d) (ScriptedImporter) -> (artifact id: '275aae0cfcfcd977ded78c0985c94958') in 0.002587584 seconds
Number of updated asset objects reloaded before import = 0Number of asset objects unloaded after import = 1

========================================================================
Received Import Request.
  Time since last request: 0.000097 seconds.
  path: Assets/Characters/2/Materials/2/Basic_T_shirts.mat
  artifactKey: Guid(779fb5c0b74f3de439d619fca938c815) Importer(2089858483,b0f066a214c2f5e87bad3c948f4d605d)
Start importing Assets/Characters/2/Materials/2/Basic_T_shirts.mat using Guid(779fb5c0b74f3de439d619fca938c815) Importer(2089858483,b0f066a214c2f5e87bad3c948f4d605d) (ScriptedImporter) -> (artifact id: 'a8a94f0f1e661196c58588ee7fff6d7b') in 0.018246208 seconds
Number of updated asset objects reloaded before import = 0Number of asset objects unloaded after import = 5

========================================================================
Received Import Request.
  Time since last request: 0.205912 seconds.
  path: Assets/HDRPDefaultResources/DefaultLookDevProfile 1.asset
  artifactKey: Guid(bb772e491f81b44efafb2118a757ce9c) Importer(2089858483,b0f066a214c2f5e87bad3c948f4d605d)
Start importing Assets/HDRPDefaultResources/DefaultLookDevProfile 1.asset using Guid(bb772e491f81b44efafb2118a757ce9c) Importer(2089858483,b0f066a214c2f5e87bad3c948f4d605d) (ScriptedImporter) -> (artifact id: 'd94687504450f4804576fd87cbde6e1e') in 0.003154875 seconds
Number of updated asset objects reloaded before import = 0Number of asset objects unloaded after import = 5

========================================================================
Received Import Request.
  Time since last request: 0.000036 seconds.
  path: Assets/Characters/2/Materials/2/Hair_Transparency_1.mat
  artifactKey: Guid(fb0e4ce520c7ad34cb8f9089169cd7b9) Importer(2089858483,b0f066a214c2f5e87bad3c948f4d605d)
Start importing Assets/Characters/2/Materials/2/Hair_Transparency_1.mat using Guid(fb0e4ce520c7ad34cb8f9089169cd7b9) Importer(2089858483,b0f066a214c2f5e87bad3c948f4d605d) (ScriptedImporter) -> (artifact id: '0addc25350ad188995bc4d6f1a58bca7') in 0.024708625 seconds
Number of updated asset objects reloaded before import = 0Number of asset objects unloaded after import = 7

========================================================================
Received Import Request.
  Time since last request: 0.000027 seconds.
  path: Assets/Characters/2/Materials/2/Hair_Transparency_0_1st_Pass.mat
  artifactKey: Guid(43b6400adf8630d459272952070b7520) Importer(2089858483,b0f066a214c2f5e87bad3c948f4d605d)
Start importing Assets/Characters/2/Materials/2/Hair_Transparency_0_1st_Pass.mat using Guid(43b6400adf8630d459272952070b7520) Importer(2089858483,b0f066a214c2f5e87bad3c948f4d605d) (ScriptedImporter) -> (artifact id: '9bb0b6cd364de4a6ca93d32459009ca3') in 0.015733834 seconds
Number of updated asset objects reloaded before import = 0Number of asset objects unloaded after import = 8

========================================================================
Received Import Request.
  Time since last request: 0.000091 seconds.
  path: Assets/Characters/2/Materials/2/Hair_Transparency_1st_Pass.mat
  artifactKey: Guid(5289950fe76a92847a35d29d0d756991) Importer(2089858483,b0f066a214c2f5e87bad3c948f4d605d)
Start importing Assets/Characters/2/Materials/2/Hair_Transparency_1st_Pass.mat using Guid(5289950fe76a92847a35d29d0d756991) Importer(2089858483,b0f066a214c2f5e87bad3c948f4d605d) (ScriptedImporter) -> (artifact id: 'b43c74b468dd97f8bd42e21eda372fba') in 0.017824834 seconds
Number of updated asset objects reloaded before import = 0Number of asset objects unloaded after import = 8

========================================================================
Received Import Request.
  Time since last request: 0.000038 seconds.
  path: Assets/Resources/Clusters-22/cluster-aveface-2.json
  artifactKey: Guid(b4eda98020d15b748a827eca2993f5cb) Importer(2089858483,b0f066a214c2f5e87bad3c948f4d605d)
Start importing Assets/Resources/Clusters-22/cluster-aveface-2.json using Guid(b4eda98020d15b748a827eca2993f5cb) Importer(2089858483,b0f066a214c2f5e87bad3c948f4d605d) (ScriptedImporter) -> (artifact id: '6e5edef3dd7a7c39d4dac561fa815db9') in 0.001960625 seconds
Number of updated asset objects reloaded before import = 0Number of asset objects unloaded after import = 1

========================================================================
Received Import Request.
  Time since last request: 0.000079 seconds.
  path: Assets/prefabs/FACS_ControlPanel.prefab
  artifactKey: Guid(aee60605dde75b345a31a7edb2f9d86d) Importer(2089858483,b0f066a214c2f5e87bad3c948f4d605d)
Start importing Assets/prefabs/FACS_ControlPanel.prefab using Guid(aee60605dde75b345a31a7edb2f9d86d) Importer(2089858483,b0f066a214c2f5e87bad3c948f4d605d) (ScriptedImporter) -> (artifact id: '1b70aa4b0bb99393bac8ed20918c5fd7') in 0.036160833 seconds
Number of updated asset objects reloaded before import = 0Number of asset objects unloaded after import = 347

========================================================================
Received Import Request.
  Time since last request: 0.000028 seconds.
  path: Assets/Scripts/Face/FACS_Visualizer_2D.cs
  artifactKey: Guid(f9e6074a1727c45489d48636338e64e6) Importer(2089858483,b0f066a214c2f5e87bad3c948f4d605d)
Start importing Assets/Scripts/Face/FACS_Visualizer_2D.cs using Guid(f9e6074a1727c45489d48636338e64e6) Importer(2089858483,b0f066a214c2f5e87bad3c948f4d605d) (ScriptedImporter) -> (artifact id: 'e8ef4f1cae6baf5d0ff3314d97ac7caf') in 0.003194208 seconds
Number of updated asset objects reloaded before import = 0Number of asset objects unloaded after import = 0

========================================================================
Received Import Request.
  Time since last request: 0.000029 seconds.
  path: Assets/Characters/2/Materials/2/Std_Eye_L.mat
  artifactKey: Guid(1dc6216fac7b2074891c8a159d6a5bb4) Importer(2089858483,b0f066a214c2f5e87bad3c948f4d605d)
Start importing Assets/Characters/2/Materials/2/Std_Eye_L.mat using Guid(1dc6216fac7b2074891c8a159d6a5bb4) Importer(2089858483,b0f066a214c2f5e87bad3c948f4d605d) (ScriptedImporter) -> (artifact id: '64d0c19c656fbe59ac20693a39b2848e') in 0.007508875 seconds
Number of updated asset objects reloaded before import = 0Number of asset objects unloaded after import = 1

========================================================================
Received Import Request.
  Time since last request: 0.000029 seconds.
  path: Assets/Characters/2/Materials/2/Hair_Transparency_2.mat
  artifactKey: Guid(c6506ac3cdf3d2348babb328c831ea8a) Importer(2089858483,b0f066a214c2f5e87bad3c948f4d605d)
Start importing Assets/Characters/2/Materials/2/Hair_Transparency_2.mat using Guid(c6506ac3cdf3d2348babb328c831ea8a) Importer(2089858483,b0f066a214c2f5e87bad3c948f4d605d) (ScriptedImporter) -> (artifact id: '38a0481aa4ae2acde077fe136856dd60') in 0.018054875 seconds
Number of updated asset objects reloaded before import = 0Number of asset objects unloaded after import = 6

========================================================================
Received Import Request.
  Time since last request: 0.300310 seconds.
  path: Assets/Resources/Clusters-6/cluster-aveface-5.json
  artifactKey: Guid(51d1e97e0dec981438063bdd2e08ea04) Importer(2089858483,b0f066a214c2f5e87bad3c948f4d605d)
Start importing Assets/Resources/Clusters-6/cluster-aveface-5.json using Guid(51d1e97e0dec981438063bdd2e08ea04) Importer(2089858483,b0f066a214c2f5e87bad3c948f4d605d) (ScriptedImporter) -> (artifact id: 'abe55211acb6ea035c67e6f9593e20d0') in 0.001652459 seconds
Number of updated asset objects reloaded before import = 0Number of asset objects unloaded after import = 1

========================================================================
Received Import Request.
  Time since last request: 0.000039 seconds.
  path: Assets/Characters/2/Materials/2/Std_Tearline_L.mat
  artifactKey: Guid(1b9e94be49d25c148a6badb43f25133f) Importer(2089858483,b0f066a214c2f5e87bad3c948f4d605d)
Start importing Assets/Characters/2/Materials/2/Std_Tearline_L.mat using Guid(1b9e94be49d25c148a6badb43f25133f) Importer(2089858483,b0f066a214c2f5e87bad3c948f4d605d) (ScriptedImporter) -> (artifact id: 'a1254321414411fe9175ce14d975f4ea') in 0.008712958 seconds
Number of updated asset objects reloaded before import = 0Number of asset objects unloaded after import = 1

========================================================================
Received Import Request.
  Time since last request: 0.000036 seconds.
  path: Assets/Characters/2/Materials/2/Std_Skin_Arm.mat
  artifactKey: Guid(1e738c023d534d643964c0a9b3fceb15) Importer(2089858483,b0f066a214c2f5e87bad3c948f4d605d)
Start importing Assets/Characters/2/Materials/2/Std_Skin_Arm.mat using Guid(1e738c023d534d643964c0a9b3fceb15) Importer(2089858483,b0f066a214c2f5e87bad3c948f4d605d) (ScriptedImporter) -> (artifact id: 'ed41f228d6d1fd20688c99b102fa2a32') in 0.026342959 seconds
Number of updated asset objects reloaded before import = 0Number of asset objects unloaded after import = 8

========================================================================
Received Import Request.
  Time since last request: 0.000031 seconds.
  path: Assets/Characters/2/Materials/2/Std_Nails.mat
  artifactKey: Guid(ebdae308731e2f243a3b59e1b4e7ec09) Importer(2089858483,b0f066a214c2f5e87bad3c948f4d605d)
Start importing Assets/Characters/2/Materials/2/Std_Nails.mat using Guid(ebdae308731e2f243a3b59e1b4e7ec09) Importer(2089858483,b0f066a214c2f5e87bad3c948f4d605d) (ScriptedImporter) -> (artifact id: 'b27aee818f77bf984f43f5e87b31bb88') in 0.011539208 seconds
Number of updated asset objects reloaded before import = 0Number of asset objects unloaded after import = 8

========================================================================
Received Import Request.
  Time since last request: 0.202638 seconds.
  path: Assets/Characters/2/Materials/2/Std_Tongue.mat
  artifactKey: Guid(5991aa3f79b39b44c9da211daa09177c) Importer(2089858483,b0f066a214c2f5e87bad3c948f4d605d)
Start importing Assets/Characters/2/Materials/2/Std_Tongue.mat using Guid(5991aa3f79b39b44c9da211daa09177c) Importer(2089858483,b0f066a214c2f5e87bad3c948f4d605d) (ScriptedImporter) -> (artifact id: '37e2cc4a5f7381e1098430d39196e1cb') in 0.009003917 seconds
Number of updated asset objects reloaded before import = 0Number of asset objects unloaded after import = 6

========================================================================
Received Import Request.
  Time since last request: 0.000033 seconds.
  path: Assets/Characters/cc4-female/source/20220916.fbm/Female_Brow_Transparency_Diffuse.png
  artifactKey: Guid(c8372141cb9d7452da52f5b4fb10f8f8) Importer(2089858483,b0f066a214c2f5e87bad3c948f4d605d)
Start importing Assets/Characters/cc4-female/source/20220916.fbm/Female_Brow_Transparency_Diffuse.png using Guid(c8372141cb9d7452da52f5b4fb10f8f8) Importer(2089858483,b0f066a214c2f5e87bad3c948f4d605d) (ScriptedImporter) -> (artifact id: '319d8aaf27ae685ce63bcb0e972f5455') in 0.006682583 seconds
Number of updated asset objects reloaded before import = 0Number of asset objects unloaded after import = 1

========================================================================
Received Import Request.
  Time since last request: 0.000035 seconds.
  path: Assets/Characters/2/Meshes/2/Hair_Base_Remaining.mesh
  artifactKey: Guid(5f7e3fb8836ccd5498bf11fef5a7e280) Importer(2089858483,b0f066a214c2f5e87bad3c948f4d605d)
Start importing Assets/Characters/2/Meshes/2/Hair_Base_Remaining.mesh using Guid(5f7e3fb8836ccd5498bf11fef5a7e280) Importer(2089858483,b0f066a214c2f5e87bad3c948f4d605d) (ScriptedImporter) -> (artifact id: 'ac623b9a61ef62b55f37f849f7368ada') in 0.003890209 seconds
Number of updated asset objects reloaded before import = 0Number of asset objects unloaded after import = 1

========================================================================
Received Import Request.
  Time since last request: 0.000027 seconds.
  path: Assets/Characters/2/Meshes/2/Hair_Base_ExtractedHairMesh0.mesh
  artifactKey: Guid(ec2727d05bb68cb43ac22c5ec2c07f7f) Importer(2089858483,b0f066a214c2f5e87bad3c948f4d605d)
Start importing Assets/Characters/2/Meshes/2/Hair_Base_ExtractedHairMesh0.mesh using Guid(ec2727d05bb68cb43ac22c5ec2c07f7f) Importer(2089858483,b0f066a214c2f5e87bad3c948f4d605d) (ScriptedImporter) -> (artifact id: 'da28b89da274c9d87a3636a46c37a1ab') in 0.009396833 seconds
Number of updated asset objects reloaded before import = 0Number of asset objects unloaded after import = 1

========================================================================
Received Import Request.
  Time since last request: 0.226569 seconds.
  path: Assets/Resources/Ground-Truth-Examples/wfjoy.json
  artifactKey: Guid(9ef3d9a12cccfe94090a586ba0433f41) Importer(2089858483,b0f066a214c2f5e87bad3c948f4d605d)
Start importing Assets/Resources/Ground-Truth-Examples/wfjoy.json using Guid(9ef3d9a12cccfe94090a586ba0433f41) Importer(2089858483,b0f066a214c2f5e87bad3c948f4d605d) (ScriptedImporter) -> (artifact id: 'ba26c519a314da076c710d93fc73483f') in 0.00158975 seconds
Number of updated asset objects reloaded before import = 0Number of asset objects unloaded after import = 1

========================================================================
Received Import Request.
  Time since last request: 0.000043 seconds.
  path: Assets/Characters/cc4-female/source/20220916.fbm/Hair_Transparency_Opacity.jpg
  artifactKey: Guid(8be5bd41c63a24310b2c12f04fe3d184) Importer(2089858483,b0f066a214c2f5e87bad3c948f4d605d)
Start importing Assets/Characters/cc4-female/source/20220916.fbm/Hair_Transparency_Opacity.jpg using Guid(8be5bd41c63a24310b2c12f04fe3d184) Importer(2089858483,b0f066a214c2f5e87bad3c948f4d605d) (ScriptedImporter) -> (artifact id: '26068de98cb26da1987558dd44dfa2e2') in 0.005198583 seconds
Number of updated asset objects reloaded before import = 0Number of asset objects unloaded after import = 1

========================================================================
Received Import Request.
  Time since last request: 0.000076 seconds.
  path: Assets/Characters/cc4-female/source/20220916.fbm/High_Heels_Opacity.jpg
  artifactKey: Guid(02e07d16664f04f789ebf3e26db471ba) Importer(2089858483,b0f066a214c2f5e87bad3c948f4d605d)
Start importing Assets/Characters/cc4-female/source/20220916.fbm/High_Heels_Opacity.jpg using Guid(02e07d16664f04f789ebf3e26db471ba) Importer(2089858483,b0f066a214c2f5e87bad3c948f4d605d) (ScriptedImporter) -> (artifact id: '38b06b3acaebee4ee118feea58bfcb02') in 0.005601834 seconds
Number of updated asset objects reloaded before import = 0Number of asset objects unloaded after import = 1

========================================================================
Received Import Request.
  Time since last request: 0.000028 seconds.
  path: Assets/Characters/cc4-female/source/20220916.fbm/High_Heels_Diffuse.jpg
  artifactKey: Guid(83d9a3d9b490f43e59958004bc1298c8) Importer(2089858483,b0f066a214c2f5e87bad3c948f4d605d)
Start importing Assets/Characters/cc4-female/source/20220916.fbm/High_Heels_Diffuse.jpg using Guid(83d9a3d9b490f43e59958004bc1298c8) Importer(2089858483,b0f066a214c2f5e87bad3c948f4d605d) (ScriptedImporter) -> (artifact id: '69f0fcc4ac37e276cfa2c1e8c34cca7c') in 0.006075625 seconds
Number of updated asset objects reloaded before import = 0Number of asset objects unloaded after import = 1

========================================================================
Received Import Request.
  Time since last request: 0.000036 seconds.
  path: Assets/Characters/2/2.fbm/Std_Eye_R_Diffuse.jpg
  artifactKey: Guid(64b16754c5de0b54c884272b429f3546) Importer(2089858483,b0f066a214c2f5e87bad3c948f4d605d)
Start importing Assets/Characters/2/2.fbm/Std_Eye_R_Diffuse.jpg using Guid(64b16754c5de0b54c884272b429f3546) Importer(2089858483,b0f066a214c2f5e87bad3c948f4d605d) (ScriptedImporter) -> (artifact id: 'd930efb72fc71ecaf104524753613158') in 0.004181833 seconds
Number of updated asset objects reloaded before import = 0Number of asset objects unloaded after import = 1

========================================================================
Received Import Request.
  Time since last request: 0.000036 seconds.
  path: Assets/Characters/2/2.fbm/Std_Cornea_L_Diffuse.jpg
  artifactKey: Guid(d061b7d7cd5475548a49adf727c74b8e) Importer(2089858483,b0f066a214c2f5e87bad3c948f4d605d)
Start importing Assets/Characters/2/2.fbm/Std_Cornea_L_Diffuse.jpg using Guid(d061b7d7cd5475548a49adf727c74b8e) Importer(2089858483,b0f066a214c2f5e87bad3c948f4d605d) (ScriptedImporter) -> (artifact id: '4d7bcca1078550f95758eb1caa3eabac') in 0.004682083 seconds
Number of updated asset objects reloaded before import = 0Number of asset objects unloaded after import = 1

========================================================================
Received Import Request.
  Time since last request: 0.000065 seconds.
  path: Assets/Characters/2/2.fbm/Std_Skin_Arm_Normal.png
  artifactKey: Guid(0d0dc066c6a669e40a6dc8d11c202632) Importer(2089858483,b0f066a214c2f5e87bad3c948f4d605d)
Start importing Assets/Characters/2/2.fbm/Std_Skin_Arm_Normal.png using Guid(0d0dc066c6a669e40a6dc8d11c202632) Importer(2089858483,b0f066a214c2f5e87bad3c948f4d605d) (ScriptedImporter) -> (artifact id: '129aecc8c22063da2f941fdedb1c90e6') in 0.004933375 seconds
Number of updated asset objects reloaded before import = 0Number of asset objects unloaded after import = 1

========================================================================
Received Import Request.
  Time since last request: 0.000030 seconds.
  path: Assets/Characters/2/2.fbm/Hair_Transparency_2_Diffuse.png
  artifactKey: Guid(812c9a7596b74384ab7ed49736d40e31) Importer(2089858483,b0f066a214c2f5e87bad3c948f4d605d)
Start importing Assets/Characters/2/2.fbm/Hair_Transparency_2_Diffuse.png using Guid(812c9a7596b74384ab7ed49736d40e31) Importer(2089858483,b0f066a214c2f5e87bad3c948f4d605d) (ScriptedImporter) -> (artifact id: 'd5fd800dc29af5ea2857306b4cd21481') in 0.004530834 seconds
Number of updated asset objects reloaded before import = 0Number of asset objects unloaded after import = 1

========================================================================
Received Import Request.
  Time since last request: 0.000037 seconds.
  path: Assets/Characters/cc4-female/source/20220916.fbm/Std_Eye_L_Normal.jpg
  artifactKey: Guid(88adfd73b5422464e8a9da69488d1ad9) Importer(2089858483,b0f066a214c2f5e87bad3c948f4d605d)
Start importing Assets/Characters/cc4-female/source/20220916.fbm/Std_Eye_L_Normal.jpg using Guid(88adfd73b5422464e8a9da69488d1ad9) Importer(2089858483,b0f066a214c2f5e87bad3c948f4d605d) (ScriptedImporter) -> (artifact id: 'dfebe0831f4bd125c3ac8c8d2b13a467') in 0.004367875 seconds
Number of updated asset objects reloaded before import = 0Number of asset objects unloaded after import = 1

========================================================================
Received Import Request.
  Time since last request: 0.000032 seconds.
  path: Assets/Characters/cc4-female/source/20220916.fbm/Std_Eye_L_Diffuse.jpg
  artifactKey: Guid(8ef168da616a043d2b3c780aaa07fea1) Importer(2089858483,b0f066a214c2f5e87bad3c948f4d605d)
Start importing Assets/Characters/cc4-female/source/20220916.fbm/Std_Eye_L_Diffuse.jpg using Guid(8ef168da616a043d2b3c780aaa07fea1) Importer(2089858483,b0f066a214c2f5e87bad3c948f4d605d) (ScriptedImporter) -> (artifact id: '11342023049e71b9fa075b5719d54066') in 0.006325833 seconds
Number of updated asset objects reloaded before import = 0Number of asset objects unloaded after import = 1

========================================================================
Received Import Request.
  Time since last request: 0.000034 seconds.
  path: Assets/Characters/cc4-female/source/20220916.fbm/High_Heels_Specular.jpg
  artifactKey: Guid(4a9dfdcd80465480b9f39c5774720acf) Importer(2089858483,b0f066a214c2f5e87bad3c948f4d605d)
Start importing Assets/Characters/cc4-female/source/20220916.fbm/High_Heels_Specular.jpg using Guid(4a9dfdcd80465480b9f39c5774720acf) Importer(2089858483,b0f066a214c2f5e87bad3c948f4d605d) (ScriptedImporter) -> (artifact id: '0220b540b39e79f4126b1861bb8bd681') in 0.005715458 seconds
Number of updated asset objects reloaded before import = 0Number of asset objects unloaded after import = 1

========================================================================
Received Import Request.
  Time since last request: 0.000048 seconds.
  path: Assets/Characters/cc4-female/source/20220916.fbm/Std_Eye_Occlusion_L_Opacity.jpg
  artifactKey: Guid(020c9a100412b47e295fa1601ecb7998) Importer(2089858483,b0f066a214c2f5e87bad3c948f4d605d)
Start importing Assets/Characters/cc4-female/source/20220916.fbm/Std_Eye_Occlusion_L_Opacity.jpg using Guid(020c9a100412b47e295fa1601ecb7998) Importer(2089858483,b0f066a214c2f5e87bad3c948f4d605d) (ScriptedImporter) -> (artifact id: 'f82d8e2ece40351e939ec16001348385') in 0.003509417 seconds
Number of updated asset objects reloaded before import = 0Number of asset objects unloaded after import = 1

========================================================================
Received Import Request.
  Time since last request: 0.000037 seconds.
  path: Assets/Characters/cc4-female/source/20220916.fbm/Rolled_sleeves_shirt_Normal.png
  artifactKey: Guid(0a45e0c795e794711acd2377070435f5) Importer(2089858483,b0f066a214c2f5e87bad3c948f4d605d)
Start importing Assets/Characters/cc4-female/source/20220916.fbm/Rolled_sleeves_shirt_Normal.png using Guid(0a45e0c795e794711acd2377070435f5) Importer(2089858483,b0f066a214c2f5e87bad3c948f4d605d) (ScriptedImporter) -> (artifact id: '1b2b95d41d6e81c2bdfcf00ff1776122') in 0.005587833 seconds
Number of updated asset objects reloaded before import = 0Number of asset objects unloaded after import = 1

========================================================================
Received Import Request.
  Time since last request: 0.000030 seconds.
  path: Assets/Characters/cc4-female/materials/Std_Eye_L.mat
  artifactKey: Guid(737a7dc2352da4dc19ff801c9f1436aa) Importer(2089858483,b0f066a214c2f5e87bad3c948f4d605d)
Start importing Assets/Characters/cc4-female/materials/Std_Eye_L.mat using Guid(737a7dc2352da4dc19ff801c9f1436aa) Importer(2089858483,b0f066a214c2f5e87bad3c948f4d605d) (ScriptedImporter) -> (artifact id: 'd9f384a0b10a6fd9e66cd6006a38bdaa') in 0.001736167 seconds
Number of updated asset objects reloaded before import = 0Number of asset objects unloaded after import = 1

========================================================================
Received Import Request.
  Time since last request: 0.000034 seconds.
  path: Assets/Characters/cc4-female/materials/Knee_length_skirt.mat
  artifactKey: Guid(1c31d590ebfbe4445807b86d67cb2417) Importer(2089858483,b0f066a214c2f5e87bad3c948f4d605d)
Start importing Assets/Characters/cc4-female/materials/Knee_length_skirt.mat using Guid(1c31d590ebfbe4445807b86d67cb2417) Importer(2089858483,b0f066a214c2f5e87bad3c948f4d605d) (ScriptedImporter) -> (artifact id: 'f147b6b55b463767eb7f27dfc7ecbb99') in 0.002177 seconds
Number of updated asset objects reloaded before import = 0Number of asset objects unloaded after import = 1

========================================================================
Received Import Request.
  Time since last request: 0.000035 seconds.
  path: Assets/Characters/cc4-female/materials/Female_Brow_Transparency.mat
  artifactKey: Guid(52536ea8fe96041fa83fa2ad77600170) Importer(2089858483,b0f066a214c2f5e87bad3c948f4d605d)
Start importing Assets/Characters/cc4-female/materials/Female_Brow_Transparency.mat using Guid(52536ea8fe96041fa83fa2ad77600170) Importer(2089858483,b0f066a214c2f5e87bad3c948f4d605d) (ScriptedImporter) -> (artifact id: 'a75930bb8c4372bf1436287049575868') in 0.001854584 seconds
Number of updated asset objects reloaded before import = 0Number of asset objects unloaded after import = 1

========================================================================
Received Import Request.
  Time since last request: 0.000065 seconds.
  path: Assets/Characters/cc4-female/source/20220916.fbm/Std_Skin_Head_Normal.jpg
  artifactKey: Guid(bdb46ef2e89724f468b1774418049f81) Importer(2089858483,b0f066a214c2f5e87bad3c948f4d605d)
Start importing Assets/Characters/cc4-female/source/20220916.fbm/Std_Skin_Head_Normal.jpg using Guid(bdb46ef2e89724f468b1774418049f81) Importer(2089858483,b0f066a214c2f5e87bad3c948f4d605d) (ScriptedImporter) -> (artifact id: '32b5110d56c05125399916843ffce648') in 0.004361125 seconds
Number of updated asset objects reloaded before import = 0Number of asset objects unloaded after import = 1

========================================================================
Received Import Request.
  Time since last request: 0.000071 seconds.
  path: Assets/Characters/cc4-female/source/20220916.fbm/Std_Skin_Leg_Diffuse.jpg
  artifactKey: Guid(d2995eda377a549a8b4ab4653a3437e1) Importer(2089858483,b0f066a214c2f5e87bad3c948f4d605d)
Start importing Assets/Characters/cc4-female/source/20220916.fbm/Std_Skin_Leg_Diffuse.jpg using Guid(d2995eda377a549a8b4ab4653a3437e1) Importer(2089858483,b0f066a214c2f5e87bad3c948f4d605d) (ScriptedImporter) -> (artifact id: '2489a1ae051d16ce573253d5d6796546') in 0.004345458 seconds
Number of updated asset objects reloaded before import = 0Number of asset objects unloaded after import = 1

========================================================================
Received Import Request.
  Time since last request: 0.000040 seconds.
  path: Assets/Characters/cc4-female/source/20220916.fbm/Std_Eyelash_Opacity.jpg
  artifactKey: Guid(52995b71c7f40491eb25b1d8e1bb2f50) Importer(2089858483,b0f066a214c2f5e87bad3c948f4d605d)
Start importing Assets/Characters/cc4-female/source/20220916.fbm/Std_Eyelash_Opacity.jpg using Guid(52995b71c7f40491eb25b1d8e1bb2f50) Importer(2089858483,b0f066a214c2f5e87bad3c948f4d605d) (ScriptedImporter) -> (artifact id: 'fd40c957108dd278689850cf42cd6974') in 0.005883292 seconds
Number of updated asset objects reloaded before import = 0Number of asset objects unloaded after import = 1

========================================================================
Received Import Request.
  Time since last request: 0.000036 seconds.
  path: Assets/Characters/cc4-female/source/20220916.fbm/Std_Lower_Teeth_Diffuse.jpg
  artifactKey: Guid(b211fe3ff536d487f9ed26319f0110a5) Importer(2089858483,b0f066a214c2f5e87bad3c948f4d605d)
Start importing Assets/Characters/cc4-female/source/20220916.fbm/Std_Lower_Teeth_Diffuse.jpg using Guid(b211fe3ff536d487f9ed26319f0110a5) Importer(2089858483,b0f066a214c2f5e87bad3c948f4d605d) (ScriptedImporter) -> (artifact id: 'a5b64ccde74b681def5e17a87bd3afa0') in 0.003713792 seconds
Number of updated asset objects reloaded before import = 0Number of asset objects unloaded after import = 1

========================================================================
Received Import Request.
  Time since last request: 0.000028 seconds.
  path: Assets/Characters/cc4-female/source/20220916.fbm/Std_Tearline_L_Diffuse.jpg
  artifactKey: Guid(a98255d3756454327883e9cc4c86e593) Importer(2089858483,b0f066a214c2f5e87bad3c948f4d605d)
Start importing Assets/Characters/cc4-female/source/20220916.fbm/Std_Tearline_L_Diffuse.jpg using Guid(a98255d3756454327883e9cc4c86e593) Importer(2089858483,b0f066a214c2f5e87bad3c948f4d605d) (ScriptedImporter) -> (artifact id: '0303508f0021f572b25e6f99cace4a6a') in 0.004287667 seconds
Number of updated asset objects reloaded before import = 0Number of asset objects unloaded after import = 1

========================================================================
Received Import Request.
  Time since last request: 0.000072 seconds.
  path: Assets/Characters/cc4-female/source/20220916.fbm/Std_Skin_Arm_Diffuse.jpg
  artifactKey: Guid(3a4f864461aae434f803f3b43d57c362) Importer(2089858483,b0f066a214c2f5e87bad3c948f4d605d)
Start importing Assets/Characters/cc4-female/source/20220916.fbm/Std_Skin_Arm_Diffuse.jpg using Guid(3a4f864461aae434f803f3b43d57c362) Importer(2089858483,b0f066a214c2f5e87bad3c948f4d605d) (ScriptedImporter) -> (artifact id: '5a13310da8dd05190c95c0fe540dc266') in 0.006175625 seconds
Number of updated asset objects reloaded before import = 0Number of asset objects unloaded after import = 1

========================================================================
Received Import Request.
  Time since last request: 0.000055 seconds.
  path: Assets/Characters/cc4-female/materials/Std_Lower_Teeth.mat
  artifactKey: Guid(f89801333d80140919e90f843fb3cde7) Importer(2089858483,b0f066a214c2f5e87bad3c948f4d605d)
Start importing Assets/Characters/cc4-female/materials/Std_Lower_Teeth.mat using Guid(f89801333d80140919e90f843fb3cde7) Importer(2089858483,b0f066a214c2f5e87bad3c948f4d605d) (ScriptedImporter) -> (artifact id: '4ccbfe4f379b924c27ce638bf61cca27') in 0.002012792 seconds
Number of updated asset objects reloaded before import = 0Number of asset objects unloaded after import = 1

========================================================================
Received Import Request.
  Time since last request: 0.000054 seconds.
  path: Assets/Characters/cc4-female/source/Materials/Female_Brow_Base_Transparency_Diffuse.mat
  artifactKey: Guid(3d85c8e47407a4101baa672beeae2b6b) Importer(2089858483,b0f066a214c2f5e87bad3c948f4d605d)
Start importing Assets/Characters/cc4-female/source/Materials/Female_Brow_Base_Transparency_Diffuse.mat using Guid(3d85c8e47407a4101baa672beeae2b6b) Importer(2089858483,b0f066a214c2f5e87bad3c948f4d605d) (ScriptedImporter) -> (artifact id: '2e15dfdd7dd5ae3ba602edd27208ad66') in 0.0024495 seconds
Number of updated asset objects reloaded before import = 0Number of asset objects unloaded after import = 1

========================================================================
Received Import Request.
  Time since last request: 0.000117 seconds.
  path: Assets/Characters/cc4-female/source/Materials/Female_Brow_Transparency_Diffuse.mat
  artifactKey: Guid(94c29baf8592a48fdab385d3a0a22cb9) Importer(2089858483,b0f066a214c2f5e87bad3c948f4d605d)
Start importing Assets/Characters/cc4-female/source/Materials/Female_Brow_Transparency_Diffuse.mat using Guid(94c29baf8592a48fdab385d3a0a22cb9) Importer(2089858483,b0f066a214c2f5e87bad3c948f4d605d) (ScriptedImporter) -> (artifact id: 'dfc7b990c00cad00c4eb9b930728bc31') in 0.003039375 seconds
Number of updated asset objects reloaded before import = 0Number of asset objects unloaded after import = 1

========================================================================
Received Import Request.
  Time since last request: 0.000052 seconds.
  path: Assets/Characters/cc4-female/source/20220916.fbm/Std_Tongue_Normal.jpg
  artifactKey: Guid(415551284bd354020905199806da8704) Importer(2089858483,b0f066a214c2f5e87bad3c948f4d605d)
Start importing Assets/Characters/cc4-female/source/20220916.fbm/Std_Tongue_Normal.jpg using Guid(415551284bd354020905199806da8704) Importer(2089858483,b0f066a214c2f5e87bad3c948f4d605d) (ScriptedImporter) -> (artifact id: '3856406162fe56b0fa05136b812b9ac0') in 0.004477375 seconds
Number of updated asset objects reloaded before import = 0Number of asset objects unloaded after import = 1

========================================================================
Received Import Request.
  Time since last request: 0.000041 seconds.
  path: Assets/Characters/cc4-female/source/Materials/Scalp_Transparency_Diffuse.mat
  artifactKey: Guid(ae4962e54c3524272ad678f963dee0cf) Importer(2089858483,b0f066a214c2f5e87bad3c948f4d605d)
Start importing Assets/Characters/cc4-female/source/Materials/Scalp_Transparency_Diffuse.mat using Guid(ae4962e54c3524272ad678f963dee0cf) Importer(2089858483,b0f066a214c2f5e87bad3c948f4d605d) (ScriptedImporter) -> (artifact id: 'c9c11e862c91a1f6d8aa1bd607dabc8e') in 0.002368042 seconds
Number of updated asset objects reloaded before import = 0Number of asset objects unloaded after import = 1

========================================================================
Received Import Request.
  Time since last request: 0.000043 seconds.
  path: Assets/Characters/cc4-female/source/20220916.fbm/Std_Tongue_Diffuse.jpg
  artifactKey: Guid(859b54e879ac64bd68ec3486cb3b3554) Importer(2089858483,b0f066a214c2f5e87bad3c948f4d605d)
Start importing Assets/Characters/cc4-female/source/20220916.fbm/Std_Tongue_Diffuse.jpg using Guid(859b54e879ac64bd68ec3486cb3b3554) Importer(2089858483,b0f066a214c2f5e87bad3c948f4d605d) (ScriptedImporter) -> (artifact id: '316c49b1adc12720566e367584a12ee1') in 0.003731875 seconds
Number of updated asset objects reloaded before import = 0Number of asset objects unloaded after import = 1

========================================================================
Received Import Request.
  Time since last request: 0.000055 seconds.
  path: Assets/Characters/cc4-female/source/20220916.fbm/Rolled_sleeves_shirt_Diffuse.jpg
  artifactKey: Guid(c107e2b2e725644959965efd9867dfa8) Importer(2089858483,b0f066a214c2f5e87bad3c948f4d605d)
Start importing Assets/Characters/cc4-female/source/20220916.fbm/Rolled_sleeves_shirt_Diffuse.jpg using Guid(c107e2b2e725644959965efd9867dfa8) Importer(2089858483,b0f066a214c2f5e87bad3c948f4d605d) (ScriptedImporter) -> (artifact id: '6bec9fc5b69ba973073b9238dee3ab22') in 0.003925958 seconds
Number of updated asset objects reloaded before import = 0Number of asset objects unloaded after import = 1

========================================================================
Received Import Request.
  Time since last request: 0.000036 seconds.
  path: Assets/Characters/cc4-female/source/20220916.fbm/Std_Cornea_L_Diffuse.jpg
  artifactKey: Guid(3e3bf84ae65a3476081baf3573c05c41) Importer(2089858483,b0f066a214c2f5e87bad3c948f4d605d)
Start importing Assets/Characters/cc4-female/source/20220916.fbm/Std_Cornea_L_Diffuse.jpg using Guid(3e3bf84ae65a3476081baf3573c05c41) Importer(2089858483,b0f066a214c2f5e87bad3c948f4d605d) (ScriptedImporter) -> (artifact id: '7d81e7d6f766d044fd7d64d2eb93fc21') in 0.005541708 seconds
Number of updated asset objects reloaded before import = 0Number of asset objects unloaded after import = 1

========================================================================
Received Import Request.
  Time since last request: 0.000064 seconds.
  path: Assets/Characters/cc4-female/source/20220916.fbx
  artifactKey: Guid(93d34894568fa42a68e58daca213b556) Importer(2089858483,b0f066a214c2f5e87bad3c948f4d605d)
Start importing Assets/Characters/cc4-female/source/20220916.fbx using Guid(93d34894568fa42a68e58daca213b556) Importer(2089858483,b0f066a214c2f5e87bad3c948f4d605d) (ScriptedImporter) -> (artifact id: 'd19b27dc86715bbed0050e80a2ab0303') in 0.213349333 seconds
Number of updated asset objects reloaded before import = 0Number of asset objects unloaded after import = 252

========================================================================
Received Import Request.
  Time since last request: 0.000044 seconds.
  path: Assets/Characters/cc4-female/source/Materials/Std_Eye_L_Diffuse.mat
  artifactKey: Guid(55252188d6a05405b81a9e1899068c92) Importer(2089858483,b0f066a214c2f5e87bad3c948f4d605d)
Start importing Assets/Characters/cc4-female/source/Materials/Std_Eye_L_Diffuse.mat using Guid(55252188d6a05405b81a9e1899068c92) Importer(2089858483,b0f066a214c2f5e87bad3c948f4d605d) (ScriptedImporter) -> (artifact id: '7e45cef155c5858fee59240bf42b589a') in 0.003718667 seconds
Number of updated asset objects reloaded before import = 0Number of asset objects unloaded after import = 1

========================================================================
Received Import Request.
  Time since last request: 0.000041 seconds.
  path: Assets/Characters/cc4-female/source/Materials/Std_Skin_Head_Diffuse.mat
  artifactKey: Guid(ee3c29c97271b48a6a5369d8a23e5ffd) Importer(2089858483,b0f066a214c2f5e87bad3c948f4d605d)
Start importing Assets/Characters/cc4-female/source/Materials/Std_Skin_Head_Diffuse.mat using Guid(ee3c29c97271b48a6a5369d8a23e5ffd) Importer(2089858483,b0f066a214c2f5e87bad3c948f4d605d) (ScriptedImporter) -> (artifact id: 'd0aa968337ed48c2d3fd6ad1d9763b8c') in 0.003168167 seconds
Number of updated asset objects reloaded before import = 0Number of asset objects unloaded after import = 1

========================================================================
Received Import Request.
  Time since last request: 0.000048 seconds.
  path: Assets/Characters/cc4-female/source/Materials/Std_Tongue_Diffuse.mat
  artifactKey: Guid(6370a0cf43bee4b92a30b57fa64e7e3f) Importer(2089858483,b0f066a214c2f5e87bad3c948f4d605d)
Start importing Assets/Characters/cc4-female/source/Materials/Std_Tongue_Diffuse.mat using Guid(6370a0cf43bee4b92a30b57fa64e7e3f) Importer(2089858483,b0f066a214c2f5e87bad3c948f4d605d) (ScriptedImporter) -> (artifact id: 'a53dbd87da9396be0079cd32372defb6') in 0.003501083 seconds
Number of updated asset objects reloaded before import = 0Number of asset objects unloaded after import = 1

========================================================================
Received Import Request.
  Time since last request: 0.000049 seconds.
  path: Assets/Characters/cc4-female/textures/Std_Eye_R_Diffuse.jpg
  artifactKey: Guid(eac987592436d4da88ab9d97d116dde8) Importer(2089858483,b0f066a214c2f5e87bad3c948f4d605d)
Start importing Assets/Characters/cc4-female/textures/Std_Eye_R_Diffuse.jpg using Guid(eac987592436d4da88ab9d97d116dde8) Importer(2089858483,b0f066a214c2f5e87bad3c948f4d605d) (ScriptedImporter) -> (artifact id: '56513de088f1bc23f2604d631f85514f') in 0.004564042 seconds
Number of updated asset objects reloaded before import = 0Number of asset objects unloaded after import = 1

========================================================================
Received Import Request.
  Time since last request: 0.000036 seconds.
  path: Assets/Reallusion/CCiC Unity Tools/HDRP/Material Templates/RL_Template_Baked_CorneaParallaxCustom_HDRP.mat
  artifactKey: Guid(ad3326ce9b9438345a8c70bccf2d44cb) Importer(2089858483,b0f066a214c2f5e87bad3c948f4d605d)
Start importing Assets/Reallusion/CCiC Unity Tools/HDRP/Material Templates/RL_Template_Baked_CorneaParallaxCustom_HDRP.mat using Guid(ad3326ce9b9438345a8c70bccf2d44cb) Importer(2089858483,b0f066a214c2f5e87bad3c948f4d605d) (ScriptedImporter) -> (artifact id: '42b23aed4972cc95c6019253caa5ab97') in 0.011289 seconds
Number of updated asset objects reloaded before import = 0Number of asset objects unloaded after import = 4

========================================================================
Received Import Request.
  Time since last request: 0.000040 seconds.
  path: Assets/Reallusion/CCiC Unity Tools/HDRP/Material Templates/RL_Template_Baked_CorneaBasicCustom_HDRP.mat
  artifactKey: Guid(bf5a3ded0fdb48d429da0d52bd32b8fa) Importer(2089858483,b0f066a214c2f5e87bad3c948f4d605d)
Start importing Assets/Reallusion/CCiC Unity Tools/HDRP/Material Templates/RL_Template_Baked_CorneaBasicCustom_HDRP.mat using Guid(bf5a3ded0fdb48d429da0d52bd32b8fa) Importer(2089858483,b0f066a214c2f5e87bad3c948f4d605d) (ScriptedImporter) -> (artifact id: '241128340270fbabb17b3d557be37227') in 0.008287584 seconds
Number of updated asset objects reloaded before import = 0Number of asset objects unloaded after import = 4

========================================================================
Received Import Request.
  Time since last request: 0.000126 seconds.
  path: Assets/Reallusion/CCiC Unity Tools/HDRP/Diffusion Profiles/RL_Teeth_Profile.asset
  artifactKey: Guid(a24b9c9261a009f488d6b65cc856adbf) Importer(2089858483,b0f066a214c2f5e87bad3c948f4d605d)
Start importing Assets/Reallusion/CCiC Unity Tools/HDRP/Diffusion Profiles/RL_Teeth_Profile.asset using Guid(a24b9c9261a009f488d6b65cc856adbf) Importer(2089858483,b0f066a214c2f5e87bad3c948f4d605d) (ScriptedImporter) -> (artifact id: 'dcf015a8bddfe20c4ad756abfb560a51') in 0.002195833 seconds
Number of updated asset objects reloaded before import = 0Number of asset objects unloaded after import = 0

========================================================================
Received Import Request.
  Time since last request: 0.000045 seconds.
  path: Assets/Reallusion/CCiC Unity Tools/HDRP/Material Templates/RL_Template_Baked_EyeBasic_Dummy_HDRP.mat
  artifactKey: Guid(3183d7c1a22cea747b6bdef64de8180c) Importer(2089858483,b0f066a214c2f5e87bad3c948f4d605d)
Start importing Assets/Reallusion/CCiC Unity Tools/HDRP/Material Templates/RL_Template_Baked_EyeBasic_Dummy_HDRP.mat using Guid(3183d7c1a22cea747b6bdef64de8180c) Importer(2089858483,b0f066a214c2f5e87bad3c948f4d605d) (ScriptedImporter) -> (artifact id: '5c9e214d204f442451a732d7a8d03194') in 0.007154125 seconds
Number of updated asset objects reloaded before import = 0Number of asset objects unloaded after import = 1

========================================================================
Received Import Request.
  Time since last request: 0.000038 seconds.
  path: Assets/Reallusion/CCiC Unity Tools/HDRP/Material Templates/RL_Template_Baked_HairCustom_1st_Pass_HDRP.mat
  artifactKey: Guid(8183fd2d0c567c04597914d8f6a2d389) Importer(2089858483,b0f066a214c2f5e87bad3c948f4d605d)
Start importing Assets/Reallusion/CCiC Unity Tools/HDRP/Material Templates/RL_Template_Baked_HairCustom_1st_Pass_HDRP.mat using Guid(8183fd2d0c567c04597914d8f6a2d389) Importer(2089858483,b0f066a214c2f5e87bad3c948f4d605d) (ScriptedImporter) -> (artifact id: '6116cdfbaed473fc518a4b9d7c3e48e5') in 0.010001083 seconds
Number of updated asset objects reloaded before import = 0Number of asset objects unloaded after import = 2

========================================================================
Received Import Request.
  Time since last request: 0.000028 seconds.
  path: Assets/Characters/cc4-female/textures/Std_Skin_Head_Diffuse.jpg
  artifactKey: Guid(537ba239ecbbc4b52ab38d054807464d) Importer(2089858483,b0f066a214c2f5e87bad3c948f4d605d)
Start importing Assets/Characters/cc4-female/textures/Std_Skin_Head_Diffuse.jpg using Guid(537ba239ecbbc4b52ab38d054807464d) Importer(2089858483,b0f066a214c2f5e87bad3c948f4d605d) (ScriptedImporter) -> (artifact id: '282160a226ac8073b379e899b0e52676') in 0.005278708 seconds
Number of updated asset objects reloaded before import = 0Number of asset objects unloaded after import = 1

========================================================================
Received Import Request.
  Time since last request: 0.000053 seconds.
  path: Assets/Characters/cc4-female/textures/Scalp_Transparency_Opacity.jpg
  artifactKey: Guid(f40c5574bc05749eaa0a91d746dfe5a1) Importer(2089858483,b0f066a214c2f5e87bad3c948f4d605d)
Start importing Assets/Characters/cc4-female/textures/Scalp_Transparency_Opacity.jpg using Guid(f40c5574bc05749eaa0a91d746dfe5a1) Importer(2089858483,b0f066a214c2f5e87bad3c948f4d605d) (ScriptedImporter) -> (artifact id: '629b794763d9c084e6604b6a2975813e') in 0.006971542 seconds
Number of updated asset objects reloaded before import = 0Number of asset objects unloaded after import = 1

========================================================================
Received Import Request.
  Time since last request: 0.000067 seconds.
  path: Assets/Reallusion/CCiC Unity Tools/HDRP/Material Templates/RL_Template_Baked_Hair_1st_Pass_HDRP.mat
  artifactKey: Guid(e9d71863edf7e1247a8dc98417953a37) Importer(2089858483,b0f066a214c2f5e87bad3c948f4d605d)
Start importing Assets/Reallusion/CCiC Unity Tools/HDRP/Material Templates/RL_Template_Baked_Hair_1st_Pass_HDRP.mat using Guid(e9d71863edf7e1247a8dc98417953a37) Importer(2089858483,b0f066a214c2f5e87bad3c948f4d605d) (ScriptedImporter) -> (artifact id: '5a3805c660453f8128aa5cf277ae5ad0') in 0.00774825 seconds
Number of updated asset objects reloaded before import = 0Number of asset objects unloaded after import = 2

========================================================================
Received Import Request.
  Time since last request: 0.000034 seconds.
  path: Assets/Reallusion/CCiC Unity Tools/HDRP/Material Templates/RL_Template_Default_Opaque_HDRP.mat
  artifactKey: Guid(c023915403d2db94c9a6daaae3b539aa) Importer(2089858483,b0f066a214c2f5e87bad3c948f4d605d)
Start importing Assets/Reallusion/CCiC Unity Tools/HDRP/Material Templates/RL_Template_Default_Opaque_HDRP.mat using Guid(c023915403d2db94c9a6daaae3b539aa) Importer(2089858483,b0f066a214c2f5e87bad3c948f4d605d) (ScriptedImporter) -> (artifact id: 'c67ed6cc73a5bf65711d81cb9f966d31') in 0.00341825 seconds
Number of updated asset objects reloaded before import = 0Number of asset objects unloaded after import = 4

========================================================================
Received Import Request.
  Time since last request: 0.000043 seconds.
  path: Assets/Reallusion/CCiC Unity Tools/HDRP/Material Templates/RL_Template_Default_Eyelash_HDRP.mat
  artifactKey: Guid(c2359010df41e3b47a525f4fb0f49216) Importer(2089858483,b0f066a214c2f5e87bad3c948f4d605d)
Start importing Assets/Reallusion/CCiC Unity Tools/HDRP/Material Templates/RL_Template_Default_Eyelash_HDRP.mat using Guid(c2359010df41e3b47a525f4fb0f49216) Importer(2089858483,b0f066a214c2f5e87bad3c948f4d605d) (ScriptedImporter) -> (artifact id: 'f8ecb92ae157a3dd4dd8633bfcd175c5') in 0.003468792 seconds
Number of updated asset objects reloaded before import = 0Number of asset objects unloaded after import = 4

========================================================================
Received Import Request.
  Time since last request: 0.000032 seconds.
  path: Assets/Reallusion/CCiC Unity Tools/HDRP/Material Templates/RL_Template_Baked_HeadWrinkleCustom_HDRP.mat
  artifactKey: Guid(1a31950db6fd64e4a95df37b06ec28d7) Importer(2089858483,b0f066a214c2f5e87bad3c948f4d605d)
Start importing Assets/Reallusion/CCiC Unity Tools/HDRP/Material Templates/RL_Template_Baked_HeadWrinkleCustom_HDRP.mat using Guid(1a31950db6fd64e4a95df37b06ec28d7) Importer(2089858483,b0f066a214c2f5e87bad3c948f4d605d) (ScriptedImporter) -> (artifact id: 'b8561f500e9fd51d5b65defd263ee7e4') in 0.008805583 seconds
Number of updated asset objects reloaded before import = 0Number of asset objects unloaded after import = 5

========================================================================
Received Import Request.
  Time since last request: 0.000034 seconds.
  path: Assets/Reallusion/CCiC Unity Tools/HDRP/Material Templates/RL_Template_Default_EyeOcclusion_HDRP.mat
  artifactKey: Guid(34cc189d81c7e2b41a4f7f3a8151e8c9) Importer(2089858483,b0f066a214c2f5e87bad3c948f4d605d)
Start importing Assets/Reallusion/CCiC Unity Tools/HDRP/Material Templates/RL_Template_Default_EyeOcclusion_HDRP.mat using Guid(34cc189d81c7e2b41a4f7f3a8151e8c9) Importer(2089858483,b0f066a214c2f5e87bad3c948f4d605d) (ScriptedImporter) -> (artifact id: '5cf8813c1bc67f5df4cabe3fee68c0ac') in 0.0035235 seconds
Number of updated asset objects reloaded before import = 0Number of asset objects unloaded after import = 2

========================================================================
Received Import Request.
  Time since last request: 0.000033 seconds.
  path: Assets/Reallusion/CCiC Unity Tools/Textures/RL_Default_EyeOcclusion.png
  artifactKey: Guid(de8717c950fc50a4a837155e7e31cae2) Importer(2089858483,b0f066a214c2f5e87bad3c948f4d605d)
Start importing Assets/Reallusion/CCiC Unity Tools/Textures/RL_Default_EyeOcclusion.png using Guid(de8717c950fc50a4a837155e7e31cae2) Importer(2089858483,b0f066a214c2f5e87bad3c948f4d605d) (ScriptedImporter) -> (artifact id: 'a7a37628b4dbf3fd16f6b18c3cbc060c') in 0.0033025 seconds
Number of updated asset objects reloaded before import = 0Number of asset objects unloaded after import = 1

========================================================================
Received Import Request.
  Time since last request: 0.000032 seconds.
  path: Assets/Reallusion/CCiC Unity Tools/Textures/RL_EyeOcclusion.png
  artifactKey: Guid(230860268a3447e4580272984b20846a) Importer(2089858483,b0f066a214c2f5e87bad3c948f4d605d)
Start importing Assets/Reallusion/CCiC Unity Tools/Textures/RL_EyeOcclusion.png using Guid(230860268a3447e4580272984b20846a) Importer(2089858483,b0f066a214c2f5e87bad3c948f4d605d) (ScriptedImporter) -> (artifact id: '2449af3471d77745a29f2dde45bf07c9') in 0.003569958 seconds
Number of updated asset objects reloaded before import = 0Number of asset objects unloaded after import = 1

========================================================================
Received Import Request.
  Time since last request: 0.000030 seconds.
  path: Assets/Characters/cc4-female/textures/Std_Skin_Arm_Diffuse.jpg
  artifactKey: Guid(077de9a3eea2f404aabc53fd8724f93b) Importer(2089858483,b0f066a214c2f5e87bad3c948f4d605d)
Start importing Assets/Characters/cc4-female/textures/Std_Skin_Arm_Diffuse.jpg using Guid(077de9a3eea2f404aabc53fd8724f93b) Importer(2089858483,b0f066a214c2f5e87bad3c948f4d605d) (ScriptedImporter) -> (artifact id: '4a64a55cb9db480560608413d7e83703') in 0.003588666 seconds
Number of updated asset objects reloaded before import = 0Number of asset objects unloaded after import = 1

========================================================================
Received Import Request.
  Time since last request: 0.000027 seconds.
  path: Assets/Reallusion/CCiC Unity Tools/Textures/RL_DummyTex_Diffuse.png
  artifactKey: Guid(2e6930762defd9149a4115ecb5f1a3f8) Importer(2089858483,b0f066a214c2f5e87bad3c948f4d605d)
Start importing Assets/Reallusion/CCiC Unity Tools/Textures/RL_DummyTex_Diffuse.png using Guid(2e6930762defd9149a4115ecb5f1a3f8) Importer(2089858483,b0f066a214c2f5e87bad3c948f4d605d) (ScriptedImporter) -> (artifact id: '3ad88d1d492c254d2593e68ff259c33a') in 0.002972125 seconds
Number of updated asset objects reloaded before import = 0Number of asset objects unloaded after import = 1

========================================================================
Received Import Request.
  Time since last request: 0.000035 seconds.
  path: Assets/Reallusion/CCiC Unity Tools/Editor/WrinkleManagerEditor.cs
  artifactKey: Guid(f1a544e48d3483d4680269295274a5c2) Importer(2089858483,b0f066a214c2f5e87bad3c948f4d605d)
Start importing Assets/Reallusion/CCiC Unity Tools/Editor/WrinkleManagerEditor.cs using Guid(f1a544e48d3483d4680269295274a5c2) Importer(2089858483,b0f066a214c2f5e87bad3c948f4d605d) (ScriptedImporter) -> (artifact id: 'd878d308261f163119c54bc391c66bb0') in 0.0012585 seconds
Number of updated asset objects reloaded before import = 0Number of asset objects unloaded after import = 0

========================================================================
Received Import Request.
  Time since last request: 0.000034 seconds.
  path: Assets/Characters/cc4-female/textures/Std_Eye_Occlusion_R_Opacity.jpg
  artifactKey: Guid(37532bdd2707647fcbdccc1b5185b4fa) Importer(2089858483,b0f066a214c2f5e87bad3c948f4d605d)
Start importing Assets/Characters/cc4-female/textures/Std_Eye_Occlusion_R_Opacity.jpg using Guid(37532bdd2707647fcbdccc1b5185b4fa) Importer(2089858483,b0f066a214c2f5e87bad3c948f4d605d) (ScriptedImporter) -> (artifact id: 'd6bd79f574860cdaab15be009ba155f0') in 0.003036541 seconds
Number of updated asset objects reloaded before import = 0Number of asset objects unloaded after import = 1

========================================================================
Received Import Request.
  Time since last request: 0.000034 seconds.
  path: Assets/Characters/cc4-female/textures/Std_Eye_L_Normal.jpg
  artifactKey: Guid(a42fc07b17f934ae0adae3c6787a882a) Importer(2089858483,b0f066a214c2f5e87bad3c948f4d605d)
Start importing Assets/Characters/cc4-female/textures/Std_Eye_L_Normal.jpg using Guid(a42fc07b17f934ae0adae3c6787a882a) Importer(2089858483,b0f066a214c2f5e87bad3c948f4d605d) (ScriptedImporter) -> (artifact id: '5dbecfdc6997ea0a862fbdcb593b6a97') in 0.003532833 seconds
Number of updated asset objects reloaded before import = 0Number of asset objects unloaded after import = 1

========================================================================
Received Import Request.
  Time since last request: 0.000026 seconds.
  path: Assets/Reallusion/CCiC Unity Tools/HDRP/Material Templates/RL_Template_Default_AlphaBlend_HDRP.mat
  artifactKey: Guid(db4dc5ed02cf1b04f9c1353a3f67e675) Importer(2089858483,b0f066a214c2f5e87bad3c948f4d605d)
Start importing Assets/Reallusion/CCiC Unity Tools/HDRP/Material Templates/RL_Template_Default_AlphaBlend_HDRP.mat using Guid(db4dc5ed02cf1b04f9c1353a3f67e675) Importer(2089858483,b0f066a214c2f5e87bad3c948f4d605d) (ScriptedImporter) -> (artifact id: '1196675d97c5cd0ce04a9d673ea41057') in 0.003001667 seconds
Number of updated asset objects reloaded before import = 0Number of asset objects unloaded after import = 4

========================================================================
Received Import Request.
  Time since last request: 0.000032 seconds.
  path: Assets/Characters/cc4-female/textures/Hair_Transparency_Opacity.jpg
  artifactKey: Guid(78a815428204c499bb02de2d71d86b7c) Importer(2089858483,b0f066a214c2f5e87bad3c948f4d605d)
Start importing Assets/Characters/cc4-female/textures/Hair_Transparency_Opacity.jpg using Guid(78a815428204c499bb02de2d71d86b7c) Importer(2089858483,b0f066a214c2f5e87bad3c948f4d605d) (ScriptedImporter) -> (artifact id: 'a58494c975b01881d5aa0c873de28486') in 0.008099 seconds
Number of updated asset objects reloaded before import = 0Number of asset objects unloaded after import = 1

========================================================================
Received Import Request.
  Time since last request: 0.000030 seconds.
  path: Assets/Characters/cc4-female/textures/Std_Nails_Diffuse.jpg
  artifactKey: Guid(570be7cd0b95c41728598cc95cfd65b1) Importer(2089858483,b0f066a214c2f5e87bad3c948f4d605d)
Start importing Assets/Characters/cc4-female/textures/Std_Nails_Diffuse.jpg using Guid(570be7cd0b95c41728598cc95cfd65b1) Importer(2089858483,b0f066a214c2f5e87bad3c948f4d605d) (ScriptedImporter) -> (artifact id: '51269c88211666a5c1d19fd38ef5f348') in 0.004629125 seconds
Number of updated asset objects reloaded before import = 0Number of asset objects unloaded after import = 1

========================================================================
Received Import Request.
  Time since last request: 0.000034 seconds.
  path: Assets/Characters/cc4-female/textures/Rolled_sleeves_shirt_Normal.png
  artifactKey: Guid(806ff7baf48644eac822adb1ae212fbb) Importer(2089858483,b0f066a214c2f5e87bad3c948f4d605d)
Start importing Assets/Characters/cc4-female/textures/Rolled_sleeves_shirt_Normal.png using Guid(806ff7baf48644eac822adb1ae212fbb) Importer(2089858483,b0f066a214c2f5e87bad3c948f4d605d) (ScriptedImporter) -> (artifact id: '6b1664066e29a7d19c0dbea49d478322') in 0.006051333 seconds
Number of updated asset objects reloaded before import = 0Number of asset objects unloaded after import = 1

========================================================================
Received Import Request.
  Time since last request: 0.000031 seconds.
  path: Assets/Characters/cc4-female/source/Materials/High_Heels_Diffuse.mat
  artifactKey: Guid(2b75dce61472b4e50b3307536f81a088) Importer(2089858483,b0f066a214c2f5e87bad3c948f4d605d)
Start importing Assets/Characters/cc4-female/source/Materials/High_Heels_Diffuse.mat using Guid(2b75dce61472b4e50b3307536f81a088) Importer(2089858483,b0f066a214c2f5e87bad3c948f4d605d) (ScriptedImporter) -> (artifact id: '62ea2e0f6c7126ea7acfefae547777bb') in 0.001564833 seconds
Number of updated asset objects reloaded before import = 0Number of asset objects unloaded after import = 1

========================================================================
Received Import Request.
  Time since last request: 0.000025 seconds.
  path: Assets/Reallusion/CCiC Unity Tools/Textures/RL_GameBaseMulti_Arm_Thickness.png
  artifactKey: Guid(2149d7ee9d02c834eb5c36caa11c22f7) Importer(2089858483,b0f066a214c2f5e87bad3c948f4d605d)
Start importing Assets/Reallusion/CCiC Unity Tools/Textures/RL_GameBaseMulti_Arm_Thickness.png using Guid(2149d7ee9d02c834eb5c36caa11c22f7) Importer(2089858483,b0f066a214c2f5e87bad3c948f4d605d) (ScriptedImporter) -> (artifact id: '0a771dab7ac9ff560bf5dee730636183') in 0.003988333 seconds
Number of updated asset objects reloaded before import = 0Number of asset objects unloaded after import = 1

========================================================================
Received Import Request.
  Time since last request: 0.000028 seconds.
  path: Assets/Reallusion/CCiC Unity Tools/HDRP/Material Templates/RL_Template_Baked_HairCustom_HDRP.mat
  artifactKey: Guid(3ecfb8073e2c15a49b5025d911e45c13) Importer(2089858483,b0f066a214c2f5e87bad3c948f4d605d)
Start importing Assets/Reallusion/CCiC Unity Tools/HDRP/Material Templates/RL_Template_Baked_HairCustom_HDRP.mat using Guid(3ecfb8073e2c15a49b5025d911e45c13) Importer(2089858483,b0f066a214c2f5e87bad3c948f4d605d) (ScriptedImporter) -> (artifact id: 'b152c73e33915cdd0327008dbeaac277') in 0.007042667 seconds
Number of updated asset objects reloaded before import = 0Number of asset objects unloaded after import = 2

========================================================================
Received Import Request.
  Time since last request: 0.000030 seconds.
  path: Assets/Characters/cc4-female/materials/Std_Nails.mat
  artifactKey: Guid(f2d1b06ebf4db4a17be3cfb2b92b23fc) Importer(2089858483,b0f066a214c2f5e87bad3c948f4d605d)
Start importing Assets/Characters/cc4-female/materials/Std_Nails.mat using Guid(f2d1b06ebf4db4a17be3cfb2b92b23fc) Importer(2089858483,b0f066a214c2f5e87bad3c948f4d605d) (ScriptedImporter) -> (artifact id: '7e688f56234a6ddeca17077b2d45db6f') in 0.001809916 seconds
Number of updated asset objects reloaded before import = 0Number of asset objects unloaded after import = 1

========================================================================
Received Import Request.
  Time since last request: 0.000037 seconds.
  path: Assets/Characters/cc4-female/materials/Std_Skin_Leg.mat
  artifactKey: Guid(ff417f5e2454f4847b48646ee3cb467a) Importer(2089858483,b0f066a214c2f5e87bad3c948f4d605d)
Start importing Assets/Characters/cc4-female/materials/Std_Skin_Leg.mat using Guid(ff417f5e2454f4847b48646ee3cb467a) Importer(2089858483,b0f066a214c2f5e87bad3c948f4d605d) (ScriptedImporter) -> (artifact id: '1b34e2dbfc151a96e3e7f0e049959e95') in 0.001742041 seconds
Number of updated asset objects reloaded before import = 0Number of asset objects unloaded after import = 1

========================================================================
Received Import Request.
  Time since last request: 0.000031 seconds.
  path: Assets/Characters/cc4-female/source/20220916.fbm/Std_Tearline_R_Diffuse.jpg
  artifactKey: Guid(462adecf19b9e4d30a0047b60e143ece) Importer(2089858483,b0f066a214c2f5e87bad3c948f4d605d)
Start importing Assets/Characters/cc4-female/source/20220916.fbm/Std_Tearline_R_Diffuse.jpg using Guid(462adecf19b9e4d30a0047b60e143ece) Importer(2089858483,b0f066a214c2f5e87bad3c948f4d605d) (ScriptedImporter) -> (artifact id: '6a53bdaf577955729fbdd43330bf9573') in 0.003052708 seconds
Number of updated asset objects reloaded before import = 0Number of asset objects unloaded after import = 1

========================================================================
Received Import Request.
  Time since last request: 0.000028 seconds.
  path: Assets/Characters/cc4-female/source/20220916.fbm/Hair_Transparency_Specular.png
  artifactKey: Guid(054b14c9303f74673a05db291a33a58c) Importer(2089858483,b0f066a214c2f5e87bad3c948f4d605d)
Start importing Assets/Characters/cc4-female/source/20220916.fbm/Hair_Transparency_Specular.png using Guid(054b14c9303f74673a05db291a33a58c) Importer(2089858483,b0f066a214c2f5e87bad3c948f4d605d) (ScriptedImporter) -> (artifact id: 'f7fb15f6a83146b2d2b5d41f25523be9') in 0.004633875 seconds
Number of updated asset objects reloaded before import = 0Number of asset objects unloaded after import = 1

========================================================================
Received Import Request.
  Time since last request: 0.000035 seconds.
  path: Assets/Characters/cc4-female/textures/Knee_length_skirt_Normal.png
  artifactKey: Guid(8ca10ae954d964d4698385d94b75d5ba) Importer(2089858483,b0f066a214c2f5e87bad3c948f4d605d)
Start importing Assets/Characters/cc4-female/textures/Knee_length_skirt_Normal.png using Guid(8ca10ae954d964d4698385d94b75d5ba) Importer(2089858483,b0f066a214c2f5e87bad3c948f4d605d) (ScriptedImporter) -> (artifact id: '8ba9ae3395b0feed5dd1573909dfa39b') in 0.005933958 seconds
Number of updated asset objects reloaded before import = 0Number of asset objects unloaded after import = 1

========================================================================
Received Import Request.
  Time since last request: 0.000027 seconds.
  path: Assets/Resources/OCC-GPT-4o/resentment1.json
  artifactKey: Guid(59de1d55ab4fd4afd8756ba31472f21e) Importer(2089858483,b0f066a214c2f5e87bad3c948f4d605d)
Start importing Assets/Resources/OCC-GPT-4o/resentment1.json using Guid(59de1d55ab4fd4afd8756ba31472f21e) Importer(2089858483,b0f066a214c2f5e87bad3c948f4d605d) (ScriptedImporter) -> (artifact id: '83d41f7c9bc3a5856fd2e8a048f428bd') in 0.001283209 seconds
Number of updated asset objects reloaded before import = 0Number of asset objects unloaded after import = 1

========================================================================
Received Import Request.
  Time since last request: 0.000042 seconds.
  path: Assets/Characters/cc4-female/source/Materials/Std_Skin_Leg_Diffuse.mat
  artifactKey: Guid(69b2ca2208ea447908d5b627cad8a7fd) Importer(2089858483,b0f066a214c2f5e87bad3c948f4d605d)
Start importing Assets/Characters/cc4-female/source/Materials/Std_Skin_Leg_Diffuse.mat using Guid(69b2ca2208ea447908d5b627cad8a7fd) Importer(2089858483,b0f066a214c2f5e87bad3c948f4d605d) (ScriptedImporter) -> (artifact id: '01327adcc7fe1ec1eb6658d8ce20c5b9') in 0.001513958 seconds
Number of updated asset objects reloaded before import = 0Number of asset objects unloaded after import = 1

========================================================================
Received Import Request.
  Time since last request: 0.000032 seconds.
  path: Assets/Characters/cc4-female/textures/Hair_Transparency_Specular.png
  artifactKey: Guid(88a61e4c2d21e40739eb84f59aa76689) Importer(2089858483,b0f066a214c2f5e87bad3c948f4d605d)
Start importing Assets/Characters/cc4-female/textures/Hair_Transparency_Specular.png using Guid(88a61e4c2d21e40739eb84f59aa76689) Importer(2089858483,b0f066a214c2f5e87bad3c948f4d605d) (ScriptedImporter) -> (artifact id: 'd7dfec1f0cbfdb917e99c5ac4b735eb7') in 0.004011083 seconds
Number of updated asset objects reloaded before import = 0Number of asset objects unloaded after import = 1

========================================================================
Received Import Request.
  Time since last request: 0.000026 seconds.
  path: Assets/Characters/cc4-female/source/Materials/Std_Tearline_L_Diffuse.mat
  artifactKey: Guid(e04c5917f71e64f34aa4843a1f589a0f) Importer(2089858483,b0f066a214c2f5e87bad3c948f4d605d)
Start importing Assets/Characters/cc4-female/source/Materials/Std_Tearline_L_Diffuse.mat using Guid(e04c5917f71e64f34aa4843a1f589a0f) Importer(2089858483,b0f066a214c2f5e87bad3c948f4d605d) (ScriptedImporter) -> (artifact id: '048fd18ce237f3ea1d2727c4f124a16d') in 0.00154325 seconds
Number of updated asset objects reloaded before import = 0Number of asset objects unloaded after import = 1

========================================================================
Received Import Request.
  Time since last request: 0.000035 seconds.
  path: Assets/Resources/Ground-Truth-Examples/wmpr1.json
  artifactKey: Guid(4191c9f908d0bb24e95e492891440cd1) Importer(2089858483,b0f066a214c2f5e87bad3c948f4d605d)
Start importing Assets/Resources/Ground-Truth-Examples/wmpr1.json using Guid(4191c9f908d0bb24e95e492891440cd1) Importer(2089858483,b0f066a214c2f5e87bad3c948f4d605d) (ScriptedImporter) -> (artifact id: '87d154fd813d90d16561e4c23e549b50') in 0.001053542 seconds
Number of updated asset objects reloaded before import = 0Number of asset objects unloaded after import = 1

========================================================================
Received Import Request.
  Time since last request: 0.000032 seconds.
  path: Assets/Characters/cc4-female/source/20220916.fbm/Std_Lower_Teeth_Normal.jpg
  artifactKey: Guid(0fffcee900d3c4582a552a35c9c249bf) Importer(2089858483,b0f066a214c2f5e87bad3c948f4d605d)
Start importing Assets/Characters/cc4-female/source/20220916.fbm/Std_Lower_Teeth_Normal.jpg using Guid(0fffcee900d3c4582a552a35c9c249bf) Importer(2089858483,b0f066a214c2f5e87bad3c948f4d605d) (ScriptedImporter) -> (artifact id: '7bd07d5eb41b148eb015f613921b050c') in 0.003929208 seconds
Number of updated asset objects reloaded before import = 0Number of asset objects unloaded after import = 1

========================================================================
Received Import Request.
  Time since last request: 0.000032 seconds.
  path: Assets/Reallusion/CCiC Unity Tools/Runtime/com.soupday.cc3_unity_tools.runtime.asmdef
  artifactKey: Guid(94fb5205d0b752849b018ccea238cbca) Importer(2089858483,b0f066a214c2f5e87bad3c948f4d605d)
Start importing Assets/Reallusion/CCiC Unity Tools/Runtime/com.soupday.cc3_unity_tools.runtime.asmdef using Guid(94fb5205d0b752849b018ccea238cbca) Importer(2089858483,b0f066a214c2f5e87bad3c948f4d605d) (ScriptedImporter) -> (artifact id: '94ab25d8fe3573e0bf9ab87af01ebc2f') in 0.001587042 seconds
Number of updated asset objects reloaded before import = 0Number of asset objects unloaded after import = 1

========================================================================
Received Import Request.
  Time since last request: 0.000037 seconds.
  path: Assets/Resources/Ground-Truth-Examples/wmsad.json
  artifactKey: Guid(2cdf24455cbfb88498796b6a5488960a) Importer(2089858483,b0f066a214c2f5e87bad3c948f4d605d)
Start importing Assets/Resources/Ground-Truth-Examples/wmsad.json using Guid(2cdf24455cbfb88498796b6a5488960a) Importer(2089858483,b0f066a214c2f5e87bad3c948f4d605d) (ScriptedImporter) -> (artifact id: '69a886f03c231fb1c052ddc0afdfb4d8') in 0.001014 seconds
Number of updated asset objects reloaded before import = 0Number of asset objects unloaded after import = 1

========================================================================
Received Import Request.
  Time since last request: 0.000025 seconds.
  path: Assets/Reallusion/CCiC Unity Tools/HDRP/Material Templates/RL_Template_Baked_CorneaBasic_HDRP.mat
  artifactKey: Guid(5a42b63860fcf9947b6f25e1afed3719) Importer(2089858483,b0f066a214c2f5e87bad3c948f4d605d)
Start importing Assets/Reallusion/CCiC Unity Tools/HDRP/Material Templates/RL_Template_Baked_CorneaBasic_HDRP.mat using Guid(5a42b63860fcf9947b6f25e1afed3719) Importer(2089858483,b0f066a214c2f5e87bad3c948f4d605d) (ScriptedImporter) -> (artifact id: 'b47e8499c1ec1ab619f268f2a8625304') in 0.003064916 seconds
Number of updated asset objects reloaded before import = 0Number of asset objects unloaded after import = 3

========================================================================
Received Import Request.
  Time since last request: 0.000031 seconds.
  path: Assets/Characters/cc4-female/textures/Std_Upper_Teeth_Normal.jpg
  artifactKey: Guid(ab96a134b3d3f4e4ba1dda3a39729afa) Importer(2089858483,b0f066a214c2f5e87bad3c948f4d605d)
Start importing Assets/Characters/cc4-female/textures/Std_Upper_Teeth_Normal.jpg using Guid(ab96a134b3d3f4e4ba1dda3a39729afa) Importer(2089858483,b0f066a214c2f5e87bad3c948f4d605d) (ScriptedImporter) -> (artifact id: 'd47aa8449e135f6e5e194c8c3dd21d7a') in 0.00422275 seconds
Number of updated asset objects reloaded before import = 0Number of asset objects unloaded after import = 1

========================================================================
Received Import Request.
  Time since last request: 0.000032 seconds.
  path: Assets/Resources/OCC-GPT-4o/gratitude5.json
  artifactKey: Guid(94510733ea0af43b5abf4fae468720e5) Importer(2089858483,b0f066a214c2f5e87bad3c948f4d605d)
Start importing Assets/Resources/OCC-GPT-4o/gratitude5.json using Guid(94510733ea0af43b5abf4fae468720e5) Importer(2089858483,b0f066a214c2f5e87bad3c948f4d605d) (ScriptedImporter) -> (artifact id: 'faed05f80f4f25a8cc7475b4e9d4ef3c') in 0.001033125 seconds
Number of updated asset objects reloaded before import = 0Number of asset objects unloaded after import = 1

========================================================================
Received Import Request.
  Time since last request: 0.897235 seconds.
  path: Assets/Resources/OCC-Gemini/distress2.json
  artifactKey: Guid(fa8e3564561854b1c8c47b7485c7f40d) Importer(2089858483,b0f066a214c2f5e87bad3c948f4d605d)
Start importing Assets/Resources/OCC-Gemini/distress2.json using Guid(fa8e3564561854b1c8c47b7485c7f40d) Importer(2089858483,b0f066a214c2f5e87bad3c948f4d605d) (ScriptedImporter) -> (artifact id: '1916613cf65f8e9951e6ec71b3a9c4b4') in 0.002082833 seconds
Number of updated asset objects reloaded before import = 0Number of asset objects unloaded after import = 1

========================================================================
Received Import Request.
  Time since last request: 0.000038 seconds.
  path: Assets/Reallusion/CCiC Unity Tools/HDRP/Preview Scene/RL_PrevireScene_Lighting.lighting
  artifactKey: Guid(0512e544c8113704192ba3babb410093) Importer(2089858483,b0f066a214c2f5e87bad3c948f4d605d)
Start importing Assets/Reallusion/CCiC Unity Tools/HDRP/Preview Scene/RL_PrevireScene_Lighting.lighting using Guid(0512e544c8113704192ba3babb410093) Importer(2089858483,b0f066a214c2f5e87bad3c948f4d605d) (ScriptedImporter)LightingSettings: switching bake backend from 2 to 1.
 -> (artifact id: 'd9d990c3e382c034091485a75681a7c1') in 0.009031875 seconds
Number of updated asset objects reloaded before import = 0Number of asset objects unloaded after import = 1

========================================================================
Received Import Request.
  Time since last request: 0.000053 seconds.
  path: Assets/Reallusion/CCiC Unity Tools/HDRP/Shaders/RL_Function_Hair_IDBlend.shadersubgraph
  artifactKey: Guid(bde8ceb926def2e4eb1b7c8cc5ca837a) Importer(2089858483,b0f066a214c2f5e87bad3c948f4d605d)
Start importing Assets/Reallusion/CCiC Unity Tools/HDRP/Shaders/RL_Function_Hair_IDBlend.shadersubgraph using Guid(bde8ceb926def2e4eb1b7c8cc5ca837a) Importer(2089858483,b0f066a214c2f5e87bad3c948f4d605d) (ScriptedImporter) -> (artifact id: '28dc8eefef72650dd6d66303815305a3') in 0.011589042 seconds
Number of updated asset objects reloaded before import = 0Number of asset objects unloaded after import = 1

========================================================================
Received Import Request.
  Time since last request: 0.000036 seconds.
  path: Assets/Reallusion/CCiC Unity Tools/HDRP/Material Templates/RL_Template_HQ_Skin_HDRP_DH.mat
  artifactKey: Guid(f793ff5dda1ee444689249a52b8b0d48) Importer(2089858483,b0f066a214c2f5e87bad3c948f4d605d)
Start importing Assets/Reallusion/CCiC Unity Tools/HDRP/Material Templates/RL_Template_HQ_Skin_HDRP_DH.mat using Guid(f793ff5dda1ee444689249a52b8b0d48) Importer(2089858483,b0f066a214c2f5e87bad3c948f4d605d) (ScriptedImporter) -> (artifact id: 'c2cf022a9bdb186b785572f810397fde') in 0.013678917 seconds
Number of updated asset objects reloaded before import = 0Number of asset objects unloaded after import = 8

========================================================================
Received Import Request.
  Time since last request: 0.000045 seconds.
  path: Assets/Reallusion/CCiC Unity Tools/HDRP/Shaders/RL_Function_WrinkleMaskBlend.shadersubgraph
  artifactKey: Guid(27136356b7dbacc488c6d93117e810f9) Importer(2089858483,b0f066a214c2f5e87bad3c948f4d605d)
Start importing Assets/Reallusion/CCiC Unity Tools/HDRP/Shaders/RL_Function_WrinkleMaskBlend.shadersubgraph using Guid(27136356b7dbacc488c6d93117e810f9) Importer(2089858483,b0f066a214c2f5e87bad3c948f4d605d) (ScriptedImporter) -> (artifact id: '123f8e57d6059d4ccbd916134e2e789a') in 0.003430083 seconds
Number of updated asset objects reloaded before import = 0Number of asset objects unloaded after import = 1

========================================================================
Received Import Request.
  Time since last request: 0.000038 seconds.
  path: Assets/Reallusion/CCiC Unity Tools/HDRP/Shaders/RL_EyeShaderParallax_Dummy_HDRP.shadergraph
  artifactKey: Guid(133e3b4e4032f0e45a5483e280d767e8) Importer(2089858483,b0f066a214c2f5e87bad3c948f4d605d)
Start importing Assets/Reallusion/CCiC Unity Tools/HDRP/Shaders/RL_EyeShaderParallax_Dummy_HDRP.shadergraph using Guid(133e3b4e4032f0e45a5483e280d767e8) Importer(2089858483,b0f066a214c2f5e87bad3c948f4d605d) (ScriptedImporter) -> (artifact id: '61bab0b72943331037edd186b7b6c403') in 0.008463625 seconds
Number of updated asset objects reloaded before import = 0Number of asset objects unloaded after import = 3

========================================================================
Received Import Request.
  Time since last request: 0.000034 seconds.
  path: Assets/Reallusion/CCiC Unity Tools/HDRP/Material Templates/RL_Template_HQ_Hair_HDRP.mat
  artifactKey: Guid(86f9d8a19e1a9604ab5188c4049400e5) Importer(2089858483,b0f066a214c2f5e87bad3c948f4d605d)
Start importing Assets/Reallusion/CCiC Unity Tools/HDRP/Material Templates/RL_Template_HQ_Hair_HDRP.mat using Guid(86f9d8a19e1a9604ab5188c4049400e5) Importer(2089858483,b0f066a214c2f5e87bad3c948f4d605d) (ScriptedImporter) -> (artifact id: 'f7902826b0e3d9dbb7c7dd3090ca4db9') in 0.008510625 seconds
Number of updated asset objects reloaded before import = 0Number of asset objects unloaded after import = 2

========================================================================
Received Import Request.
  Time since last request: 0.000039 seconds.
  path: Assets/Reallusion/CCiC Unity Tools/HDRP/Shaders/RL_Function_WrinkleSystem.shadersubgraph
  artifactKey: Guid(eb5a7673e0bf6f341ad6a60f3d98ae7e) Importer(2089858483,b0f066a214c2f5e87bad3c948f4d605d)
Start importing Assets/Reallusion/CCiC Unity Tools/HDRP/Shaders/RL_Function_WrinkleSystem.shadersubgraph using Guid(eb5a7673e0bf6f341ad6a60f3d98ae7e) Importer(2089858483,b0f066a214c2f5e87bad3c948f4d605d) (ScriptedImporter) -> (artifact id: 'bbb71a7654f6fa32b98c190ef2d55bf5') in 0.0035735 seconds
Number of updated asset objects reloaded before import = 0Number of asset objects unloaded after import = 1

========================================================================
Received Import Request.
  Time since last request: 0.000065 seconds.
  path: Assets/Reallusion/CCiC Unity Tools/HDRP/Material Templates/Tessellation/RL_Template_HQ_CorneaParallax_HDRP_T.mat
  artifactKey: Guid(ce35cbc600c694846aa46e5ffbf46844) Importer(2089858483,b0f066a214c2f5e87bad3c948f4d605d)
Start importing Assets/Reallusion/CCiC Unity Tools/HDRP/Material Templates/Tessellation/RL_Template_HQ_CorneaParallax_HDRP_T.mat using Guid(ce35cbc600c694846aa46e5ffbf46844) Importer(2089858483,b0f066a214c2f5e87bad3c948f4d605d) (ScriptedImporter) -> (artifact id: 'd39f5c98aa35774ccf005f8a2eea27d5') in 0.005622458 seconds
Number of updated asset objects reloaded before import = 0Number of asset objects unloaded after import = 1

========================================================================
Received Import Request.
  Time since last request: 0.000092 seconds.
  path: Assets/Reallusion/CCiC Unity Tools/HDRP/Material Templates/Tessellation/RL_Template_Default_Eyelash_HDRP_T.mat
  artifactKey: Guid(0a43f26a370dc93408ccd931d4c7617d) Importer(2089858483,b0f066a214c2f5e87bad3c948f4d605d)
Start importing Assets/Reallusion/CCiC Unity Tools/HDRP/Material Templates/Tessellation/RL_Template_Default_Eyelash_HDRP_T.mat using Guid(0a43f26a370dc93408ccd931d4c7617d) Importer(2089858483,b0f066a214c2f5e87bad3c948f4d605d) (ScriptedImporter) -> (artifact id: '49747c6e62010d41851873cf9acb1272') in 0.004797167 seconds
Number of updated asset objects reloaded before import = 0Number of asset objects unloaded after import = 4

========================================================================
Received Import Request.
  Time since last request: 0.000094 seconds.
  path: Assets/Reallusion/CCiC Unity Tools/HDRP/Material Templates/Tessellation/RL_Template_Default_Skin_HDRP_T.mat
  artifactKey: Guid(d17e465fe97436041aae73a3ff516d7d) Importer(2089858483,b0f066a214c2f5e87bad3c948f4d605d)
Start importing Assets/Reallusion/CCiC Unity Tools/HDRP/Material Templates/Tessellation/RL_Template_Default_Skin_HDRP_T.mat using Guid(d17e465fe97436041aae73a3ff516d7d) Importer(2089858483,b0f066a214c2f5e87bad3c948f4d605d) (ScriptedImporter) -> (artifact id: '1a01b2750401c9caa44b07a9dcc4faa9') in 0.004787917 seconds
Number of updated asset objects reloaded before import = 0Number of asset objects unloaded after import = 4

========================================================================
Received Import Request.
  Time since last request: 0.000031 seconds.
  path: Assets/Reallusion/CCiC Unity Tools/HDRP/Material Templates/Tessellation/RL_Template_Baked_HairCustom_2nd_Pass_HDRP_T.mat
  artifactKey: Guid(11e53aeb8c7cd5d40bb47346ae778130) Importer(2089858483,b0f066a214c2f5e87bad3c948f4d605d)
Start importing Assets/Reallusion/CCiC Unity Tools/HDRP/Material Templates/Tessellation/RL_Template_Baked_HairCustom_2nd_Pass_HDRP_T.mat using Guid(11e53aeb8c7cd5d40bb47346ae778130) Importer(2089858483,b0f066a214c2f5e87bad3c948f4d605d) (ScriptedImporter) -> (artifact id: '3e930d94a23c4b366ad2a44d1cf4477d') in 0.010133959 seconds
Number of updated asset objects reloaded before import = 0Number of asset objects unloaded after import = 2

========================================================================
Received Import Request.
  Time since last request: 0.000092 seconds.
  path: Assets/Reallusion/CCiC Unity Tools/HDRP/Material Templates/RL_Template_HQ_Head_HDRP_DH.mat
  artifactKey: Guid(2cfef06c0a0cf2f42945d40b9fa2e007) Importer(2089858483,b0f066a214c2f5e87bad3c948f4d605d)
Start importing Assets/Reallusion/CCiC Unity Tools/HDRP/Material Templates/RL_Template_HQ_Head_HDRP_DH.mat using Guid(2cfef06c0a0cf2f42945d40b9fa2e007) Importer(2089858483,b0f066a214c2f5e87bad3c948f4d605d) (ScriptedImporter) -> (artifact id: 'affa6f1b0efc4a2d22bac4894e7356c9') in 0.005467083 seconds
Number of updated asset objects reloaded before import = 0Number of asset objects unloaded after import = 8

========================================================================
Received Import Request.
  Time since last request: 0.000064 seconds.
  path: Assets/Characters/2/Baked/2/Textures/Std_Skin_Head_HDRP.png
  artifactKey: Guid(7a7e979bafb06fc4fa43a7f0a2942d3b) Importer(2089858483,b0f066a214c2f5e87bad3c948f4d605d)
Start importing Assets/Characters/2/Baked/2/Textures/Std_Skin_Head_HDRP.png using Guid(7a7e979bafb06fc4fa43a7f0a2942d3b) Importer(2089858483,b0f066a214c2f5e87bad3c948f4d605d) (ScriptedImporter) -> (artifact id: '174d982648a121ccbe8bbead63b4ce91') in 0.004653916 seconds
Number of updated asset objects reloaded before import = 0Number of asset objects unloaded after import = 1

========================================================================
Received Import Request.
  Time since last request: 0.000055 seconds.
  path: Assets/Reallusion/CCiC Unity Tools/HDRP/Shaders/RL_HeadShaderWrinkle_Baked_HDRP.shadergraph
  artifactKey: Guid(3ee3b6fd4bf488749b8933893a198397) Importer(2089858483,b0f066a214c2f5e87bad3c948f4d605d)
Start importing Assets/Reallusion/CCiC Unity Tools/HDRP/Shaders/RL_HeadShaderWrinkle_Baked_HDRP.shadergraph using Guid(3ee3b6fd4bf488749b8933893a198397) Importer(2089858483,b0f066a214c2f5e87bad3c948f4d605d) (ScriptedImporter) -> (artifact id: '4ba99d992b87f895f1452b6c89a082fe') in 0.004907542 seconds
Number of updated asset objects reloaded before import = 0Number of asset objects unloaded after import = 3

========================================================================
Received Import Request.
  Time since last request: 0.000090 seconds.
  path: Assets/Reallusion/CCiC Unity Tools/HDRP/Preview Scene/Atmosphere/RL_previewGlobalProfile_BlurWarm.asset
  artifactKey: Guid(a014c43804b9fc74b96384647e912c67) Importer(2089858483,b0f066a214c2f5e87bad3c948f4d605d)
Start importing Assets/Reallusion/CCiC Unity Tools/HDRP/Preview Scene/Atmosphere/RL_previewGlobalProfile_BlurWarm.asset using Guid(a014c43804b9fc74b96384647e912c67) Importer(2089858483,b0f066a214c2f5e87bad3c948f4d605d) (ScriptedImporter) -> (artifact id: 'ed3bd49dd12f8abc622c72b7c0ed0a13') in 0.002943708 seconds
Number of updated asset objects reloaded before import = 0Number of asset objects unloaded after import = 7

========================================================================
Received Import Request.
  Time since last request: 0.000067 seconds.
  path: Assets/Reallusion/CCiC Unity Tools/HDRP/Material Templates/Tessellation/RL_Template_HQ_Skin_HDRP_T.mat
  artifactKey: Guid(32edb5732b70a9a489321a059753bfd0) Importer(2089858483,b0f066a214c2f5e87bad3c948f4d605d)
Start importing Assets/Reallusion/CCiC Unity Tools/HDRP/Material Templates/Tessellation/RL_Template_HQ_Skin_HDRP_T.mat using Guid(32edb5732b70a9a489321a059753bfd0) Importer(2089858483,b0f066a214c2f5e87bad3c948f4d605d) (ScriptedImporter) -> (artifact id: 'cdd0b4dda1ca76e4d5b617fb453fc7df') in 0.002788042 seconds
Number of updated asset objects reloaded before import = 0Number of asset objects unloaded after import = 1

========================================================================
Received Import Request.
  Time since last request: 0.000032 seconds.
  path: Assets/Reallusion/CCiC Unity Tools/HDRP/Preview Scene/Atmosphere/RL_previewGlobalProfile_BrightSide.asset
  artifactKey: Guid(6ac84c2fff8f4b84b9b845ff4f95671d) Importer(2089858483,b0f066a214c2f5e87bad3c948f4d605d)
Start importing Assets/Reallusion/CCiC Unity Tools/HDRP/Preview Scene/Atmosphere/RL_previewGlobalProfile_BrightSide.asset using Guid(6ac84c2fff8f4b84b9b845ff4f95671d) Importer(2089858483,b0f066a214c2f5e87bad3c948f4d605d) (ScriptedImporter) -> (artifact id: '6922ada1cf2dfdaceccb10fe19ff52b2') in 0.002370375 seconds
Number of updated asset objects reloaded before import = 0Number of asset objects unloaded after import = 7

========================================================================
Received Import Request.
  Time since last request: 0.000042 seconds.
  path: Assets/Reallusion/CCiC Unity Tools/HDRP/Material Templates/Tessellation/RL_Template_Baked_CorneaRefractiveCustom_HDRP_T.mat
  artifactKey: Guid(cd9ffd8dc1c26e64d9e3e3b966ba0378) Importer(2089858483,b0f066a214c2f5e87bad3c948f4d605d)
Start importing Assets/Reallusion/CCiC Unity Tools/HDRP/Material Templates/Tessellation/RL_Template_Baked_CorneaRefractiveCustom_HDRP_T.mat using Guid(cd9ffd8dc1c26e64d9e3e3b966ba0378) Importer(2089858483,b0f066a214c2f5e87bad3c948f4d605d) (ScriptedImporter) -> (artifact id: '0e8688895ca275e26c70da253500e94c') in 0.003271125 seconds
Number of updated asset objects reloaded before import = 0Number of asset objects unloaded after import = 3

========================================================================
Received Import Request.
  Time since last request: 0.000032 seconds.
  path: Assets/Reallusion/CCiC Unity Tools/HDRP/Material Templates/RL_Template_HQ_CorneaBasic_HDRP.mat
  artifactKey: Guid(27fa3f4fbbe011843870a7ca7b5b2004) Importer(2089858483,b0f066a214c2f5e87bad3c948f4d605d)
Start importing Assets/Reallusion/CCiC Unity Tools/HDRP/Material Templates/RL_Template_HQ_CorneaBasic_HDRP.mat using Guid(27fa3f4fbbe011843870a7ca7b5b2004) Importer(2089858483,b0f066a214c2f5e87bad3c948f4d605d) (ScriptedImporter) -> (artifact id: 'a01a784486c771ec3bd8c989abb42f70') in 0.00806475 seconds
Number of updated asset objects reloaded before import = 0Number of asset objects unloaded after import = 2

========================================================================
Received Import Request.
  Time since last request: 0.000026 seconds.
  path: Assets/Reallusion/CCiC Unity Tools/HDRP/Material Templates/Tessellation/RL_Template_Baked_CorneaParallaxCustom_HDRP_T.mat
  artifactKey: Guid(8a875fa17b832a84e8dd268295c4724d) Importer(2089858483,b0f066a214c2f5e87bad3c948f4d605d)
Start importing Assets/Reallusion/CCiC Unity Tools/HDRP/Material Templates/Tessellation/RL_Template_Baked_CorneaParallaxCustom_HDRP_T.mat using Guid(8a875fa17b832a84e8dd268295c4724d) Importer(2089858483,b0f066a214c2f5e87bad3c948f4d605d) (ScriptedImporter) -> (artifact id: '7416409b7136c8b07f8846d5031c3912') in 0.0078485 seconds
Number of updated asset objects reloaded before import = 0Number of asset objects unloaded after import = 4

========================================================================
Received Import Request.
  Time since last request: 0.000042 seconds.
  path: Assets/Reallusion/CCiC Unity Tools/Textures/RL_GameBaseMulti_Leg_SSS_Mask.png
  artifactKey: Guid(301b787bf8126ee4393817fa2f2c2a30) Importer(2089858483,b0f066a214c2f5e87bad3c948f4d605d)
Start importing Assets/Reallusion/CCiC Unity Tools/Textures/RL_GameBaseMulti_Leg_SSS_Mask.png using Guid(301b787bf8126ee4393817fa2f2c2a30) Importer(2089858483,b0f066a214c2f5e87bad3c948f4d605d) (ScriptedImporter) -> (artifact id: 'da8768a0343407190962b99e2eb1e8b2') in 0.004394083 seconds
Number of updated asset objects reloaded before import = 0Number of asset objects unloaded after import = 1

========================================================================
Received Import Request.
  Time since last request: 0.000035 seconds.
  path: Assets/Reallusion/CCiC Unity Tools/HDRP/Shaders/RL_HairShader_Variants_HDRP.shadergraph
  artifactKey: Guid(1b1fb9190f9a21344931aa2df1b6a845) Importer(2089858483,b0f066a214c2f5e87bad3c948f4d605d)
Start importing Assets/Reallusion/CCiC Unity Tools/HDRP/Shaders/RL_HairShader_Variants_HDRP.shadergraph using Guid(1b1fb9190f9a21344931aa2df1b6a845) Importer(2089858483,b0f066a214c2f5e87bad3c948f4d605d) (ScriptedImporter) -> (artifact id: 'c6107902b2ba08bcdcccc077d7ff22f6') in 0.005178083 seconds
Number of updated asset objects reloaded before import = 0Number of asset objects unloaded after import = 3

========================================================================
Received Import Request.
  Time since last request: 0.000065 seconds.
  path: Assets/Reallusion/CCiC Unity Tools/HDRP/Preview Scene/Atmosphere/RL_previewGlobalProfile_Outdoor.asset
  artifactKey: Guid(5b41ddd1735031a499e6cc1bc703681d) Importer(2089858483,b0f066a214c2f5e87bad3c948f4d605d)
Start importing Assets/Reallusion/CCiC Unity Tools/HDRP/Preview Scene/Atmosphere/RL_previewGlobalProfile_Outdoor.asset using Guid(5b41ddd1735031a499e6cc1bc703681d) Importer(2089858483,b0f066a214c2f5e87bad3c948f4d605d) (ScriptedImporter) -> (artifact id: '777b81f1183e05f7a207b4f23348d370') in 0.00230425 seconds
Number of updated asset objects reloaded before import = 0Number of asset objects unloaded after import = 7

========================================================================
Received Import Request.
  Time since last request: 0.000039 seconds.
  path: Assets/Reallusion/CCiC Unity Tools/HDRP/Preview Scene/Atmosphere/RL_previewSkyAndFogProfile_LeadingRole.asset
  artifactKey: Guid(9ccc185153fa77944bfd8fc720a37dfa) Importer(2089858483,b0f066a214c2f5e87bad3c948f4d605d)
Start importing Assets/Reallusion/CCiC Unity Tools/HDRP/Preview Scene/Atmosphere/RL_previewSkyAndFogProfile_LeadingRole.asset using Guid(9ccc185153fa77944bfd8fc720a37dfa) Importer(2089858483,b0f066a214c2f5e87bad3c948f4d605d) (ScriptedImporter) -> (artifact id: '87edf8e9956908fc17948f280272949c') in 0.002422709 seconds
Number of updated asset objects reloaded before import = 0Number of asset objects unloaded after import = 3

========================================================================
Received Import Request.
  Time since last request: 0.000085 seconds.
  path: Assets/Reallusion/CCiC Unity Tools/HDRP/Preview Scene/Atmosphere/RL_previewSkyAndFogProfile_CinematicDark.asset
  artifactKey: Guid(0460dd569ef62d04e844859ba57c83d3) Importer(2089858483,b0f066a214c2f5e87bad3c948f4d605d)
Start importing Assets/Reallusion/CCiC Unity Tools/HDRP/Preview Scene/Atmosphere/RL_previewSkyAndFogProfile_CinematicDark.asset using Guid(0460dd569ef62d04e844859ba57c83d3) Importer(2089858483,b0f066a214c2f5e87bad3c948f4d605d) (ScriptedImporter) -> (artifact id: '6a52f2062ef3d484a328f154a6204492') in 0.001891458 seconds
Number of updated asset objects reloaded before import = 0Number of asset objects unloaded after import = 3

========================================================================
Received Import Request.
  Time since last request: 0.000041 seconds.
  path: Assets/Reallusion/CCiC Unity Tools/HDRP/Preview Scene/RL_FloorSpot.mat
  artifactKey: Guid(4ce5021a1900ab745a10e11db4f67b32) Importer(2089858483,b0f066a214c2f5e87bad3c948f4d605d)
Start importing Assets/Reallusion/CCiC Unity Tools/HDRP/Preview Scene/RL_FloorSpot.mat using Guid(4ce5021a1900ab745a10e11db4f67b32) Importer(2089858483,b0f066a214c2f5e87bad3c948f4d605d) (ScriptedImporter) -> (artifact id: '9aaff8fbc87dd5b1aa36d6269bfc83e6') in 0.003788667 seconds
Number of updated asset objects reloaded before import = 0Number of asset objects unloaded after import = 2

========================================================================
Received Import Request.
  Time since last request: 0.000037 seconds.
  path: Assets/Reallusion/CCiC Unity Tools/Textures/RL_GamebaseSingle_Body_Thickness.png
  artifactKey: Guid(8476eee60a9754547ac559a34b601344) Importer(2089858483,b0f066a214c2f5e87bad3c948f4d605d)
Start importing Assets/Reallusion/CCiC Unity Tools/Textures/RL_GamebaseSingle_Body_Thickness.png using Guid(8476eee60a9754547ac559a34b601344) Importer(2089858483,b0f066a214c2f5e87bad3c948f4d605d) (ScriptedImporter) -> (artifact id: 'a5278c068ef4d742b4b1ec7bafc35d58') in 0.005140875 seconds
Number of updated asset objects reloaded before import = 0Number of asset objects unloaded after import = 1

========================================================================
Received Import Request.
  Time since last request: 0.000021 seconds.
  path: Assets/Reallusion/CCiC Unity Tools/Textures/RL_GameBaseMulti_Head_Transmission.png
  artifactKey: Guid(62872029cca16e443beb786bf6cb73d9) Importer(2089858483,b0f066a214c2f5e87bad3c948f4d605d)
Start importing Assets/Reallusion/CCiC Unity Tools/Textures/RL_GameBaseMulti_Head_Transmission.png using Guid(62872029cca16e443beb786bf6cb73d9) Importer(2089858483,b0f066a214c2f5e87bad3c948f4d605d) (ScriptedImporter) -> (artifact id: 'ecf6121218a54b53dc9ecb2410c69abe') in 0.005000584 seconds
Number of updated asset objects reloaded before import = 0Number of asset objects unloaded after import = 1

========================================================================
Received Import Request.
  Time since last request: 0.000051 seconds.
  path: Assets/Reallusion/CCiC Unity Tools/HDRP/Material Templates/RL_Template_HQ_Hair_1st_Pass_HDRP.mat
  artifactKey: Guid(7701ab52c302b134ab094404fee45119) Importer(2089858483,b0f066a214c2f5e87bad3c948f4d605d)
Start importing Assets/Reallusion/CCiC Unity Tools/HDRP/Material Templates/RL_Template_HQ_Hair_1st_Pass_HDRP.mat using Guid(7701ab52c302b134ab094404fee45119) Importer(2089858483,b0f066a214c2f5e87bad3c948f4d605d) (ScriptedImporter) -> (artifact id: 'c079eb52eb4d0bffacc6f5bc7ac112b5') in 0.011044541 seconds
Number of updated asset objects reloaded before import = 0Number of asset objects unloaded after import = 2

========================================================================
Received Import Request.
  Time since last request: 0.000033 seconds.
  path: Assets/Reallusion/CCiC Unity Tools/HDRP/Shaders/Tessellation/RL_TongueShader_HDRP_Tessellation.shadergraph
  artifactKey: Guid(a78ef18f64241ab44baa313c0c3b1d6b) Importer(2089858483,b0f066a214c2f5e87bad3c948f4d605d)
Start importing Assets/Reallusion/CCiC Unity Tools/HDRP/Shaders/Tessellation/RL_TongueShader_HDRP_Tessellation.shadergraph using Guid(a78ef18f64241ab44baa313c0c3b1d6b) Importer(2089858483,b0f066a214c2f5e87bad3c948f4d605d) (ScriptedImporter) -> (artifact id: 'f3d2e8fb3dfc301e1316b449313d7177') in 0.004520958 seconds
Number of updated asset objects reloaded before import = 0Number of asset objects unloaded after import = 2

========================================================================
Received Import Request.
  Time since last request: 0.000027 seconds.
  path: Assets/Reallusion/CCiC Unity Tools/HDRP/Shaders/Tessellation/RL_HairShaderMultiPass_Variants_HDRP_Tessellation.shadergraph
  artifactKey: Guid(59adc6954f9abbf4b8c16a770e746925) Importer(2089858483,b0f066a214c2f5e87bad3c948f4d605d)
Start importing Assets/Reallusion/CCiC Unity Tools/HDRP/Shaders/Tessellation/RL_HairShaderMultiPass_Variants_HDRP_Tessellation.shadergraph using Guid(59adc6954f9abbf4b8c16a770e746925) Importer(2089858483,b0f066a214c2f5e87bad3c948f4d605d) (ScriptedImporter) -> (artifact id: 'd5221ad325d00d46ba20fde0105ceaba') in 0.005778041 seconds
Number of updated asset objects reloaded before import = 0Number of asset objects unloaded after import = 3

========================================================================
Received Import Request.
  Time since last request: 0.000062 seconds.
  path: Assets/Reallusion/CCiC Unity Tools/HDRP/Shaders/Tessellation/RL_HairShader_Baked_HDRP_Tessellation.shadergraph
  artifactKey: Guid(a3c9ad516f103934fbed433b9b48b6f4) Importer(2089858483,b0f066a214c2f5e87bad3c948f4d605d)
Start importing Assets/Reallusion/CCiC Unity Tools/HDRP/Shaders/Tessellation/RL_HairShader_Baked_HDRP_Tessellation.shadergraph using Guid(a3c9ad516f103934fbed433b9b48b6f4) Importer(2089858483,b0f066a214c2f5e87bad3c948f4d605d) (ScriptedImporter) -> (artifact id: '527721391b15be36f53b860462f8e909') in 0.015396791 seconds
Number of updated asset objects reloaded before import = 0Number of asset objects unloaded after import = 3

========================================================================
Received Import Request.
  Time since last request: 0.000027 seconds.
  path: Assets/Characters/2/textures/2/2/CC_Base_Body/Std_Eyelash/Std_Eyelash_MetallicAlpha.png
  artifactKey: Guid(4c7de81aec184be4091c384bcb79973a) Importer(2089858483,b0f066a214c2f5e87bad3c948f4d605d)
Start importing Assets/Characters/2/textures/2/2/CC_Base_Body/Std_Eyelash/Std_Eyelash_MetallicAlpha.png using Guid(4c7de81aec184be4091c384bcb79973a) Importer(2089858483,b0f066a214c2f5e87bad3c948f4d605d) (ScriptedImporter) -> (artifact id: '48600fd9e4c955da6e99bae52a14fe5b') in 0.006343208 seconds
Number of updated asset objects reloaded before import = 0Number of asset objects unloaded after import = 1

========================================================================
Received Import Request.
  Time since last request: 0.140323 seconds.
  path: Assets/Characters/2/Materials/2/Hair_Transparency_2_2nd_Pass.mat
  artifactKey: Guid(64855589af331824abce901b33dfef18) Importer(2089858483,b0f066a214c2f5e87bad3c948f4d605d)
Start importing Assets/Characters/2/Materials/2/Hair_Transparency_2_2nd_Pass.mat using Guid(64855589af331824abce901b33dfef18) Importer(2089858483,b0f066a214c2f5e87bad3c948f4d605d) (ScriptedImporter) -> (artifact id: 'df963f70e906f988e8dc4de6feabd9dc') in 0.01046375 seconds
Number of updated asset objects reloaded before import = 0Number of asset objects unloaded after import = 7

========================================================================
Received Import Request.
  Time since last request: 0.000060 seconds.
  path: Assets/Characters/2/textures/2/2/CC_Base_Body/Std_Nails/Std_Nails_ao.jpg
  artifactKey: Guid(90475ab33ffdb1e4faa0dd8659fbc84b) Importer(2089858483,b0f066a214c2f5e87bad3c948f4d605d)
Start importing Assets/Characters/2/textures/2/2/CC_Base_Body/Std_Nails/Std_Nails_ao.jpg using Guid(90475ab33ffdb1e4faa0dd8659fbc84b) Importer(2089858483,b0f066a214c2f5e87bad3c948f4d605d) (ScriptedImporter) -> (artifact id: '99eabed623abfdaec4aab86b688525fd') in 0.005649583 seconds
Number of updated asset objects reloaded before import = 0Number of asset objects unloaded after import = 1

========================================================================
Received Import Request.
  Time since last request: 0.000088 seconds.
  path: Assets/Characters/2/Materials/2/Hair_Transparency_2nd_Pass.mat
  artifactKey: Guid(585d0d26d534caf4a98302298818a278) Importer(2089858483,b0f066a214c2f5e87bad3c948f4d605d)
Start importing Assets/Characters/2/Materials/2/Hair_Transparency_2nd_Pass.mat using Guid(585d0d26d534caf4a98302298818a278) Importer(2089858483,b0f066a214c2f5e87bad3c948f4d605d) (ScriptedImporter) -> (artifact id: '330a613ceff91524072e8ca116c05d50') in 0.010413833 seconds
Number of updated asset objects reloaded before import = 0Number of asset objects unloaded after import = 8

========================================================================
Received Import Request.
  Time since last request: 0.000082 seconds.
  path: Assets/Characters/2/Materials/2/Rocker_Jeans.mat
  artifactKey: Guid(8a1f4e9e5f5879b4d8081d7afdee2990) Importer(2089858483,b0f066a214c2f5e87bad3c948f4d605d)
Start importing Assets/Characters/2/Materials/2/Rocker_Jeans.mat using Guid(8a1f4e9e5f5879b4d8081d7afdee2990) Importer(2089858483,b0f066a214c2f5e87bad3c948f4d605d) (ScriptedImporter) -> (artifact id: '60a78f708198caa65d94c0966de7377d') in 0.008724042 seconds
Number of updated asset objects reloaded before import = 0Number of asset objects unloaded after import = 4

========================================================================
Received Import Request.
  Time since last request: 0.000088 seconds.
  path: Assets/Characters/2/Materials/2/Scalp_Transparency.mat
  artifactKey: Guid(fea1d9ec3b8fc2748acc16acc7d833b3) Importer(2089858483,b0f066a214c2f5e87bad3c948f4d605d)
Start importing Assets/Characters/2/Materials/2/Scalp_Transparency.mat using Guid(fea1d9ec3b8fc2748acc16acc7d833b3) Importer(2089858483,b0f066a214c2f5e87bad3c948f4d605d) (ScriptedImporter) -> (artifact id: '2d1cd787be1beb82b493db13560b9049') in 0.004243084 seconds
Number of updated asset objects reloaded before import = 0Number of asset objects unloaded after import = 3

========================================================================
Received Import Request.
  Time since last request: 0.000034 seconds.
  path: Assets/Characters/2/textures/2/2/CC_Base_Body/Std_Nails/Std_Nails_MicroNMask.jpg
  artifactKey: Guid(945bde9236fbbd54c96f2102c7e92bbc) Importer(2089858483,b0f066a214c2f5e87bad3c948f4d605d)
Start importing Assets/Characters/2/textures/2/2/CC_Base_Body/Std_Nails/Std_Nails_MicroNMask.jpg using Guid(945bde9236fbbd54c96f2102c7e92bbc) Importer(2089858483,b0f066a214c2f5e87bad3c948f4d605d) (ScriptedImporter) -> (artifact id: '1bb5a15bd3b28a8b665ce7fef649178a') in 0.015345083 seconds
Number of updated asset objects reloaded before import = 0Number of asset objects unloaded after import = 1

========================================================================
Received Import Request.
  Time since last request: 0.000036 seconds.
  path: Assets/Characters/2/textures/2/2/CC_Base_Body/Std_Nails/Std_Nails_ResourceMap_Position.png
  artifactKey: Guid(2581626a2dd1d0e438f95b0106243be9) Importer(2089858483,b0f066a214c2f5e87bad3c948f4d605d)
Start importing Assets/Characters/2/textures/2/2/CC_Base_Body/Std_Nails/Std_Nails_ResourceMap_Position.png using Guid(2581626a2dd1d0e438f95b0106243be9) Importer(2089858483,b0f066a214c2f5e87bad3c948f4d605d) (ScriptedImporter) -> (artifact id: 'a0d8cf644433b29c1cf1e99629770f0b') in 0.003972834 seconds
Number of updated asset objects reloaded before import = 0Number of asset objects unloaded after import = 1

========================================================================
Received Import Request.
  Time since last request: 0.000073 seconds.
  path: Assets/Characters/2/textures/2/2/CC_Base_Body/Std_Eyelash/Std_Eyelash_ao.jpg
  artifactKey: Guid(b5f66c0abccddd44aab40afce9bcc277) Importer(2089858483,b0f066a214c2f5e87bad3c948f4d605d)
Start importing Assets/Characters/2/textures/2/2/CC_Base_Body/Std_Eyelash/Std_Eyelash_ao.jpg using Guid(b5f66c0abccddd44aab40afce9bcc277) Importer(2089858483,b0f066a214c2f5e87bad3c948f4d605d) (ScriptedImporter) -> (artifact id: '1e4dcbc0a9f1965a56ba28b01737cae4') in 0.0057385 seconds
Number of updated asset objects reloaded before import = 0Number of asset objects unloaded after import = 1

========================================================================
Received Import Request.
  Time since last request: 0.000053 seconds.
  path: Assets/Characters/2/textures/2/2/CC_Base_Body/Std_Skin_Arm/Std_Skin_Arm_RGBAMask.tga
  artifactKey: Guid(57257b0d20935374b8019df3304b07b7) Importer(2089858483,b0f066a214c2f5e87bad3c948f4d605d)
Start importing Assets/Characters/2/textures/2/2/CC_Base_Body/Std_Skin_Arm/Std_Skin_Arm_RGBAMask.tga using Guid(57257b0d20935374b8019df3304b07b7) Importer(2089858483,b0f066a214c2f5e87bad3c948f4d605d) (ScriptedImporter) -> (artifact id: '4768fab1a76e23f039f6977654582226') in 0.0036135 seconds
Number of updated asset objects reloaded before import = 0Number of asset objects unloaded after import = 1

========================================================================
Received Import Request.
  Time since last request: 0.000040 seconds.
  path: Assets/Characters/2/textures/2/2/CC_Base_Body/Std_Skin_Body/Std_Skin_Body_MicroNMask.jpg
  artifactKey: Guid(2ee183680d2f1f4489be2d1ac1076219) Importer(2089858483,b0f066a214c2f5e87bad3c948f4d605d)
Start importing Assets/Characters/2/textures/2/2/CC_Base_Body/Std_Skin_Body/Std_Skin_Body_MicroNMask.jpg using Guid(2ee183680d2f1f4489be2d1ac1076219) Importer(2089858483,b0f066a214c2f5e87bad3c948f4d605d) (ScriptedImporter) -> (artifact id: '68c7d6eaa40428f8c458974748418554') in 0.005262667 seconds
Number of updated asset objects reloaded before import = 0Number of asset objects unloaded after import = 1

========================================================================
Received Import Request.
  Time since last request: 0.000036 seconds.
  path: Assets/Characters/2/textures/2/2/CC_Base_Body/Std_Skin_Arm/Std_Skin_Arm_TransMap.png
  artifactKey: Guid(1e698a8762fc7f14d9cf69a0ec608002) Importer(2089858483,b0f066a214c2f5e87bad3c948f4d605d)
Start importing Assets/Characters/2/textures/2/2/CC_Base_Body/Std_Skin_Arm/Std_Skin_Arm_TransMap.png using Guid(1e698a8762fc7f14d9cf69a0ec608002) Importer(2089858483,b0f066a214c2f5e87bad3c948f4d605d) (ScriptedImporter) -> (artifact id: '1face1ab249b39205f05bd44480dab7a') in 0.006745166 seconds
Number of updated asset objects reloaded before import = 0Number of asset objects unloaded after import = 1

========================================================================
Received Import Request.
  Time since last request: 0.000031 seconds.
  path: Assets/Characters/2/textures/2/2/CC_Base_Body/Std_Skin_Arm/Std_Skin_Arm_SSSMap.png
  artifactKey: Guid(7438b442a999a76459b0825474b2946b) Importer(2089858483,b0f066a214c2f5e87bad3c948f4d605d)
Start importing Assets/Characters/2/textures/2/2/CC_Base_Body/Std_Skin_Arm/Std_Skin_Arm_SSSMap.png using Guid(7438b442a999a76459b0825474b2946b) Importer(2089858483,b0f066a214c2f5e87bad3c948f4d605d) (ScriptedImporter) -> (artifact id: '582522865ab39289d26fc454d6656335') in 0.003733833 seconds
Number of updated asset objects reloaded before import = 0Number of asset objects unloaded after import = 1

========================================================================
Received Import Request.
  Time since last request: 0.000038 seconds.
  path: Assets/Characters/2/textures/2/2/CC_Base_Body/Std_Skin_Arm/Std_Skin_Arm_ResourceMap_WSNormal.png
  artifactKey: Guid(feaba847c02b51c46bfe49ea0c660f44) Importer(2089858483,b0f066a214c2f5e87bad3c948f4d605d)
Start importing Assets/Characters/2/textures/2/2/CC_Base_Body/Std_Skin_Arm/Std_Skin_Arm_ResourceMap_WSNormal.png using Guid(feaba847c02b51c46bfe49ea0c660f44) Importer(2089858483,b0f066a214c2f5e87bad3c948f4d605d) (ScriptedImporter) -> (artifact id: '6ac18fb6537cec160384a1f537dc0f6e') in 0.005013833 seconds
Number of updated asset objects reloaded before import = 0Number of asset objects unloaded after import = 1

========================================================================
Received Import Request.
  Time since last request: 0.000093 seconds.
  path: Assets/Characters/2/textures/2/2/CC_Base_Body/Std_Nails/Std_Nails_ResourceMap_WSNormal.png
  artifactKey: Guid(3acf0cd1db8dee842a4146876958a32b) Importer(2089858483,b0f066a214c2f5e87bad3c948f4d605d)
Start importing Assets/Characters/2/textures/2/2/CC_Base_Body/Std_Nails/Std_Nails_ResourceMap_WSNormal.png using Guid(3acf0cd1db8dee842a4146876958a32b) Importer(2089858483,b0f066a214c2f5e87bad3c948f4d605d) (ScriptedImporter) -> (artifact id: 'dd24e0972bb0b60d4e3f26e105bb235b') in 0.004822542 seconds
Number of updated asset objects reloaded before import = 0Number of asset objects unloaded after import = 1

========================================================================
Received Import Request.
  Time since last request: 0.000063 seconds.
  path: Assets/Characters/2/textures/2/2/CC_Base_Body/Std_Nails/Std_Nails_HDRP.png
  artifactKey: Guid(7ba2f7f8b8af5c847bd90001373f3d88) Importer(2089858483,b0f066a214c2f5e87bad3c948f4d605d)
Start importing Assets/Characters/2/textures/2/2/CC_Base_Body/Std_Nails/Std_Nails_HDRP.png using Guid(7ba2f7f8b8af5c847bd90001373f3d88) Importer(2089858483,b0f066a214c2f5e87bad3c948f4d605d) (ScriptedImporter) -> (artifact id: '31a7ea9c38139a82efd9e9d610379c52') in 0.013019291 seconds
Number of updated asset objects reloaded before import = 0Number of asset objects unloaded after import = 1

========================================================================
Received Import Request.
  Time since last request: 0.000057 seconds.
  path: Assets/Characters/2/textures/2/2/CC_Base_Body/Std_Skin_Head/Std_Skin_Head_MNAOMask.tga
  artifactKey: Guid(0c86c708b1bcb3e4eb18bb70e1a02e0c) Importer(2089858483,b0f066a214c2f5e87bad3c948f4d605d)
Start importing Assets/Characters/2/textures/2/2/CC_Base_Body/Std_Skin_Head/Std_Skin_Head_MNAOMask.tga using Guid(0c86c708b1bcb3e4eb18bb70e1a02e0c) Importer(2089858483,b0f066a214c2f5e87bad3c948f4d605d) (ScriptedImporter) -> (artifact id: '36bb85f989409c63c6125feaf8bb9784') in 0.003979209 seconds
Number of updated asset objects reloaded before import = 0Number of asset objects unloaded after import = 1

========================================================================
Received Import Request.
  Time since last request: 0.000080 seconds.
  path: Assets/Characters/2/textures/2/2/CC_Base_Body/Std_Skin_Head/Std_Skin_Head_NBMap.jpg
  artifactKey: Guid(893a215f7c5ada14fa17bd87e19031a4) Importer(2089858483,b0f066a214c2f5e87bad3c948f4d605d)
Start importing Assets/Characters/2/textures/2/2/CC_Base_Body/Std_Skin_Head/Std_Skin_Head_NBMap.jpg using Guid(893a215f7c5ada14fa17bd87e19031a4) Importer(2089858483,b0f066a214c2f5e87bad3c948f4d605d) (ScriptedImporter) -> (artifact id: '8e1da0e93aac9e6daec4385ec9e04fbc') in 0.00867825 seconds
Number of updated asset objects reloaded before import = 0Number of asset objects unloaded after import = 1

========================================================================
Received Import Request.
  Time since last request: 0.000078 seconds.
  path: Assets/Characters/2/textures/2/2/CC_Base_Body/Std_Skin_Head/Std_Skin_Head_MetallicAlpha.png
  artifactKey: Guid(c2ffce07407c69e4f9091166244c3b39) Importer(2089858483,b0f066a214c2f5e87bad3c948f4d605d)
Start importing Assets/Characters/2/textures/2/2/CC_Base_Body/Std_Skin_Head/Std_Skin_Head_MetallicAlpha.png using Guid(c2ffce07407c69e4f9091166244c3b39) Importer(2089858483,b0f066a214c2f5e87bad3c948f4d605d) (ScriptedImporter) -> (artifact id: '3e4bc585eea699024fe4292560290e53') in 0.007025083 seconds
Number of updated asset objects reloaded before import = 0Number of asset objects unloaded after import = 1

========================================================================
Received Import Request.
  Time since last request: 0.000035 seconds.
  path: Assets/Characters/2/textures/2/2/CC_Base_Body/Std_Skin_Head/Std_Skin_Head_ENMask.tga
  artifactKey: Guid(a317babf55af8ba40ac986b031bd2eaf) Importer(2089858483,b0f066a214c2f5e87bad3c948f4d605d)
Start importing Assets/Characters/2/textures/2/2/CC_Base_Body/Std_Skin_Head/Std_Skin_Head_ENMask.tga using Guid(a317babf55af8ba40ac986b031bd2eaf) Importer(2089858483,b0f066a214c2f5e87bad3c948f4d605d) (ScriptedImporter) -> (artifact id: 'ef65fa00002eec8d702e04de8ecb43a0') in 0.003731542 seconds
Number of updated asset objects reloaded before import = 0Number of asset objects unloaded after import = 1

========================================================================
Received Import Request.
  Time since last request: 0.000072 seconds.
  path: Assets/Characters/2/textures/2/2/CC_Base_Body/Std_Skin_Head/Std_Skin_Head_Blend Mask.png
  artifactKey: Guid(e3958bd076d025549aded0e2fe4e297d) Importer(2089858483,b0f066a214c2f5e87bad3c948f4d605d)
Start importing Assets/Characters/2/textures/2/2/CC_Base_Body/Std_Skin_Head/Std_Skin_Head_Blend Mask.png using Guid(e3958bd076d025549aded0e2fe4e297d) Importer(2089858483,b0f066a214c2f5e87bad3c948f4d605d) (ScriptedImporter) -> (artifact id: '320d7c2f3d385606df736545b3c98ee9') in 0.005807625 seconds
Number of updated asset objects reloaded before import = 0Number of asset objects unloaded after import = 1

========================================================================
Received Import Request.
  Time since last request: 0.000033 seconds.
  path: Assets/Characters/2/textures/2/2/CC_Base_Body/Std_Nails/Std_Nails_RGBAMask.tga
  artifactKey: Guid(6600db19790718d498e7608057a0db79) Importer(2089858483,b0f066a214c2f5e87bad3c948f4d605d)
Start importing Assets/Characters/2/textures/2/2/CC_Base_Body/Std_Nails/Std_Nails_RGBAMask.tga using Guid(6600db19790718d498e7608057a0db79) Importer(2089858483,b0f066a214c2f5e87bad3c948f4d605d) (ScriptedImporter) -> (artifact id: '2627d5ccb070f07c7c3c782099db8372') in 0.004139417 seconds
Number of updated asset objects reloaded before import = 0Number of asset objects unloaded after import = 1

========================================================================
Received Import Request.
  Time since last request: 0.000042 seconds.
  path: Assets/Characters/2/textures/2/2/CC_Base_Body/Std_Skin_Head/Std_Skin_Head_MicroNMask.jpg
  artifactKey: Guid(f9b4598a8852fc645983f19b730ca67a) Importer(2089858483,b0f066a214c2f5e87bad3c948f4d605d)
Start importing Assets/Characters/2/textures/2/2/CC_Base_Body/Std_Skin_Head/Std_Skin_Head_MicroNMask.jpg using Guid(f9b4598a8852fc645983f19b730ca67a) Importer(2089858483,b0f066a214c2f5e87bad3c948f4d605d) (ScriptedImporter) -> (artifact id: 'd915ab64921f8d2d1f19092d18777e96') in 0.014512292 seconds
Number of updated asset objects reloaded before import = 0Number of asset objects unloaded after import = 1

========================================================================
Received Import Request.
  Time since last request: 0.000063 seconds.
  path: Assets/Characters/2/textures/2/2/CC_Base_Body/Std_Skin_Leg/Std_Skin_Leg_MicroNMask.jpg
  artifactKey: Guid(eee4be392e009224db8d78c915b8f0f8) Importer(2089858483,b0f066a214c2f5e87bad3c948f4d605d)
Start importing Assets/Characters/2/textures/2/2/CC_Base_Body/Std_Skin_Leg/Std_Skin_Leg_MicroNMask.jpg using Guid(eee4be392e009224db8d78c915b8f0f8) Importer(2089858483,b0f066a214c2f5e87bad3c948f4d605d) (ScriptedImporter) -> (artifact id: '0e1fe5552e7e471adc7a71d89a5d3fc1') in 0.019657166 seconds
Number of updated asset objects reloaded before import = 0Number of asset objects unloaded after import = 1

========================================================================
Received Import Request.
  Time since last request: 0.000027 seconds.
  path: Assets/Characters/2/textures/2/2/CC_Base_Body/Std_Skin_Head/Std_Skin_Head_ResourceMap_WSNormal.png
  artifactKey: Guid(8844e559aab01ac44ada6d62a29efc5c) Importer(2089858483,b0f066a214c2f5e87bad3c948f4d605d)
Start importing Assets/Characters/2/textures/2/2/CC_Base_Body/Std_Skin_Head/Std_Skin_Head_ResourceMap_WSNormal.png using Guid(8844e559aab01ac44ada6d62a29efc5c) Importer(2089858483,b0f066a214c2f5e87bad3c948f4d605d) (ScriptedImporter) -> (artifact id: '9f5b82ace903771288d2ff0f0f89cf01') in 0.005927375 seconds
Number of updated asset objects reloaded before import = 0Number of asset objects unloaded after import = 1

========================================================================
Received Import Request.
  Time since last request: 0.000038 seconds.
  path: Assets/Characters/2/textures/2/2/CC_Base_Body/Std_Skin_Leg/Std_Skin_Leg_RGBAMask.tga
  artifactKey: Guid(e20663c6a828cb5499d75a26ff63aa43) Importer(2089858483,b0f066a214c2f5e87bad3c948f4d605d)
Start importing Assets/Characters/2/textures/2/2/CC_Base_Body/Std_Skin_Leg/Std_Skin_Leg_RGBAMask.tga using Guid(e20663c6a828cb5499d75a26ff63aa43) Importer(2089858483,b0f066a214c2f5e87bad3c948f4d605d) (ScriptedImporter) -> (artifact id: '591d133225e7890f75a874486a6108f4') in 0.005603209 seconds
Number of updated asset objects reloaded before import = 0Number of asset objects unloaded after import = 1

========================================================================
Received Import Request.
  Time since last request: 0.000042 seconds.
  path: Assets/Characters/2/textures/2/2/CC_Base_Body/Std_Skin_Head/Std_Skin_Head_SpecMask.jpg
  artifactKey: Guid(0a9fa032e85256c4f9fe60daec6fc2af) Importer(2089858483,b0f066a214c2f5e87bad3c948f4d605d)
Start importing Assets/Characters/2/textures/2/2/CC_Base_Body/Std_Skin_Head/Std_Skin_Head_SpecMask.jpg using Guid(0a9fa032e85256c4f9fe60daec6fc2af) Importer(2089858483,b0f066a214c2f5e87bad3c948f4d605d) (ScriptedImporter) -> (artifact id: 'c2d258784951bc6117a491159ad75a11') in 0.008061125 seconds
Number of updated asset objects reloaded before import = 0Number of asset objects unloaded after import = 1

========================================================================
Received Import Request.
  Time since last request: 0.000035 seconds.
  path: Assets/Characters/2/textures/2/2/CC_Base_Body/Std_Skin_Leg/Std_Skin_Leg_HDRP.png
  artifactKey: Guid(ea4d4dd8771338142844fe00c321fbd4) Importer(2089858483,b0f066a214c2f5e87bad3c948f4d605d)
Start importing Assets/Characters/2/textures/2/2/CC_Base_Body/Std_Skin_Leg/Std_Skin_Leg_HDRP.png using Guid(ea4d4dd8771338142844fe00c321fbd4) Importer(2089858483,b0f066a214c2f5e87bad3c948f4d605d) (ScriptedImporter) -> (artifact id: '6a7eb3901f702d1933391475de2e7fcc') in 0.015006875 seconds
Number of updated asset objects reloaded before import = 0Number of asset objects unloaded after import = 1

========================================================================
Received Import Request.
  Time since last request: 0.000022 seconds.
  path: Assets/Characters/2/textures/2/2/CC_Base_Body/Std_Skin_Leg/Std_Skin_Leg_ResourceMap_WSNormal.png
  artifactKey: Guid(ba1c86686f63e904fb56a1cf37a6ce0b) Importer(2089858483,b0f066a214c2f5e87bad3c948f4d605d)
Start importing Assets/Characters/2/textures/2/2/CC_Base_Body/Std_Skin_Leg/Std_Skin_Leg_ResourceMap_WSNormal.png using Guid(ba1c86686f63e904fb56a1cf37a6ce0b) Importer(2089858483,b0f066a214c2f5e87bad3c948f4d605d) (ScriptedImporter) -> (artifact id: '898559ecd54c877c2825885f08207ec8') in 0.004495959 seconds
Number of updated asset objects reloaded before import = 0Number of asset objects unloaded after import = 1

========================================================================
Received Import Request.
  Time since last request: 0.000033 seconds.
  path: Assets/Characters/2/textures/2/2/CC_Base_Body/Std_Skin_Head/Std_Skin_Head_ao.jpg
  artifactKey: Guid(df06ad51805265249aadd6e18a83a2b4) Importer(2089858483,b0f066a214c2f5e87bad3c948f4d605d)
Start importing Assets/Characters/2/textures/2/2/CC_Base_Body/Std_Skin_Head/Std_Skin_Head_ao.jpg using Guid(df06ad51805265249aadd6e18a83a2b4) Importer(2089858483,b0f066a214c2f5e87bad3c948f4d605d) (ScriptedImporter) -> (artifact id: '21682c3eb79b1a55100b8ac6b7074840') in 0.006159417 seconds
Number of updated asset objects reloaded before import = 0Number of asset objects unloaded after import = 1

========================================================================
Received Import Request.
  Time since last request: 0.000034 seconds.
  path: Assets/Characters/2/textures/2/2/CC_Base_Tongue/Std_Tongue/Std_Tongue_HDRP.png
  artifactKey: Guid(4e0cdf839c57573409891018f49a5332) Importer(2089858483,b0f066a214c2f5e87bad3c948f4d605d)
Start importing Assets/Characters/2/textures/2/2/CC_Base_Tongue/Std_Tongue/Std_Tongue_HDRP.png using Guid(4e0cdf839c57573409891018f49a5332) Importer(2089858483,b0f066a214c2f5e87bad3c948f4d605d) (ScriptedImporter) -> (artifact id: '62794278018f7eef56508468cf06ea29') in 0.005308542 seconds
Number of updated asset objects reloaded before import = 0Number of asset objects unloaded after import = 1

========================================================================
Received Import Request.
  Time since last request: 0.000034 seconds.
  path: Assets/Characters/2/textures/2/Bang/Bang/Hair_Transparency_2/Hair_Transparency_2_HDRP.png
  artifactKey: Guid(b1526c69e99f6674f92b1e1b5df8dc38) Importer(2089858483,b0f066a214c2f5e87bad3c948f4d605d)
Start importing Assets/Characters/2/textures/2/Bang/Bang/Hair_Transparency_2/Hair_Transparency_2_HDRP.png using Guid(b1526c69e99f6674f92b1e1b5df8dc38) Importer(2089858483,b0f066a214c2f5e87bad3c948f4d605d) (ScriptedImporter) -> (artifact id: '6b1efb3731338f7fe82153eff8626c4c') in 0.006413417 seconds
Number of updated asset objects reloaded before import = 0Number of asset objects unloaded after import = 1

========================================================================
Received Import Request.
  Time since last request: 0.000047 seconds.
  path: Assets/Characters/2/textures/2/Bang/Bang/Hair_Transparency_2/Hair_Transparency_2_WeightMap.png
  artifactKey: Guid(722d335c86436ca4faeea51ec1bb3dce) Importer(2089858483,b0f066a214c2f5e87bad3c948f4d605d)
Start importing Assets/Characters/2/textures/2/Bang/Bang/Hair_Transparency_2/Hair_Transparency_2_WeightMap.png using Guid(722d335c86436ca4faeea51ec1bb3dce) Importer(2089858483,b0f066a214c2f5e87bad3c948f4d605d) (ScriptedImporter) -> (artifact id: '65e33a62236f066d6c4bcd34101f2dd1') in 0.005510917 seconds
Number of updated asset objects reloaded before import = 0Number of asset objects unloaded after import = 1

========================================================================
Received Import Request.
  Time since last request: 0.000039 seconds.
  path: Assets/Characters/2/textures/2/Bang/Bang/Hair_Transparency_2/Hair_Transparency_2_Hair ID Map.png
  artifactKey: Guid(9c98ed7800a7d8d41bccfd0e336eaddc) Importer(2089858483,b0f066a214c2f5e87bad3c948f4d605d)
Start importing Assets/Characters/2/textures/2/Bang/Bang/Hair_Transparency_2/Hair_Transparency_2_Hair ID Map.png using Guid(9c98ed7800a7d8d41bccfd0e336eaddc) Importer(2089858483,b0f066a214c2f5e87bad3c948f4d605d) (ScriptedImporter) -> (artifact id: '5f895e22c93a9f2a68d4b110a1af5c31') in 0.008707625 seconds
Number of updated asset objects reloaded before import = 0Number of asset objects unloaded after import = 1

========================================================================
Received Import Request.
  Time since last request: 0.000040 seconds.
  path: Assets/Characters/2/textures/2/Bang/Bang/Hair_Transparency_2/Hair_Transparency_2_Hair Root Map.jpg
  artifactKey: Guid(e34f0480cc950c840a9a800eeee87988) Importer(2089858483,b0f066a214c2f5e87bad3c948f4d605d)
Start importing Assets/Characters/2/textures/2/Bang/Bang/Hair_Transparency_2/Hair_Transparency_2_Hair Root Map.jpg using Guid(e34f0480cc950c840a9a800eeee87988) Importer(2089858483,b0f066a214c2f5e87bad3c948f4d605d) (ScriptedImporter) -> (artifact id: 'eb26f7f1def289ab4d6864ba0f8378fa') in 0.005993833 seconds
Number of updated asset objects reloaded before import = 0Number of asset objects unloaded after import = 1

========================================================================
Received Import Request.
  Time since last request: 0.000032 seconds.
  path: Assets/Characters/2/textures/2/Bang/Bang/Hair_Transparency_2/Hair_Transparency_2_vertexcolormap.jpg
  artifactKey: Guid(f918553620269d44aa6fc56f326f7a5a) Importer(2089858483,b0f066a214c2f5e87bad3c948f4d605d)
Start importing Assets/Characters/2/textures/2/Bang/Bang/Hair_Transparency_2/Hair_Transparency_2_vertexcolormap.jpg using Guid(f918553620269d44aa6fc56f326f7a5a) Importer(2089858483,b0f066a214c2f5e87bad3c948f4d605d) (ScriptedImporter) -> (artifact id: '7398fed3e7182d5e933deeb3f3b0f8d9') in 0.004604459 seconds
Number of updated asset objects reloaded before import = 0Number of asset objects unloaded after import = 1

========================================================================
Received Import Request.
  Time since last request: 0.000038 seconds.
  path: Assets/Characters/2/textures/2/Bang/Bang/Hair_Transparency_2/Hair_Transparency_2_MetallicAlpha.png
  artifactKey: Guid(2790f1b9e87f12248a0dcdefddfa1ed6) Importer(2089858483,b0f066a214c2f5e87bad3c948f4d605d)
Start importing Assets/Characters/2/textures/2/Bang/Bang/Hair_Transparency_2/Hair_Transparency_2_MetallicAlpha.png using Guid(2790f1b9e87f12248a0dcdefddfa1ed6) Importer(2089858483,b0f066a214c2f5e87bad3c948f4d605d) (ScriptedImporter) -> (artifact id: '9b6f5f16a00f42ef07ebd8dacc3e7fc7') in 0.004457792 seconds
Number of updated asset objects reloaded before import = 0Number of asset objects unloaded after import = 1

========================================================================
Received Import Request.
  Time since last request: 0.000029 seconds.
  path: Assets/Characters/2/textures/2/Bun/Bun/Hair_Transparency_0/Hair_Transparency_0_Hair Flow Map.png
  artifactKey: Guid(313c884cbde2ceb4cab4bb02f1c0a7b2) Importer(2089858483,b0f066a214c2f5e87bad3c948f4d605d)
Start importing Assets/Characters/2/textures/2/Bun/Bun/Hair_Transparency_0/Hair_Transparency_0_Hair Flow Map.png using Guid(313c884cbde2ceb4cab4bb02f1c0a7b2) Importer(2089858483,b0f066a214c2f5e87bad3c948f4d605d) (ScriptedImporter) -> (artifact id: 'b3a1485fe8ff920203a14d4a3cf0062e') in 0.007025792 seconds
Number of updated asset objects reloaded before import = 0Number of asset objects unloaded after import = 1

========================================================================
Received Import Request.
  Time since last request: 0.000026 seconds.
  path: Assets/Characters/2/textures/2/Bun/Bun/Hair_Transparency_0/Hair_Transparency_0_HDRP.png
  artifactKey: Guid(1455727bc001a8f468dbc1af475db8ab) Importer(2089858483,b0f066a214c2f5e87bad3c948f4d605d)
Start importing Assets/Characters/2/textures/2/Bun/Bun/Hair_Transparency_0/Hair_Transparency_0_HDRP.png using Guid(1455727bc001a8f468dbc1af475db8ab) Importer(2089858483,b0f066a214c2f5e87bad3c948f4d605d) (ScriptedImporter) -> (artifact id: '3466ceb224aad827189146070ffd6f6c') in 0.005781125 seconds
Number of updated asset objects reloaded before import = 0Number of asset objects unloaded after import = 1

========================================================================
Received Import Request.
  Time since last request: 0.000032 seconds.
  path: Assets/Characters/2/textures/2/Bun/Bun/Hair_Transparency_0/Hair_Transparency_0_Hair ID Map.png
  artifactKey: Guid(b1ae19c4cdce3e34c80c34d263257692) Importer(2089858483,b0f066a214c2f5e87bad3c948f4d605d)
Start importing Assets/Characters/2/textures/2/Bun/Bun/Hair_Transparency_0/Hair_Transparency_0_Hair ID Map.png using Guid(b1ae19c4cdce3e34c80c34d263257692) Importer(2089858483,b0f066a214c2f5e87bad3c948f4d605d) (ScriptedImporter) -> (artifact id: '0dcd1c4a48a02e9d6ae3e756808cbaa1') in 0.004583792 seconds
Number of updated asset objects reloaded before import = 0Number of asset objects unloaded after import = 1

========================================================================
Received Import Request.
  Time since last request: 0.000024 seconds.
  path: Assets/Characters/2/textures/2/Basic_T_shirts/Basic_T_shirts/Basic_T_shirts/Basic_T_shirts_MetallicAlpha.png
  artifactKey: Guid(31a6313fe8f78aa49aa553be6439b095) Importer(2089858483,b0f066a214c2f5e87bad3c948f4d605d)
Start importing Assets/Characters/2/textures/2/Basic_T_shirts/Basic_T_shirts/Basic_T_shirts/Basic_T_shirts_MetallicAlpha.png using Guid(31a6313fe8f78aa49aa553be6439b095) Importer(2089858483,b0f066a214c2f5e87bad3c948f4d605d) (ScriptedImporter) -> (artifact id: '49df478e7ebe436f9da81d5b1cd2be64') in 0.006145 seconds
Number of updated asset objects reloaded before import = 0Number of asset objects unloaded after import = 1

========================================================================
Received Import Request.
  Time since last request: 0.000034 seconds.
  path: Assets/Characters/2/textures/2/Basic_T_shirts/Basic_T_shirts/Basic_T_shirts/Basic_T_shirts_HDRP.png
  artifactKey: Guid(69421bbd3a153c24293301900496c26a) Importer(2089858483,b0f066a214c2f5e87bad3c948f4d605d)
Start importing Assets/Characters/2/textures/2/Basic_T_shirts/Basic_T_shirts/Basic_T_shirts/Basic_T_shirts_HDRP.png using Guid(69421bbd3a153c24293301900496c26a) Importer(2089858483,b0f066a214c2f5e87bad3c948f4d605d) (ScriptedImporter) -> (artifact id: '6abd780bc994402297df7e49f35783b5') in 0.007026625 seconds
Number of updated asset objects reloaded before import = 0Number of asset objects unloaded after import = 1

========================================================================
Received Import Request.
  Time since last request: 0.000037 seconds.
  path: Assets/Characters/2/textures/2/Bun/Bun/Hair_Transparency_0/Hair_Transparency_0_ao.jpg
  artifactKey: Guid(771a70ae26e025f47a96010c813071ec) Importer(2089858483,b0f066a214c2f5e87bad3c948f4d605d)
Start importing Assets/Characters/2/textures/2/Bun/Bun/Hair_Transparency_0/Hair_Transparency_0_ao.jpg using Guid(771a70ae26e025f47a96010c813071ec) Importer(2089858483,b0f066a214c2f5e87bad3c948f4d605d) (ScriptedImporter) -> (artifact id: 'c517eff883af6e341334aabba27bddf2') in 0.005767709 seconds
Number of updated asset objects reloaded before import = 0Number of asset objects unloaded after import = 1

========================================================================
Received Import Request.
  Time since last request: 0.000040 seconds.
  path: Assets/Characters/2/textures/2/Bun/Bun/Hair_Transparency_0/Hair_Transparency_0_Hair Root Map.jpg
  artifactKey: Guid(bbc1c0b9ace370f49b7d986195cb0f3b) Importer(2089858483,b0f066a214c2f5e87bad3c948f4d605d)
Start importing Assets/Characters/2/textures/2/Bun/Bun/Hair_Transparency_0/Hair_Transparency_0_Hair Root Map.jpg using Guid(bbc1c0b9ace370f49b7d986195cb0f3b) Importer(2089858483,b0f066a214c2f5e87bad3c948f4d605d) (ScriptedImporter) -> (artifact id: 'f1d04c024016256e5d51b2f9bc5e6a17') in 0.004040417 seconds
Number of updated asset objects reloaded before import = 0Number of asset objects unloaded after import = 1

========================================================================
Received Import Request.
  Time since last request: 0.000037 seconds.
  path: Assets/Characters/2/textures/2/CC_Base_Eye/CC_Base_Eye/Std_Cornea_R/Std_Cornea_R_ScleraN.png
  artifactKey: Guid(c6a52a4e001424f4490d7d96fb569d8c) Importer(2089858483,b0f066a214c2f5e87bad3c948f4d605d)
Start importing Assets/Characters/2/textures/2/CC_Base_Eye/CC_Base_Eye/Std_Cornea_R/Std_Cornea_R_ScleraN.png using Guid(c6a52a4e001424f4490d7d96fb569d8c) Importer(2089858483,b0f066a214c2f5e87bad3c948f4d605d) (ScriptedImporter) -> (artifact id: 'a536404f9522b4224659743f15f020d2') in 0.007588375 seconds
Number of updated asset objects reloaded before import = 0Number of asset objects unloaded after import = 1

========================================================================
Received Import Request.
  Time since last request: 0.000036 seconds.
  path: Assets/Characters/2/textures/2/CC_Base_Eye/CC_Base_Eye/Std_Cornea_R/Std_Cornea_R_ao.jpg
  artifactKey: Guid(ee6a20e271b56d44a8846391260451b4) Importer(2089858483,b0f066a214c2f5e87bad3c948f4d605d)
Start importing Assets/Characters/2/textures/2/CC_Base_Eye/CC_Base_Eye/Std_Cornea_R/Std_Cornea_R_ao.jpg using Guid(ee6a20e271b56d44a8846391260451b4) Importer(2089858483,b0f066a214c2f5e87bad3c948f4d605d) (ScriptedImporter) -> (artifact id: '58ade740ffcdd3401239e57b9d8ef8a2') in 0.004616292 seconds
Number of updated asset objects reloaded before import = 0Number of asset objects unloaded after import = 1

========================================================================
Received Import Request.
  Time since last request: 0.000063 seconds.
  path: Assets/Characters/2/textures/2/CC_Base_Eye/CC_Base_Eye/Std_Cornea_R/Std_Cornea_R_IrisMask.png
  artifactKey: Guid(b44bc23d797993e41832a2afc35adb55) Importer(2089858483,b0f066a214c2f5e87bad3c948f4d605d)
Start importing Assets/Characters/2/textures/2/CC_Base_Eye/CC_Base_Eye/Std_Cornea_R/Std_Cornea_R_IrisMask.png using Guid(b44bc23d797993e41832a2afc35adb55) Importer(2089858483,b0f066a214c2f5e87bad3c948f4d605d) (ScriptedImporter) -> (artifact id: '1928e0d4f3dccf0d23bb8c16b948e646') in 0.005424 seconds
Number of updated asset objects reloaded before import = 0Number of asset objects unloaded after import = 1

========================================================================
Received Import Request.
  Time since last request: 0.000035 seconds.
  path: Assets/Characters/2/textures/2/CC_Base_TearLine/CC_Base_TearLine/Std_Tearline_L/Std_Tearline_L_MetallicAlpha.png
  artifactKey: Guid(26f297b0d18383f4eacd5214695cec9b) Importer(2089858483,b0f066a214c2f5e87bad3c948f4d605d)
Start importing Assets/Characters/2/textures/2/CC_Base_TearLine/CC_Base_TearLine/Std_Tearline_L/Std_Tearline_L_MetallicAlpha.png using Guid(26f297b0d18383f4eacd5214695cec9b) Importer(2089858483,b0f066a214c2f5e87bad3c948f4d605d) (ScriptedImporter) -> (artifact id: 'a693784d65c644ba93913ab9a271936f') in 0.004360292 seconds
Number of updated asset objects reloaded before import = 0Number of asset objects unloaded after import = 1

========================================================================
Received Import Request.
  Time since last request: 0.000093 seconds.
  path: Assets/Characters/2/textures/2/CC_Base_Eye/CC_Base_Eye/Std_Eye_L/Std_Eye_L_MetallicAlpha.png
  artifactKey: Guid(38f2741166722c846b44fb9bcaee2992) Importer(2089858483,b0f066a214c2f5e87bad3c948f4d605d)
Start importing Assets/Characters/2/textures/2/CC_Base_Eye/CC_Base_Eye/Std_Eye_L/Std_Eye_L_MetallicAlpha.png using Guid(38f2741166722c846b44fb9bcaee2992) Importer(2089858483,b0f066a214c2f5e87bad3c948f4d605d) (ScriptedImporter) -> (artifact id: 'a1e163cb74e7a4fcaaaac29c4e1ff2be') in 0.006717083 seconds
Number of updated asset objects reloaded before import = 0Number of asset objects unloaded after import = 1

========================================================================
Received Import Request.
  Time since last request: 0.000028 seconds.
  path: Assets/Characters/2/textures/2/CC_Base_Eye/CC_Base_Eye/Std_Cornea_R/Std_Cornea_R_MetallicAlpha.png
  artifactKey: Guid(96e85542282a7964eb40cddb03bd88db) Importer(2089858483,b0f066a214c2f5e87bad3c948f4d605d)
Start importing Assets/Characters/2/textures/2/CC_Base_Eye/CC_Base_Eye/Std_Cornea_R/Std_Cornea_R_MetallicAlpha.png using Guid(96e85542282a7964eb40cddb03bd88db) Importer(2089858483,b0f066a214c2f5e87bad3c948f4d605d) (ScriptedImporter) -> (artifact id: 'c34c377fec666259171c7875ee0c63c8') in 0.007010541 seconds
Number of updated asset objects reloaded before import = 0Number of asset objects unloaded after import = 1

========================================================================
Received Import Request.
  Time since last request: 0.000031 seconds.
  path: Assets/Characters/2/textures/2/CC_Base_EyeOcclusion/CC_Base_EyeOcclusion/Std_Eye_Occlusion_R/Std_Eye_Occlusion_R_MetallicAlpha.png
  artifactKey: Guid(fea9c55af7880d34693e3d0f0d180bef) Importer(2089858483,b0f066a214c2f5e87bad3c948f4d605d)
Start importing Assets/Characters/2/textures/2/CC_Base_EyeOcclusion/CC_Base_EyeOcclusion/Std_Eye_Occlusion_R/Std_Eye_Occlusion_R_MetallicAlpha.png using Guid(fea9c55af7880d34693e3d0f0d180bef) Importer(2089858483,b0f066a214c2f5e87bad3c948f4d605d) (ScriptedImporter) -> (artifact id: '2c79b31bf5f7d452cd4bf107dd06ab1b') in 0.004096042 seconds
Number of updated asset objects reloaded before import = 0Number of asset objects unloaded after import = 1

========================================================================
Received Import Request.
  Time since last request: 0.000036 seconds.
  path: Assets/Characters/2/textures/2/Hair_Base/Hair_Base/Hair_Transparency/Hair_Transparency_Hair ID Map.png
  artifactKey: Guid(39b419a0224a23e44b2542f2eb35dd80) Importer(2089858483,b0f066a214c2f5e87bad3c948f4d605d)
Start importing Assets/Characters/2/textures/2/Hair_Base/Hair_Base/Hair_Transparency/Hair_Transparency_Hair ID Map.png using Guid(39b419a0224a23e44b2542f2eb35dd80) Importer(2089858483,b0f066a214c2f5e87bad3c948f4d605d) (ScriptedImporter) -> (artifact id: '8b236bfcb934c7824189c038b0eea142') in 0.004639292 seconds
Number of updated asset objects reloaded before import = 0Number of asset objects unloaded after import = 1

========================================================================
Received Import Request.
  Time since last request: 0.000028 seconds.
  path: Assets/Characters/2/textures/2/Canvas_shoes/Canvas_shoes/Canvas_shoes/Canvas_shoes_ao.jpg
  artifactKey: Guid(e5e7b52bab69d2f4f80990f0d1abe2ec) Importer(2089858483,b0f066a214c2f5e87bad3c948f4d605d)
Start importing Assets/Characters/2/textures/2/Canvas_shoes/Canvas_shoes/Canvas_shoes/Canvas_shoes_ao.jpg using Guid(e5e7b52bab69d2f4f80990f0d1abe2ec) Importer(2089858483,b0f066a214c2f5e87bad3c948f4d605d) (ScriptedImporter) -> (artifact id: '5beeb4400115ce7db7008e029eb189c1') in 0.004670792 seconds
Number of updated asset objects reloaded before import = 0Number of asset objects unloaded after import = 1

========================================================================
Received Import Request.
  Time since last request: 0.000135 seconds.
  path: Assets/Characters/2/textures/2/Hair_Base/Hair_Base/Hair_Transparency/Hair_Transparency_Hair Flow Map.png
  artifactKey: Guid(b2fad5491dbe4bf4f8378832da3b0c1f) Importer(2089858483,b0f066a214c2f5e87bad3c948f4d605d)
Start importing Assets/Characters/2/textures/2/Hair_Base/Hair_Base/Hair_Transparency/Hair_Transparency_Hair Flow Map.png using Guid(b2fad5491dbe4bf4f8378832da3b0c1f) Importer(2089858483,b0f066a214c2f5e87bad3c948f4d605d) (ScriptedImporter) -> (artifact id: 'b01cacc26921bbf439ce4e75913a3ec8') in 0.00462075 seconds
Number of updated asset objects reloaded before import = 0Number of asset objects unloaded after import = 1

========================================================================
Received Import Request.
  Time since last request: 0.000066 seconds.
  path: Assets/Characters/2/textures/2/CC_Base_Teeth/CC_Base_Teeth/Std_Upper_Teeth/Std_Upper_Teeth_GumsMask.jpg
  artifactKey: Guid(f03c046f7164c1a469afd0fcf9a62fa2) Importer(2089858483,b0f066a214c2f5e87bad3c948f4d605d)
Start importing Assets/Characters/2/textures/2/CC_Base_Teeth/CC_Base_Teeth/Std_Upper_Teeth/Std_Upper_Teeth_GumsMask.jpg using Guid(f03c046f7164c1a469afd0fcf9a62fa2) Importer(2089858483,b0f066a214c2f5e87bad3c948f4d605d) (ScriptedImporter) -> (artifact id: '64c11f51796c2fb55050a4a7d8449b26') in 0.003685542 seconds
Number of updated asset objects reloaded before import = 0Number of asset objects unloaded after import = 1

========================================================================
Received Import Request.
  Time since last request: 0.000033 seconds.
  path: Assets/Characters/2/textures/2/Canvas_shoes/Canvas_shoes/Canvas_shoes/Canvas_shoes_MetallicAlpha.png
  artifactKey: Guid(f7fe732bbd53b614a82fe82de7487b88) Importer(2089858483,b0f066a214c2f5e87bad3c948f4d605d)
Start importing Assets/Characters/2/textures/2/Canvas_shoes/Canvas_shoes/Canvas_shoes/Canvas_shoes_MetallicAlpha.png using Guid(f7fe732bbd53b614a82fe82de7487b88) Importer(2089858483,b0f066a214c2f5e87bad3c948f4d605d) (ScriptedImporter) -> (artifact id: '31c3d77ef357db7093509044b601b6df') in 0.005083791 seconds
Number of updated asset objects reloaded before import = 0Number of asset objects unloaded after import = 1

========================================================================
Received Import Request.
  Time since last request: 0.000040 seconds.
  path: Assets/Characters/2/textures/2/CC_Base_Teeth/CC_Base_Teeth/Std_Lower_Teeth/Std_Lower_Teeth_MetallicAlpha.png
  artifactKey: Guid(adb1a43198cc9304e97ed8ee1379b4ab) Importer(2089858483,b0f066a214c2f5e87bad3c948f4d605d)
Start importing Assets/Characters/2/textures/2/CC_Base_Teeth/CC_Base_Teeth/Std_Lower_Teeth/Std_Lower_Teeth_MetallicAlpha.png using Guid(adb1a43198cc9304e97ed8ee1379b4ab) Importer(2089858483,b0f066a214c2f5e87bad3c948f4d605d) (ScriptedImporter) -> (artifact id: '966e7ed05bc77a28a09e65b540e9b623') in 0.004636333 seconds
Number of updated asset objects reloaded before import = 0Number of asset objects unloaded after import = 1

========================================================================
Received Import Request.
  Time since last request: 0.000062 seconds.
  path: Assets/Characters/2/textures/2/2/CC_Base_Body/Std_Skin_Body/Std_Skin_Body_ResourceMap_WSNormal.png
  artifactKey: Guid(2bb015a28e1a4ce449f7d3ee9d2c63e1) Importer(2089858483,b0f066a214c2f5e87bad3c948f4d605d)
Start importing Assets/Characters/2/textures/2/2/CC_Base_Body/Std_Skin_Body/Std_Skin_Body_ResourceMap_WSNormal.png using Guid(2bb015a28e1a4ce449f7d3ee9d2c63e1) Importer(2089858483,b0f066a214c2f5e87bad3c948f4d605d) (ScriptedImporter) -> (artifact id: '85c4be200c62193d00bd8570fa9d5255') in 0.003971042 seconds
Number of updated asset objects reloaded before import = 0Number of asset objects unloaded after import = 1

========================================================================
Received Import Request.
  Time since last request: 0.000059 seconds.
  path: Assets/Characters/2/textures/2/Real_Hair/Real_Hair/Hair_Transparency_1/Hair_Transparency_1_Hair Flow Map.png
  artifactKey: Guid(369d481478e160c44b9b9b2f48987f73) Importer(2089858483,b0f066a214c2f5e87bad3c948f4d605d)
Start importing Assets/Characters/2/textures/2/Real_Hair/Real_Hair/Hair_Transparency_1/Hair_Transparency_1_Hair Flow Map.png using Guid(369d481478e160c44b9b9b2f48987f73) Importer(2089858483,b0f066a214c2f5e87bad3c948f4d605d) (ScriptedImporter) -> (artifact id: '6e52af5cba66b1010c2d19926a55b9ff') in 0.004903125 seconds
Number of updated asset objects reloaded before import = 0Number of asset objects unloaded after import = 1

========================================================================
Received Import Request.
  Time since last request: 0.000031 seconds.
  path: Assets/Characters/2/textures/2/Real_Hair/Real_Hair/Hair_Transparency_1/Hair_Transparency_1_ao.jpg
  artifactKey: Guid(2609ddbade6fd0a4baaac87b901fcd1b) Importer(2089858483,b0f066a214c2f5e87bad3c948f4d605d)
Start importing Assets/Characters/2/textures/2/Real_Hair/Real_Hair/Hair_Transparency_1/Hair_Transparency_1_ao.jpg using Guid(2609ddbade6fd0a4baaac87b901fcd1b) Importer(2089858483,b0f066a214c2f5e87bad3c948f4d605d) (ScriptedImporter) -> (artifact id: '6b763d51feeedb1f2b6b22d10c2c93c6') in 0.007865541 seconds
Number of updated asset objects reloaded before import = 0Number of asset objects unloaded after import = 1

========================================================================
Received Import Request.
  Time since last request: 0.000035 seconds.
  path: Assets/Characters/2/textures/2/Real_Hair/Real_Hair/Hair_Transparency_1/Hair_Transparency_1_MetallicAlpha.png
  artifactKey: Guid(654db881aa616fd4e9017f092d0e6a42) Importer(2089858483,b0f066a214c2f5e87bad3c948f4d605d)
Start importing Assets/Characters/2/textures/2/Real_Hair/Real_Hair/Hair_Transparency_1/Hair_Transparency_1_MetallicAlpha.png using Guid(654db881aa616fd4e9017f092d0e6a42) Importer(2089858483,b0f066a214c2f5e87bad3c948f4d605d) (ScriptedImporter) -> (artifact id: 'a60fe4ae2a14047314089706e1b8ba21') in 0.003835958 seconds
Number of updated asset objects reloaded before import = 0Number of asset objects unloaded after import = 1

========================================================================
Received Import Request.
  Time since last request: 0.000046 seconds.
  path: Assets/Characters/2/textures/2/Real_Hair/Real_Hair/Hair_Transparency_1/Hair_Transparency_1_HDRP.png
  artifactKey: Guid(3fe3c792478cd0d489843d5344f8cb98) Importer(2089858483,b0f066a214c2f5e87bad3c948f4d605d)
Start importing Assets/Characters/2/textures/2/Real_Hair/Real_Hair/Hair_Transparency_1/Hair_Transparency_1_HDRP.png using Guid(3fe3c792478cd0d489843d5344f8cb98) Importer(2089858483,b0f066a214c2f5e87bad3c948f4d605d) (ScriptedImporter) -> (artifact id: '338ed34c225a9c5174f3ff59fdf702a7') in 0.006172417 seconds
Number of updated asset objects reloaded before import = 0Number of asset objects unloaded after import = 1

========================================================================
Received Import Request.
  Time since last request: 0.000034 seconds.
  path: Assets/Characters/2/textures/2/Hair_Base/Hair_Base/Scalp_Transparency/Scalp_Transparency_MetallicAlpha.png
  artifactKey: Guid(75985b6bde68157458fff2f2e51de30a) Importer(2089858483,b0f066a214c2f5e87bad3c948f4d605d)
Start importing Assets/Characters/2/textures/2/Hair_Base/Hair_Base/Scalp_Transparency/Scalp_Transparency_MetallicAlpha.png using Guid(75985b6bde68157458fff2f2e51de30a) Importer(2089858483,b0f066a214c2f5e87bad3c948f4d605d) (ScriptedImporter) -> (artifact id: 'b4e806b44b3b796d0774f7baa9e2b239') in 0.003904 seconds
Number of updated asset objects reloaded before import = 0Number of asset objects unloaded after import = 1

========================================================================
Received Import Request.
  Time since last request: 0.000028 seconds.
  path: Assets/Characters/2/textures/2/Real_Hair/Real_Hair/Hair_Transparency_1/Hair_Transparency_1_Hair Root Map.jpg
  artifactKey: Guid(98a21ddcf3305b44ca6e4452d63345bd) Importer(2089858483,b0f066a214c2f5e87bad3c948f4d605d)
Start importing Assets/Characters/2/textures/2/Real_Hair/Real_Hair/Hair_Transparency_1/Hair_Transparency_1_Hair Root Map.jpg using Guid(98a21ddcf3305b44ca6e4452d63345bd) Importer(2089858483,b0f066a214c2f5e87bad3c948f4d605d) (ScriptedImporter) -> (artifact id: 'a9c93e54a8ada8636de647e2aa0a667f') in 0.006869042 seconds
Number of updated asset objects reloaded before import = 0Number of asset objects unloaded after import = 1

========================================================================
Received Import Request.
  Time since last request: 0.000036 seconds.
  path: Assets/Characters/2/textures/2/Real_Hair/Real_Hair/Hair_Transparency_1/Hair_Transparency_1_WeightMap.png
  artifactKey: Guid(a067b246a5c669248b70f0b108ab5c89) Importer(2089858483,b0f066a214c2f5e87bad3c948f4d605d)
Start importing Assets/Characters/2/textures/2/Real_Hair/Real_Hair/Hair_Transparency_1/Hair_Transparency_1_WeightMap.png using Guid(a067b246a5c669248b70f0b108ab5c89) Importer(2089858483,b0f066a214c2f5e87bad3c948f4d605d) (ScriptedImporter) -> (artifact id: 'f910b88a7de15ab439a748555be9d0c0') in 0.0039645 seconds
Number of updated asset objects reloaded before import = 0Number of asset objects unloaded after import = 1

========================================================================
Received Import Request.
  Time since last request: 0.000073 seconds.
  path: Assets/Characters/2/textures/2/Rocker_Jeans/Rocker_Jeans/Rocker_Jeans/Rocker_Jeans_ao.jpg
  artifactKey: Guid(b513f4c4f529e7f4c9401bc2da11d634) Importer(2089858483,b0f066a214c2f5e87bad3c948f4d605d)
Start importing Assets/Characters/2/textures/2/Rocker_Jeans/Rocker_Jeans/Rocker_Jeans/Rocker_Jeans_ao.jpg using Guid(b513f4c4f529e7f4c9401bc2da11d634) Importer(2089858483,b0f066a214c2f5e87bad3c948f4d605d) (ScriptedImporter) -> (artifact id: 'c4702660448d1603e79dcf97f24781b2') in 0.00536025 seconds
Number of updated asset objects reloaded before import = 0Number of asset objects unloaded after import = 1

========================================================================
Received Import Request.
  Time since last request: 0.000038 seconds.
  path: Assets/Characters/2/textures/2/Rocker_Jeans/Rocker_Jeans/Rocker_Jeans/Rocker_Jeans_MetallicAlpha.png
  artifactKey: Guid(e2f62913664599443b8c1f48adb412ef) Importer(2089858483,b0f066a214c2f5e87bad3c948f4d605d)
Start importing Assets/Characters/2/textures/2/Rocker_Jeans/Rocker_Jeans/Rocker_Jeans/Rocker_Jeans_MetallicAlpha.png using Guid(e2f62913664599443b8c1f48adb412ef) Importer(2089858483,b0f066a214c2f5e87bad3c948f4d605d) (ScriptedImporter) -> (artifact id: 'b5de2ce5eaaece3d1637bad0e895af83') in 0.008669416 seconds
Number of updated asset objects reloaded before import = 0Number of asset objects unloaded after import = 1

========================================================================
Received Import Request.
  Time since last request: 0.000068 seconds.
  path: Assets/Characters/2/textures/2/CC_Base_Eye/CC_Base_Eye/Std_Cornea_L/Std_Cornea_L_MetallicAlpha.png
  artifactKey: Guid(f49570b327c7a5d4a8897e3f0317e84f) Importer(2089858483,b0f066a214c2f5e87bad3c948f4d605d)
Start importing Assets/Characters/2/textures/2/CC_Base_Eye/CC_Base_Eye/Std_Cornea_L/Std_Cornea_L_MetallicAlpha.png using Guid(f49570b327c7a5d4a8897e3f0317e84f) Importer(2089858483,b0f066a214c2f5e87bad3c948f4d605d) (ScriptedImporter) -> (artifact id: '65a637102335f240125c04efdd00b564') in 0.003735541 seconds
Number of updated asset objects reloaded before import = 0Number of asset objects unloaded after import = 1

========================================================================
Received Import Request.
  Time since last request: 0.000100 seconds.
  path: Assets/Characters/2/textures/2/CC_Base_Teeth/CC_Base_Teeth/Std_Lower_Teeth/Std_Lower_Teeth_HDRP.png
  artifactKey: Guid(8fc324091121fba4cbe33e3dbcd9e027) Importer(2089858483,b0f066a214c2f5e87bad3c948f4d605d)
Start importing Assets/Characters/2/textures/2/CC_Base_Teeth/CC_Base_Teeth/Std_Lower_Teeth/Std_Lower_Teeth_HDRP.png using Guid(8fc324091121fba4cbe33e3dbcd9e027) Importer(2089858483,b0f066a214c2f5e87bad3c948f4d605d) (ScriptedImporter) -> (artifact id: '759e4ac9bf33bea8aa07dcbef5687c69') in 0.004000708 seconds
Number of updated asset objects reloaded before import = 0Number of asset objects unloaded after import = 1

========================================================================
Received Prepare
Begin MonoManager ReloadAssembly
[Licensing::Client] Successfully resolved entitlement details
[Licensing::Module] License group:
  Id: F4-F2M6-BR3P-YSAH-R4AD-XXXX
  Product: Unity Personal
  Type: ULF
  Expiration: Unlimited
[Licensing::Module] License group:
  Id: 2474338172105-UnityPersXXXX
  Product: Unity Personal
  Type: Assigned
  Expiration: Unlimited
Compressing using quality level 204
Thread 0x17a4a3000 may have been prematurely finalized
Symbol file LoadedFromMemory is not a mono symbol file
- Loaded All Assemblies, in  0.372 seconds
Refreshing native plugins compatible for Editor in 0.43 ms, found 4 plugins.
Native extension for OSXStandalone target not found
[Package Manager] Failed to launch server process. Reason: Unity was launched with the -noUpm command-line argument
[Package Manager] Unable to send message (not connected to server process).
[Package Manager] Cannot connect to Unity Package Manager local server
ScheduleIndexationOnStartup MainProcess:False IndexOnStartup:True
Mono: successfully reloaded assembly
- Finished resetting the current domain, in  0.397 seconds
Domain Reload Profiling: 771ms
	BeginReloadAssembly (106ms)
		ExecutionOrderSort (0ms)
		DisableScriptedObjects (3ms)
		BackupInstance (0ms)
		ReleaseScriptingObjects (0ms)
		CreateAndSetChildDomain (38ms)
	RebuildCommonClasses (20ms)
	RebuildNativeTypeToScriptingClass (7ms)
	initialDomainReloadingComplete (12ms)
	LoadAllAssembliesAndSetupDomain (228ms)
		LoadAssemblies (152ms)
		RebuildTransferFunctionScriptingTraits (0ms)
		AnalyzeDomain (105ms)
			TypeCache.Refresh (6ms)
				TypeCache.ScanAssembly (0ms)
			BuildScriptInfoCaches (92ms)
			ResolveRequiredComponents (5ms)
	FinalizeReload (397ms)
		ReleaseScriptCaches (0ms)
		RebuildScriptCaches (0ms)
		SetupLoadedEditorAssemblies (306ms)
			LogAssemblyErrors (0ms)
			InitializePlatformSupportModulesInManaged (1ms)
			SetLoadedEditorAssemblies (3ms)
			BeforeProcessingInitializeOnLoad (108ms)
			ProcessInitializeOnLoadAttributes (158ms)
			ProcessInitializeOnLoadMethodAttributes (35ms)
			AfterProcessingInitializeOnLoad (1ms)
			EditorAssembliesLoaded (0ms)
		ExecutionOrderSort2 (0ms)
		AwakeInstancesAfterBackupRestoration (10ms)
Refreshing native plugins compatible for Editor in 1.62 ms, found 4 plugins.
Preloading 0 native plugins for Editor in 0.00 ms.
Unloading 6 Unused Serialized files (Serialized files now loaded: 0)
Unloading 6987 unused Assets / (3.8 MB). Loaded Objects now: 8071.
Memory consumption went from 274.2 MB to 270.4 MB.
Total: 7.637542 ms (FindLiveObjects: 0.577125 ms CreateObjectMapping: 0.180041 ms MarkObjects: 4.790625 ms  DeleteObjects: 2.089417 ms)

Prepare: number of updated asset objects reloaded= 0
